Brand_Code;Descript;New_Code
10TH_KNGDM;10Â  ÓÓÎÂ‚ÒÚ‚Ó;B00001
1TOY;1toy;B00002
4D PAZZLES;4D PAZZLE;B00003
5TH SEASON;5th Season;B00004
A.V. JEWELRY OF NY;A.V. JEWELRY OF NY;B00005
A_SOLAR;A_Solar;B00006
ABERLOUR;Aberlour;B00007
ABSOLUT;Absolut;B00008
ADIDAS;ADIDAS;B00009
AFISHA;Afisha;B00010
AFTER_8;After Eight;B00011
AIR HOGS;Air Hogs;B00012
AKG;AKG;B00013
ALCOM ACTIVE;Alcom Active;B00014
ALEXANDRE.J;«‡‰‚ÓÂÌÌ˚È ·ÂÌ‰;
ALVIERO MARTINI;Alviero Martini;B00015
AMARULA;Amarula;B00016
AMBER;Amber;B00017
AMBREA;Ambrea;B00018
AMICELLI;Amicelli;B00019
AMINOFF;Aminoff;B00020
AMKA;Amka;B00021
AMOUAGE;Amouage;B00022
ANGUILLA;Anguilla Rums Ltd;B00023
ANNE KLEIN;Anne Klein;B00024
ANNICK GOUTAL;Annick Goutal;B00025
ANTICA SAMBUCA;Antica Sambuca;B00026
APEROL;Aperol;B00027
AQUA;Aqua;B00028
ARAMIS;ARAMIS;B00029
ARARAT;Ararat;B00030
ARDBERG;Ardberg;B00031
ARMANI;Armani;B00032
ARMANI_EMP;ARMANI_EMPORIO;B00033
ARMANI_GIO;ARMANI_GIORGIO;B00034
ART LAIN;Art Lain;B00035
ART_FUENTE;Arture Fuente;B00036
ARTSHAVING;ARTSHAVING;B00037
AS;AS;B00038
ASTI_MART;Asti Martini;B00039
AURORA;Aurora;B00040
AVO;AVO;B00041
AZZARO;AZZARO;B00042
B_KLUCH;Belyi Kluch;B00043
B00064;Bebelino;B00064
B00626;RODIAL;B00626
B00678;Sima-land;B00678
B00740;TRANSVITAL;B00740
B00821;ABBYY;B00821
B00822;ABLE STAR;B00822
B00823;ACTIVE CRYSTALS;B00823
B00824;ADVOCAAT;B00824
B00825;AEON;B00825
B00826;AGATA;B00826
B00827;AGATHA;B00827
B00828;ALEXANDER GRAPPOLO;B00828
B00829;ALEXANDER MCQUEEN;B00829
B00830;AMBASSADORS CHOICE;B00830
B00831;AMPHORA;B00831
B00832;ANGOVE'S LONG ROW;B00832
B00833;ANNA CLUB PLUSH;B00833
B00834;ANTHON BERG;B00834
B00835;ANTICA MURRINA;B00835
B00836;ANTWERP DESIGN;B00836
B00837;ARDBEG;B00837
B00838;ARTISAN;B00838
B00839;ARTURO FUENTE;B00839
B00840;AULDEY;B00840
B00841;AUSINI;B00841
B00842;AUTOTIME;B00842
B00843;AVALANCHE;B00843
B00844;AVIATOR;B00844
B00845;BAILEYS TRUFFLES;B00845
B00846;BAILLAURY;B00846
B00847;BALDESSARINI;B00847
B00848;BALLANTINES;B00848
B00849;BANG&OLUFSEN;B00849
B00850;BAUME&MERCIER;B00850
B00851;BEAMISH;B00851
B00852;BEEFEATER;B00852
B00853;BELLA SARA;B00853
B00854;BEN 10;B00854
B00855;BENSON&HEDGES;B00855
B00856;BEVERLY HILLS;B00856
B00857;BISQUIT;B00857
B00858;BOBBI BROWN;B00858
B00859;BOIS DU RICHE;B00859
B00860;BOLGHERI;B00860
B00861;BOLIVAR;B00861
B00862;BOLLINGER;B00862
B00863;BOMBARDIER;B00863
B00864;BOMBAY SAPPHIRE;B00864
B00865;BOSS SKIN;B00865
B00866;BOUCHERON;B00866
B00867;BOWMAN;B00867
B00868;BRAUN;B00868
B00869;BREO;B00869
B00870;BRIO;B00870
B00871;BRUGAL;B00871
B00872;BUDWEISER;B00872
B00873;BUZZBEE;B00873
B00874;CACHAREL;B00874
B00875;CACHET NOIR;B00875
B00876;CACIQUE MOJITO;B00876
B00877;CAFFREY'S;B00877
B00878;CALVET;B00878
B00879;CAMEL;B00879
B00880;CAMPO VIEJO;B00880
B00881;CANON;B00881
B00882;CAROLE PLUS;B00882
B00883;CARRERA RC;B00883
B00884;CARRERA Y CARRERA;B00884
B00885;CARRUADES DE LAFITE;B00885
B00886;CASA DE LA VINA;B00886
B00887;CASIO;B00887
B00888;CASTILIO DE JAVIER;B00888
B00889;CASTILLO DE OLITE;B00889
B00890;CELLCOSMET;B00890
B00891;CELLCOSMET&CELLMEN;B00891
B00892;CELLMEN;B00892
B00893;CENTAUR;B00893
B00894;CEPIA;B00894
B00895;CERRUTI;B00895
B00896;CHABLIS;B00896
B00897;CHABLIS VIEILLES VIGNES;B00897
B00898;CHANEL;B00898
B00899;CHAPELLE DE LA TRINITE;B00899
B00900;CHATEAU BELLEVUE DE GALVESSE;B00900
B00901;CHATEAU BOIS JOLY;B00901
B00902;CHATEAU BOIS PERTUIS;B00902
B00903;CHATEAU CAP L`OUSTEAU;B00903
B00904;CHATEAU CAPET GUILLIER;B00904
B00905;CHATEAU CHEVAL BLANC;B00905
B00906;CHATEAU CLAIR MOULIN;B00906
B00907;CHATEAU DE MARGAUX;B00907
B00908;CHATEAU DES BELLES GRAVES;B00908
B00909;CHATEAU DU BOIS CHANTANT;B00909
B00910;CHATEAU HAUT VINOGLE SEGUIN;B00910
B00911;CHATEAU HAUT-MADRAC;B00911
B00912;CHATEAU HAUT-MOULEYRE;B00912
B00913;CHATEAU LAGRANGE;B00913
B00914;CHATEAU LAMOTHE GUIGNARD;B00914
B00915;CHATEAU LATOUR-MARTILLAC;B00915
B00916;CHATEAU LE BARRAIL;B00916
B00917;CHATEAU LESTAGE SIMON;B00917
B00918;CHATEAU LYNCH-MOUSSAS;B00918
B00919;CHATEAU MAGENCE;B00919
B00920;CHATEAU MARGAUX;B00920
B00921;CHATEAU MOULIN DE SAINT VINCEN;B00921
B00922;CHATEAU MOUTON ROTHSCHILD;B00922
B00923;CHATEAU PALMER;B00923
B00924;CHATEAU PAVIE;B00924
B00925;CHATEAU PONTET NIVELLE;B00925
B00926;CHATEAU PONTET-CHAPPAZ;B00926
B00927;CHATEAU RELAIS DU CHEVAL BLANC;B00927
B00928;CHATEAU RIEUSSEC;B00928
B00929;CHATEAU SEGONNES;B00929
B00930;CHATEAU TOUR DE PERRIGAL;B00930
B00931;CHATEAU TOUR DU ROC;B00931
B00932;CHATEAU TROTTE VIEILLE;B00932
B00933;CHERICOLE;B00933
B00934;CHEVALIERS DE L`ORDRE;B00934
B00935;CHRISTIAN DIOR;B00935
B00936;CHRISTIAN LACROIX;B00936
B00937;CHURCHILL'S;B00937
B00938;CIRCUS FASHION;B00938
B00939;CIROC;B00939
B00940;CLAUSTHALER;B00940
B00941;CLEMENTONI;B00941
B00942;CLOS VOUGEOT;B00942
B00943;COCOROSE;B00943
B00944;COG;B00944
B00945;COTE D'OR;B00945
B00946;COUVENT DE L'EGLISE;B00946
B00947;CREMANT DE LOIRE;B00947
B00948;CROIX DE PEZ;B00948
B00949;CUABA;B00949
B00950;CUESTA-REY;B00950
B00951;DALMATIN;B00951
B00952;DARJEELING;B00952
B00953;DAVIDOFF CIGARILLOS;B00953
B00954;DEFA;B00954
B00955;DELAMAIN;B00955
B00956;DENN;B00956
B00957;DESIGNER SHAIK;B00957
B00958;DICKIE TOYS;B00958
B00959;DIE-CAST METAL&PLASTIC;B00959
B00960;DJECO;B00960
B00961;DOMAIN DE BARON` ARQUES;B00961
B00962;DONNA KARAN;B00962
B00963;DOOWELL;B00963
B00964;D'OURBENAC;B00964
B00965;DU BARRAILH;B00965
B00966;DUBEY&SCHALDENBRAND;B00966
B00967;DUBLISS;B00967
B00968;E.PUCCI;B00968
B00969;EASTPAK;B00969
B00970;ECTACO;B00970
B00971;EDOX;B00971
B00972;EFFECT;B00972
B00973;EGERMAISTER;B00973
B00974;EL REY DEL MUNDO;B00974
B00975;EMILIO PUCCI;B00975
B00976;EMPORIO ARMANI;B00976
B00977;EMTEC;B00977
B00978;ENERGIZER;B00978
B00979;ERDINGER;B00979
B00980;ERMENEGILDO ZEGNA;B00980
B00981;ERRE;B00981
B00982;ESSE;B00982
B00983;FABER CASTELL;B00983
B00984;FANCY;B00984
B00985;FERRE MILANO;B00985
B00986;FERVOR;B00986
B00987;FILODORO;B00987
B00988;FOLLI FOLLIE;B00988
B00989;FONSECA;B00989
B00990;FOSSIL;B00990
B00991;FRANCESCO SMALTO;B00991
B00992;FRANSAC;B00992
B00993;FREY WILLE;B00993
B00994;GAMZE;B00994
B00995;GAULOISES;B00995
B00996;GEVREY;B00996
B00997;GF FERRE;B00997
B00998;GILLETTE;B00998
B00999;GIORGIO ARMANI;B00999
B01000;GITANES;B01000
B01001;GLEN GARIOCH;B01001
B01002;GOEBEL;B01002
B01003;GOKANKOBO;B01003
B01004;GOLD SILK;B01004
B01005;GOURJI;B01005
B01006;GRIFF;B01006
B01007;GROLSCH;B01007
B01008;GROLSH;B01008
B01009;GU YUE LONG SHAN;B01009
B01010;GUMMY CANDY;B01010
B01011;GUY LAROCHE;B01011
B01012;HAPPY WELL;B01012
B01013;HARP;B01013
B01014;HARVEYS BRISTOL;B01014
B01015;HAUT GOUJON;B01015
B01016;HAUT GRAVET;B01016
B01017;HAUT-BAILLY;B01017
B01018;HAUTS DE SAINT-ESTEPHE;B01018
B01019;HEINZ;B01019
B01020;HELENA RUBINSTEIN;B01020
B01021;HENDRICK'S;B01021
B01022;HERRADURA;B01022
B01023;HINE;B01023
B01024;HOYO DE MONTERREY;B01024
B01025;HUBBA BUBBA;B01025
B01026;ICE WATCH;B01026
B01027;INVERNI;B01027
B01028;IRISH BUTLERS CHOCOLATES;B01028
B01029;IRISH CREATIVE;B01029
B01030;IRISH DRESDEN;B01030
B01031;ISE WATCH;B01031
B01032;J.F.FERRE;B01032
B01033;J.P.CHENET;B01033
B01034;J7;B01034
B01035;JACQUES FAREL;B01035
B01037;JAKKS;B01037
B01038;JANDER;B01038
B01039;JANEKE;B01039
B01040;JEAN PAUL GAULTIER;B01040
B01041;JESSIE;B01041
B01042;JOHN PLAYER SPECIAL;B01042
B01043;JOHN RICHMOND;B01043
B01044;JOHNNIE WALKER;B01044
B01045;JOHNNIE WALKER;B01045
B01046;JOICE FURS;B01046
B01047;JUDITH LEIBER;B01047
B01048;JUNFA;B01048
B01049;JUST CAVALLI;B01049
B01050;JVC;B01050
B01051;KEITH HARING;B01051
B01052;KENSINGTON;B01052
B01053;KIDZ TECH;B01053
B01054;KIEHL'S;B01054
B01055;KILLER LOOP;B01055
B01056;KINDER BUENO;B01056
B01057;KINDER CHOCOLATE;B01057
B01058;KINDER SCHOKO-BONS;B01058
B01059;KINDER SURPRISE;B01059
B01060;KING EDVARD;B01060
B01061;KING ROBERT;B01061
B01062;KINGSTON;B01062
B01063;KOLBER;B01063
B01064;KREMLIN AWARD;B01064
B01065;KWEICHOW MOUTAI;B01065
B01066;L&B;B01066
B01067;L&M;B01067
B01068;LA - TWEEZ;B01068
B01069;LA CROIX DE CHENE;B01069
B01070;LA FLEUR DU BARRIL;B01070
B01071;LA GRAVELLE;B01071
B01072;LA LAGUNE;B01072
B01073;LA MER;B01073
B01074;LA ROSE BEL AIR;B01074
B01075;LA TWEEZ;B01075
B01076;LAFITE ROTHSCHILD;B01076
B01077;LAFLEUR DE LYNCH;B01077
B01078;LANSON;B01078
B01079;LAS CAMPANAS;B01079
B01080;LAVA;B01080
B01081;LE MEDOC DE PORT ROYAL;B01081
B01082;LE PARVIS;B01082
B01083;LE PIGEONNIER;B01083
B01084;LEOVILLE POYFERRE;B01084
B01085;LEROCK;B01085
B01086;LES COPAINS;B01086
B01087;LES COPAINS BLUE;B01087
B01088;LES ENFANTS;B01088
B01089;LES ENFANTS TERRIBLES;B01089
B01090;LES JOLIES FILLES;B01090
B01091;LIFETRONS;B01091
B01092;LI'L WOODZEEZ;B01092
B01093;LIPTON;B01093
B01094;LLADRO;B01094
B01095;LOLITA LEMPICKA;B01095
B01096;LONG JOHN;B01096
B01097;LONGINES - 143;B01097
B01098;LUIS CABALLERO;B01098
B01099;LUIS MARTINES;B01099
B01100;LULU  GUINNESS;B01100
B01101;MACKINLAY'S;B01101
B01102;MAGCLIKS;B01102
B01103;MAGERIT;B01103
B01104;MAISON MARTIN MARGIELA;B01104
B01105;MAJORETTE;B01105
B01106;MAJORICA;B01106
B01107;MAKERS MARK;B01107
B01108;MAMBA;B01108
B01109;MANAKAS;B01109
B01110;MARC JACOBS;B01110
B01111;MARC ROZIER;B01111
B01112;MARCO FANTINI;B01112
B01113;MARGAUX;B01113
B01114;MARQUES DE IRUN;B01114
B01115;MARQUES DE LA TOURETTE;B01115
B01116;MARQUES DE VILLAMAGNA;B01116
B01117;MARQUESSE DE CAUSSADE;B01117
B01118;MARQUIS DU LUS;B01118
B01119;MARS;B01119
B01120;MARS, SNIKERS, BOUNTY, MILKY W;B01120
B01121;MASHEMS;B01121
B01122;MASTERFOODS;B01122
B01123;MAX MARA;B01123
B01124;MICHEL TORINO;B01124
B01125;MISAKI;B01125
B01126;MIXED MINIS;B01126
B01127;MOLINARI;B01127
B01128;MOMODESIGN;B01128
B01129;MONIN;B01129
B01130;MONKEY SHOULDER;B01130
B01131;MONSTER;B01131
B01132;MONTBLANC;B01132
B01133;MONTROUGE;B01133
B01134;MORGAN&OATES;B01134
B01135;MOUNT GAY;B01135
B01136;MOZART;B01136
B01137;MUMM;B01137
B01138;NAPKIN;B01138
B01139;NARCISO RODRIGUEZ;B01139
B01140;NEWCASTLE;B01140
B01141;NISSEI;B01141
B01142;NUITS-SAINT-GEORGES;B01142
B01143;NUTELLA;B01143
B01144;NUVO;B01144
B01145;O'HARA;B01145
B01146;OMEGA;B01146
B01147;OMSA;B01147
B01148;O'NEILL;B01148
B01149;ORI;B01149
B01150;ORO VITCHENZA;B01150
B01151;OXYGEN;B01151
B01152;PAGO;B01152
B01153;PAL ZILERI;B01153
B01154;PALOMA PICASSO;B01154
B01155;PANASONIC;B01155
B01156;PAPE CLEMENT;B01156
B01157;PASSOA;B01157
B01158;PAUILLAC BORIE;B01158
B01159;PAUL SMITH;B01159
B01160;PAUL&SHARK;B01160
B01161;PAVILLON;B01161
B01162;PAVILLON DU GLANA;B01162
B01163;PAVILLONS DE SAINT-ESTEPHE;B01163
B01164;PERE MAGLOIRE;B01164
B01165;PERRIER;B01165
B01166;PETMOL;B01166
B01167;PETRUS;B01167
B01168;PHILIP MORRIS;B01168
B01169;PHILIPPE MATIGNON;B01169
B01170;PIANEGONDA;B01170
B01171;PICHON COMTESSE;B01171
B01172;PIERRE BALMAIN;B01172
B01173;PIONEER;B01173
B01174;PLAISIR DE MERLE;B01174
B01175;PLAYMATES;B01175
B01176;POLAR;B01176
B01177;POLO RALF LAUREN;B01177
B01178;POMMARD;B01178
B01179;PONTET;B01179
B01180;PORTO;B01180
B01181;PORTOLANO;B01181
B01182;POUILLY-FUISSE;B01182
B01183;PRADA;B01183
B01184;PRINGLES;B01184
B01185;PRO ENGINE;B01185
B01186;PROTOS;B01186
B01187;PUNCH;B01187
B01188;PUSTEFIX;B01188
B01189;QUINTERO;B01189
B01190;RADO;B01190
B01191;RASTAR;B01191
B01192;RAUZAN-SEGLA;B01192
B01193;RAY-BAN;B01193
B01194;RAYMOND WEIL;B01194
B01195;RAYNAL;B01195
B01196;REALTOY;B01196
B01197;REMINGTON;B01197
B01198;RENAULT;B01198
B01199;REVELL;B01199
B01200;RINZO;B01200
B01201;ROAMER;B01201
B01202;ROB ROY;B01202
B01203;ROBERTA DI CAMERINO;B01203
B01204;ROBERTO CAVALLI;B01204
B01205;ROMEO Y JULIETA,MONTECRISTO,HO;B01205
B01206;RORY'S STORY CUBES;B01206
B01207;ROSE ART;B01207
B01208;ROTARY;B01208
B01209;ROYAL SALUTE;B01209
B01210;RUSSIAN AMBER;B01210
B01211;RUSSIAN DIAMOND;B01211
B01212;SAGA FURS;B01212
B01213;SAINT BERNARD;B01213
B01214;SALEM;B01214
B01215;SALITOS;B01215
B01216;SAMORENS;B01216
B01217;SAN CRISTOBAL DE LA HABANA;B01217
B01218;SANCHO PANZA;B01218
B01219;SANTA RITA;B01219
B01220;SANTIAGO DE CUBA;B01220
B01221;SCORPIO;B01221
B01222;SEAGRAM'S;B01222
B01223;SEIKO;B01223
B01224;SENORIO DE VAL;B01224
B01225;SENORIO DEL CONDESTABLE;B01225
B01226;SHINER TOYS;B01226
B01227;SHUI JING FANG;B01227
B01228;SIKU;B01228
B01229;SILK CUT;B01229
B01230;SIMBA;B01230
B01231;SIR EDWARD'S;B01231
B01232;SISI;B01232
B01233;SKROSS;B01233
B01234;SMART KID;B01234
B01235;SMOKEHEAD;B01235
B01236;SONIA RYKIEL;B01236
B01237;ST.-REMY;B01237
B01238;STAR TIME;B01238
B01239;STEAMCREAM;B01239
B01240;STORCK;B01240
B01241;STORK;B01241
B01242;STREAMLINE;B01242
B01243;SUNJADE;B01243
B01244;SVEDKA;B01244
B01245;SWATCH;B01245
B01246;SWISS TRAVEL PRODUCTS;B01246
B01247;TABASCO;B01247
B01248;TALIKA;B01248
B01249;TAMBER;B01249
B01250;TECH 4  KIDS;B01250
B01251;TECHNOMARINE;B01251
B01252;TERRANOBLE;B01252
B01253;TERRONIO;B01253
B01254;THE ART OF SHAVING;B01254
B01255;THE BEAUTIFUL MIND SERIES VOL;B01255
B01256;THE ONE;B01256
B01257;THE SINGLETON OF DUFFTOWN;B01257
B01258;THIERRY MUGLER;B01258
B01259;THOMSON;B01259
B01260;TIFFANY&CO;B01260
B01261;TIME DESIGN;B01261
B01262;TINTAMAR;B01262
B01263;TISSOT;B01263
B01264;TOLO TOYS;B01264
B01265;TOMMY HILFIGER;B01265
B01266;TONGDE;B01266
B01267;TORRE OF TUSCANY;B01267
B01268;TOSCOW;B01268
B01269;TOY STATE;B01269
B01270;TRANSCEND;B01270
B01271;TRAVALO;B01271
B01272;TREFL;B01272
B01273;TRINIDAD;B01273
B01274;TROIKA;B01274
B01275;TRUDI;B01275
B01276;TRUST;B01276
B01277;TUBORG;B01277
B01278;TULLAMORE;B01278
B01279;U.UPMANN;B01279
B01280;UNGAVA;B01280
B01281;UNISET;B01281
B01282;UNIT;B01282
B01283;V. WESTWOOD;B01283
B01284;VAN GILS;B01284
B01285;VAN SLOOTEN;B01285
B01286;VEGAS ROBAINA;B01286
B01287;VERA WANG;B01287
B01288;VEUVE CLICQUOT PONSARDIN;B01288
B01289;VICTORINOX SWISS ARMY;B01289
B01290;VIEUX;B01290
B01291;VILLA BOLGHERE;B01291
B01292;VINA HERMINIA;B01292
B01293;VINA VALORIA;B01293
B01294;VIRGINIA;B01294
B01295;VITAOXYV;B01295
B01296;VOLNAY CARALLES;B01296
B01297;WASQUE;B01297
B01298;WERTHER'S ORIGINAL;B01298
B01299;WILD PLANET;B01299
B01300;WINX CLUB;B01300
B01301;WRIGLEY'S;B01301
B01302;WWF PLUSH COLLECTION;B01302
B01303;XQ TOYS;B01303
B01304;ZACAPA;B01304
B01305;ZENITH;B01305
B01306;ZERO;B01306
B01307;ZIP STAR;B01307
B01308;ZIZZLE;B01308
B01309;¿ Ã;B01309
B01310;¿ —≈——”¿– ‘”–;B01310
B01311;¿—“Œ–»ﬂ;B01311
B01312;¡¿¡¿≈¬— »…;B01312
B01313;¡¿… ¿À;B01313
B01314;¡≈À€…  Àﬁ◊;B01314
B01315;¬≈ƒ¿;B01315
B01316;¬≈–ÕŒ—“‹  ¿◊≈—“¬”;B01316
B01317;√À¿¬—œ»–““–≈—“;B01317
B01318;ƒ¬Œ…Õ¿ﬂ ¡≈À¿ﬂ;B01318
B01319;ƒ¬Œ…Õ¿ﬂ «ŒÀŒ“¿ﬂ;B01319
B01320;ƒŒ¡–€…;B01320
B01321;∆»√”À»;B01321
B01322;«¿“≈…Õ» »;B01322
B01323;«≈À≈Õ¿ﬂ Ã¿– ¿;B01323
B01324;«»ÃÕﬂﬂ ƒŒ–Œ√¿;B01324
B01325;«ŒÀŒ“¿ﬂ Ã¿– ¿;B01325
B01326;«ŒÀŒ“¿ﬂ –Œ——»ﬂ;B01326
B01327;«ŒÀŒ“Œ… —¿ƒ;B01327
B01328;»√–¿≈Ã ¬Ã≈—“≈;B01328
B01329;»Ãœ≈–¿“Œ–— ¿ﬂ  ŒÀÀ≈ ÷»ﬂ;B01329
B01330; ¿”‘‘Ã¿Õ;B01330
B01331; »–Œ¬— ¿ﬂ Ã¿“–≈ÿ ¿;B01331
B01332; –¿—ÕŒ≈ «ŒÀŒ“Œ;B01332
B01333; –¿—Õ€… Œ “ﬂ¡–‹;B01333
B01334; –”∆ ¿ » ¡Œ◊ ¿;B01334
B01335; –”“€≈ ¡Œ¡€;B01335
B01336;À≈√≈Õƒ¿  –≈ÃÀﬂ;B01336
B01337;Ã¿——¿Õƒ–¿;B01337
B01338;Ã¿ÿ¿ » Ã≈ƒ¬≈ƒ‹;B01338
B01339;Ã≈ƒ¬≈ƒ‹;B01339
B01340;Ã≈ƒÕ€… ¬—¿ƒÕ» ;B01340
B01341;ÃŒÕ≈“Õ€… ƒ¬Œ–;B01341
B01342;ÃŒ— ¬¿;B01342
B01343;Ã—- ’ŒÀƒ»Õ√;B01343
B01344;Ã”À‹“» œ”À‹“»;B01344
B01345;Ã”À‹“»-œ”À‹“»;B01345
B01346;Õ¿ÿ ¿¬“Œœ–ŒÃ;B01346
B01347;Õ≈‘“‹;B01347
B01348;Œ«≈–— »… —”¬≈Õ»–;B01348
B01349;Œ—“-¿À Œ;B01349
B01350;œ¿¬ÀŒ¬ŒœŒ—¿ƒ— »… œÀ¿“Œ ;B01350
B01351;œ¿–Ã¿;B01351
B01352;œ¿–Ã¿À¿“;B01352
B01353;œ≈–¬¿ﬂ √»À‹ƒ»ﬂ;B01353
B01354;œŒ¡≈ƒ¿;B01354
B01355;œŒÀ»“ŒÕ;B01355
B01356;œŒ—ŒÀ‹— ¿ﬂ;B01356
B01357;–¿— ¿“;B01357
B01358;–»◊;B01358
B01359;–Œ“ ‘–ŒÕ“;B01359
B01360;–”—— ¿ﬂ » –¿;B01360
B01361;–”—— »… ¡–»ÀÀ»¿Õ“;B01361
B01362;–”—— »… —“¿Õƒ¿–“;B01362
B01363;–”—— »… —“¿Õƒ¿–“;B01363
B01364;—¿¬»ÕŒ¬;B01364
B01365;—≈¬≈–Œ-¬Œ—“Œ◊Õ¿ﬂ  ŒÃœ¿Õ»ﬂ —¬ ;B01365
B01366;—»¡»–— ¿ﬂ  Œ–ŒÕ¿;B01366
B01367;—Ã≈ÿ¿–» »;B01367
B01368;—Œﬁ«;B01368
B01369;—Œﬁ«Ã”À‹“‘»À‹Ã;B01369
B01370;—œ–¿…“;B01370
B01371;—“≈œ œ¿«À;B01371
B01372;“≈’ÕŒœ¿– ;B01372
B01373;“–¿œ≈«Õ» Œ‘‘;B01373
B01374;”Ã ¿;B01374
B01375;‘¿–‘Œ– ¬≈–¡»ÀŒ ;B01375
B01376;‘» —» »;B01376
B01377;’Œ’ÀŒÃ¿;B01377
B01378;÷¿–— Œ≈ —≈ÀŒ;B01378
B01379;÷≈À‹—»…;B01379
B01380;◊≈–ÕŒ≈ «ŒÀŒ“Œ;B01380
B01381;ÿ¬≈œ—;B01381
B01382;ÿ”—“Œ¬;B01382
B01383;;B01383
B01384;;B01384
B01397;;B01397
B01398;;B01398
B01399;;B01399
B01400;;B01400
B01401;;B01401
B01402;KidzTech;
B01403;;
B01404;ICE ICEBERG;
B01405;VERSACE COLLECTION;
B01406;INVERNI SRL;
B01407;¿·‡Û ƒ˛ÒÓ;
B01408;¬» “Œ– ƒ–¿¬»Õ‹»;
B01409;B01409;
B01410;THE ONE;
B01411;J.GALLIANO;
B01412;Bourjois;
B01413;DAVIDOFF COG;
B01414;Spinmaster (Spy Gear);
B01415;BAGGINI;
B01416;VASHERON;
B01417;CEDC;
B01418;ANGRY BIRDS;
B01419;UNO DE;
B01420;La Marquise;
B01421;PERRIER-JOUET;
B01422;Principe;
B01423;Kondi;
B01424;DIAMOD;
B01425;TOVARITCH;
B01426;AGENT PROVOCATEUR;
B01427;TOUS;
B01428;Lefortovo;
B01429;Francis Kurkdjian;
B01430;X-RAY PROFUMO;
B01431;MC VIRTUTI;
B01432;Runway Bag;
B01433;Morgan and Oates;
B01434;JACOB & CO;
B01435;Yaffo;
B01436;CDI;
B01437;TOP STYLE;
B01438;Jakks Fairies;
B01439;Semenovo;
B01440;MARKA;
B01441;LAMARTIS;
B01442;Carner Barcelona;
B01443;LEKSIKOV;
B01444;ﬂ–Œ—À¿¬Õ¿;
B01445;Bino Tiani;
B01446;STATUS GROUP;
B01447;California wine;
B01448;BOGATIRY;
B01449;Wolford;
B01450;¿Î¸‰ÁÂÌ‡;
B01451;THIMBLE;
B01452;DUC d`O;
B01453;UNITRON;
B01454;ARCOROS;
B01455;RICH;
B01456;Canadian;
B01457;Alexandre J;
B01458;ALYSON OLDOINI;
B01459;Voov;
B01460;LALALOOPSY;
B01461;Filly;
B01462;Flying Fairy;
B01463;SQUARE;
B01464;Savvi;
B01465;CLIVE CHRISTIAN;
B01466;Asgharali;
B01467;AJMAL;
B01468;ETERNAL BY AJMAL;
B01469;ASH- Ashford Handels GmbH;
B01470;Dracco;
B01471;Jacque Lemans;
B01472;Kenneth Cole;
B01473;AJ Arabia;
B01474;Valentino Orlandi;
B01475;Lamborghini;
B01476;ZAINI;
B01477;SLAVA ZAITSEV LUXURY;
B01478;PERRIS MONTE CARLO;
B01479;KEIKO MECHERI;
B01480;AVANZO;
B01481;SoOud;
B01482;Roads;
B01483;Agonist;
B01484;EIGHT  BOB;
B01485;GIULIETTA CAPULETI;
B01486;MIMMINA FLOWER;
B01487;BOTTEGA VENETA;
B01488;Oro Gold;
B01489;œŒ –Œ¬— »…;
B01490;EXCELLANCE MOSCOW;
B01491;12 parfumers;
BACARDI;Bacardi;B00044
BAILEYS;Baileys;B00045
BAKUGAN;Bakugan;B00046
BALENCIAGA;Balenciaga;B00047
BALL_F;Ballantines Finest;B00048
BALL_G;Ballantines Gold;B00049
BALL_M;Ballantines Malt;B00050
BALLY;Bally;B00051
BALVENIE;Balvenie;B00052
BANDAI;Bandai;B00053
BAR PRODUCT;Bar Product;B00054
BARAKA;Baraka;B00055
BARBARA;Barbara;B00056
BARET;Baret;B00057
BARON;Baron;B00058
BARTLY;Bartly;B00059
BASSETTS;Bassets;B00060
BBURAGO;Bburago;B00061
BEAU RIVAGE;Beau Rivage;B00062
BEAUTIFUL MIND;Beautiful Mind;B00063
BEBELINO;Bebelino;
BECCA;BECCA;B00065
BECHEROVKA;Becherovka;B00066
BEEFEATER;Beefeater;B00067
BELLEGARDER;Bellegarde;B00068
BELLS;Bells;B00069
BELUGA;Beluga;B00070
BELVEDERE;Belvedere;
BEN_HED;Ben Hedges;B00071
BENBAT;BenBat;B00072
BERNEROY;Berneroy;B00073
BEST TOYS;Best Toys;B00074
BIOTHERM;Biotherm;B00075
BLACK BARRELL;Black Barrell;B00076
BLAVOD;Blavod;B00077
BLISS;Bliss;B00078
BLUHMOD;BLUHMOD;B00079
BLUMARINE;Blumarine;B00080
BOADICEA;Boadicea;B00081
BODY SHOP;BODY SHOP;
BOLS;Bols;B00082
BOMB_SAPH;Bombay Saphire;B00083
BON AQUA;Bon Aqua;B00084
BONCOURT;BONCOURT;
BONDIBON;Bondibon;B00085
BORDER;Border Biscuits;B00086
BOSCO ACTIVE;BOSCO Active;B00087
BOSCO ORIGINAL;BOSCO Original;B00088
BOSS;BOSS;B00089
BOSS_BAL;BALDESSARINI;B00090
BOSS_HUGO;BOSS_HUGO;B00091
BOUNTY;Bounty;B00093
BOWMORE;Bowmore Scotch;B00094
BRACCIALINI;BRACCIALINI;B00095
BRATZ;Bratz;B00096
BREITLING;Breitling;B00097
BRIC'S;Bric's;B00098
BRIDGE;Bridge;
BRIGHT STARTS;BRIGHT STARTS;
BROSWAY;Brosway;
BRUICHLADDICH;BRUICHLADDICH;
BUGATTI;Bugatti;B00099
BURBERRY;Burberry;B00100
BURN;Burn;B00101
BUSHMILLS;Bushmills;B00102
BUZZ BEE TOYS;Buzz Bee Toys;B00103
BVLGARI;Bvlgari;B00104
BYREDO;Byredo;B00105
C_CAMBELL;Clan Cambell;B00106
C_HERRERA;CAROLINA HERRERA;B00107
C_MORGAN;Captain Morgan;B00108
C_PARTEGAS;Club-Partegas;B00109
C_REY;Cuesta Rey;B00110
C_SARK;Cutty Sark;B00111
C_SWISS;Chronoswiss;B00112
CABERNE;Caberne;B00113
CABERNET;Cabernet;B00114
CACHAREL;CACHAREL;B00115
CADBURY;Cadbury;B00116
CAFE_CREME;m;B00117
CAFFEE TASSE;Caffee Tasse;B00118
CAILLER;Cailler;B00119
CALVIN KLEIN - COTY;Calvin Klein - COTY;B00120
CAMEL;Camel;B00121
CAMPARI;Campari;B00122
CAMUS;Camus;B00123
CAOL ILA;Caol Ila;B00124
CARAN D'ACHE;Caran D'ache;B00125
CARDHU;CARDHU;
CARLA FRACCI;Carla Fracci;B00126
CARMENER;Carmener;B00127
CAROLEE;Carolee;
CAROLINA HERRERA;Carolina Herrera;B00128
CAROLINS;Carolins;B00129
CARON;Caron;B00130
CARRERA;CARRERA;B00131
CARRERA KIDS;Carrera Kids;B00132
CARTIER;Cartier;B00133
CASSIDY BROTHERS;Cassidy Brothers;B00134
CAVALLI;CAVALLI;B00135
CAVALLI_J;CAVALLI_JUST;B00136
CAVALLI_R;CAVALLI_ROBERTO;B00137
CD;CD;B00138
CDLM;CDLM;B00139
CELEBRAT;Cla merelebrations;B00140
CELINE;CELINE;B00141
CELLCOSMET;CELLCOSMET&CELLMEN;
CELLULARLINE;Cellularline;B00142
CHABOT;Chabot;B00143
CHAMBORD;Chambord;
CHANEL;CHANEL;B00144
CHAP MEI;Chap Mei;B00145
CHAPELLE;Chapelle;B00146
CHARDONE;Chardone;B00147
CHARDONNAY;Chardonnay;B00148
CHATEAU;Chateau;B00149
CHATEAU BARET;Chateau Baret;B00150
CHATEAU BATAILLEY;Chateau Batailley;B00151
CHATEAU BEAU;Chateau Beau;B00152
CHATEAU BEL AIR;Chateau Bel Air;B00153
CHATEAU BERGAT;Chateau Bergat;B00154
CHATEAU CAPET;Chateau Capet;B00155
CHATEAU DU DOMAINE;Chateau Du Domaine;B00156
CHATEAU HAUT;Chateau Haut;B00157
CHATEAU LA BOUADE;Chateau La Bouade;B00158
CHATEAU LAMOTHE;Chateau Lamothe;B00159
CHATEAU LYNCH;Chateau Lynch;B00160
CHATEAU TROTTE;Chateau Trotte;B00161
CHATELLE;Chatelle Napoleon;B00162
CHIANTI;Chianti;B00163
CHIVAS;CHIVAS;B00164
CHLOE;Chloe;B00165
CHOPARD;CHOPARD;B00166
CHRONOSWISS;;B00167
CHRONOTECH;Chronotech;B00168
CHUGGINGTON;Chuggington;
CHURCHILLS;Churchills;B00169
CINZANO;Cinzano;B00170
CITIZEN;Citizen;B00171
CITY TOYS;City Toys;B00172
CK;Calvin Klein;B00173
CLARA BIJOUX;Clara Bijoux;B00174
CLARINS;Clarins;B00175
CLARISONIC;Clarisonic;
CLEMENT;Clement;
CLEMENTONI;Clementoni;
CLINIQUE;Clinique;B00176
CLOUDZ;Cloudz Travel Accessories;B00177
CLYNELISH;Clynelish;B00178
COCA COLA;Coca Cola;B00179
COCCINELLE;Coccinelle;B00180
CODELLO;Codello;B00181
COEUR DE LION;Coeur de Lion;B00182
COFINLUXE;COFINLUXE;
COHIBA;Cohiba;B00183
COINTREAU;Cointreau;B00184
COMBINACIONES;Combinaciones;B00185
CONCORD;Concord;B00186
CONDE;Conde;B00187
COOLEY DISTILLERY;COOLEY DISTILLERY;B00188
CORONAS;Coronas;B00189
CORUM;Corum;B00190
COURVOISIER;Courvoisier;B00191
CRAB MEAT;Crab meat;
CRASHLINGS;Crashlings;
CRAYOLA;Crayola;B00192
CREED;Creed;B00193
CREMA GIANDULA BOTTE;Crema Guandulla Bottega;B00194
CUARZO;Cuarzo;B00195
CUBICFUN;Cubic Fun;
CUERVO Y SOBRINOS;Cuervo y Sobrinos;B00196
CVK;—Â‚ÂÓ-¬ÓÒÚÓ˜Ì‡ˇ  ÓÏÔ‡ÌËˇ —¬ ;B00197
D BY FLOYA;D by Floya;
D_G;D&G;B00198
D_PERIGNON;Dom Perignon;B00199
D_ROTH;;B00200
D_SENECHAUX;Domaine des Senechaux;B00201
DAESUNG TOYS;DAESUNG TOYS;B00202
DAILRADE;DAILRADE GUNTVE ÀËÚÓ‚ ÍÂ‡ÏËÍ‡;
DAIM;Daim;B00203
DALMORE;Dalmore;B00204
DALWHINNIE;Dalwhinnie;B00205
DANOVA SOUVENIRS;DANOVA SOUVENIRS;B00206
DANSKA;Danzka;B00207
DANZIGER;DANZIGER;B00208
DAVIDOFF;Davidoff;B00209
DE'LUNA;De'Luna;B00213
DE LUNA LUXE;De Luna Luxe;B00210
DE_LA_PRADA;Agatha Ruiz De La Prada;B00211
DELSEY;Delsey;B00212
DESIGN GO;Design Go;B00214
DESIGUAL;DESIGUAL;
DEWARS;Dewars;B00215
DIAGEO;DIAGEO;
DIESEL;DIESEL;B00216
DILAN;Dilan;B00217
DIMPLE;Dimple;B00218
DIOR;Dior;B00219
DIOR KIDS;Dior Kids;B00220
DIPTYQUE;Diptyque;B00221
DISNEY;Disney;B00222
DKNY;Donna Karan New York;B00223
DOLCE_GAB;DOLCE_GABBANA;B00224
DOLLS;Dolls;B00225
DOMAINE;Domaine;B00226
DON JULIO;Don Julio;B00227
DOVE;Dove;B00228
DR_DRE;Beats by Dr.Dre;B00229
DRAGON;Dragon;B00230
DRAMBUIE;Drambuie;B00231
DROVA;DROVA;B00232
DRUM;Drum;B00233
DSQUARED;Dsquared;B00234
DSQUARED2;Dsquared2;B00235
DUBONNET;Dubonnet;B00236
DUC_ DOR;Duc D'or;B00237
DUKAT;Dukat;B00238
DUNHILL;Dunhill;B00239
DUPONT;DUPONT;B00240
DVD;DVD;B00241
DYRBERG KERN;DYRBERG KERN;
E.ARDEN;Elizabeth Arden;B00242
E_LAUDER;Estee Lauder;B00243
EARNSHAW;Earnshaw;
ECHO;Echo;
ED HARDY;ED Hardy;B00244
EGGS;Eggs;B00245
ELARI;ELARI;
ELIE SAAB;Elie Saab;B00246
ESCADA;Escada;B00247
ESCENTRIC MOLECULES;Escentric Molecules;B00248
ESTER BIJOUX;Ester Bijoux;B00249
ETRO;ETRO;B00250
EUGANEAN HILLS/PADUA;EUGANEAN HILLS/PADUA;B00251
EURO MAP;Euro Map;B00252
EVE;Eve;B00253
EVERVESS;EVERVESS;B00254
EVIAN;Evian;B00255
EXPRESSION;Expression;B00256
F.A.GIOELLI;F.A.Gioelli;B00257
F_GROUSE;Famous Grouse;B00258
F_ROCHER;Ferrero Rocher;B00259
FAIRYTALE FOREST;Fairytale Forest;
FALCA;Falca;B00260
FAMILY;Family Heritage;B00261
FAMOSA;Famosa;B00262
FANTA;Fanta;B00263
FARMHOUSE;Farmhouse Biscuits;B00264
FASHION ANGELS;Fashion Angels;
FAZER;Fazer;B00265
FCONSTANT;Frederique Constant;B00266
FEDOSKINO;‘Â‰ÓÒÍËÌÓ;B00267
FENDI;Fendi;B00268
FERAUD;FERAUD;
FERRARI;Ferrari;B00269
FERRE;FERRE;B00270
FILA;Fila;B00271
FINLANDIA;Finlandia;B00272
FIOR LIQUOR;Fior Liquore;B00273
FLAGMAN;Flagman;B00274
FLOYA;Floya;B00275
FOSSIL;Fossil;
FRANCK BOCLET;FRANCK BOCLET;
FRANGELICO;Frangelico;B00276
FRAPIN;Frapin;B00277
FUNRISE;FUNRISE;
FURLA;FURLA;B00278
G_F_FERRE;Gianfranco Ferre;B00279
G_GARIOCH;G_GARIOCH;B00280
G_GENTA;Gerald Genta;B00281
G_GOOSE;Grey Goose;B00282
GALAXY;GALAXY DEFENDER;
GALLERY;Gallery;B00283
GALLIANO;GALLIANO;B00284
GAMUCCI;Gamucci;B00285
GANCIA;GANCIA;
GAULOISE;Gauloise;B00286
GEMTIQUE;Gemtique;B00287
GENERAL DE JUGUETES;General De Juguetes;B00288
GENTLEMEN`S TONIC;Gentlemen`s Tonic;B00289
GEOMAG;√ÂÓÏ‡„;B00290
GEORGIA;„ÛÁËˇ;
GIORGIO FEDON;Giorgio Fedon;B00291
GIRLIE STYLE;Girlie Style;
GIVENCHY;Givenchy;B00292
GLAMOUR;Glamour;B00293
GLAVSPIRT;GLAVSPIRT;B00294
GLEN ORD;Glen Ord;B00295
GLEN WLGIN;Glen Elgin;B00296
GLENF;Glenfiddich;B00297
GLENGOYNE;Glengoyne;B00298
GLENKINCHI;Glenkinchi;B00299
GLENLIVET;Glenlivet;B00300
GLENMORANGIE;Glenmorangie;B00301
GLENROTHES;Glenrothes;B00302
GO_INT;Go International;B00303
GODIVA;Godiva;B00304
GOLDBERGER;Golberger;B00305
GOLDKENN;Goldkenn;B00306
GOLDLOK;Goldlok;B00307
GONHER;Gonhcler;B00308
GORDONS;Gordons;B00309
GRAFIX;Grafix;B00310
GRAGGANMORE;Gragganmore;B00311
GRAN_MARNIER;Grand Marnier;B00312
GRANTS;Grants;B00313
GRAPPA;Grappa;B00314
GRIFFINS;GRIFFINS;B00315
GUCCI;GUCCI;B00316
GUCCI KIDS;GUCCI KIDS;B00317
GUDO;Qudo;B00318
GUENTHER;Guenther;B00319
GUERLAIN;Guerlain;B00320
GUESS;GUESS;B00321
GUINNESS;Guinness;B00322
GUYLIAN;Guylian;B00323
GZHEL;GZHEL;
H.UPMANN;H.Upmann;B00324
H_S;Hammer & Sohne;B00325
HAIG;Haig;
HAMA;Hama;
HAMILTON;Hamilton;B00326
HANSE;HANSE;
HAPPY PLUGS;Happy Plugs;
HARIBO;Haribo;B00327
HARV_CREAM;Harveys Cream;B00328
HASBRO;Hasbro;B00329
HAUSBRANDT;Hausbrandt;B00330
HAUTMADRAC;Haut Madrac;B00331
HAV;Havainas;B00332
HAVAIANAS;Havaianas;B00333
HAVANA;Havana Club;B00334
HD;Hot Diamonds;B00335
HDM;Hot Diamonds men;B00336
HEINEKEN;Heineken;
HELENA RUBINSTEIN;;
HELLO KITTY;Hello Kitty;B00337
HENDRICKS;Hendricks;B00338
HENNESSY;Hennessy;B00339
HERMANN TEDDY;Hermann Teddy;B00340
HERMES;Hermes;B00341
HERPA;Herpa;B00342
HERRADURA;HERRADURA;
HIENEKEN;Heineken;B00343
HIGHLAND PARK;Highland Park;B00344
HILFIGER;HILFIGER;B00345
HIP HOP;Hip Hop;B00346
HISTOIRES DE PARFUM;Histoires de Parfum;B00347
HOHLOMA;HOHLOMA;
HOLUY;Holuy;B00348
HOUBIGANT;HOUBIGANT;
HOYO;Hoyo;B00349
HUBLOT;Hublot;B00350
HUGO BOSS;HUGO BOSS;B00351
IAIN SINCLAIR;Iain Sinclair;
ICE_TEA;Ice Tea;B00352
ICEBERG;Iceberg;B00353
IDEAL;Ideal;B00354
INNERGIE;Innergie;B00355
IRISH MIST;Irish Mist;B00356
ISLE_JURA;Isle Jura;B00357
ISSEYMIY;ISSEYMIYAKE;B00358
IWC;;B00359
J CUE;Jose Cuervo;B00360
J_B;J&B;B00361
J_BEAM;Jim Beam;B00362
J_CHOO;Jimmy Choo;B00363
J_COUTURE;Juicy Couture;B00364
J_DANIELS;Jack Daniels;B00365
J_DESTR;Jules Destrooper;B00366
J_RICHARD;Jean Richard;B00367
J_SANDER;Jil Sander;B00368
JACOB'S CREEK;Jacob's Creek;B00370
JACOB & CO;Jacob & Co;B00369
JAKKS PACIFIC;Jakks Pacific;B00371
JAMES BOND;JAMES BOND;
JAMESON;Jameson;B00372
JANEKE;JANEKE;
JANNEAU;JANNEAU;
JB;Jelly Belly;B00373
JLC;JAEGER LE COULTER;B00374
JLO;JLO;B00375
JM;JM;
JOLI;Joli;B00376
JOWISSA;Jowissa;B00377
JOY TOY;Joy Toy;B00378
JPG;JPG;B00379
JUICE BEAUTY;Juice Beauty;B00380
JULIETTE HAS A GUN;JULIETTE HAS A GUN;B00381
JUST PLAY;Just Play;B00382
JV;John Varvatos;B00383
JW;JW;B00384
JWB;JW Black;B00385
JWM;JW Malt;B00386
JWR;JW Red;B00387
K BY KILIAN;K by Kilian;
KAHLUA;Kahlua;B00388
KALOO;Kaloo;B00389
KAMCHADAL;Kamchadal;B00390
KARL_LAG;Karl Lagerfeld;B00391
KAZUMIAN;Kazumian;B00392
KDLAB ARAREE;Kdlab Araree;
KEEL TOYS;KEEL TOYS;
KEEL_TOYS;Keel Toys;B00393
KENT;Kent;B00394
KENZO;Kenzo;B00395
KIDZTECH;KidzTech;
KILLER_LOOP;KILLER_LOOP;B00396
KIMMI;Kimmi;B00397
KINDER;Kinder;B00398
KING_EDW;KING_EDW;B00399
KINSKI;Kinski;B00400
KIPLING;KIPLING;B00401
KIT_KAT;Kit Kat;B00402
KNAPPOGUE;KNAPPOGUE;B00403
KODKOD;KODKOD;B00404
KONFAEL;KONFAEL;B00405
KORKUNOV;Korkunov;B00406
KORLOFF;Korloff;B00407
KRUG CHAMP;Krug Champagne;B00408
KRUSELL;Krusell;B00409
KUKLI MASLENNIKIVOY;KUKLI GALINI MASLENNIKOVOY;B00410
KVASS;Russkyi Dar;B00411
KYUTEC;Kyutec;
L'OCCITANE;L'Occitane (old);B00452
L_ MARTINEZ;Luis Martinez;B00412
L_BAILEYS;Lir Baileys;B00413
L_GIN;Larios Gin;B00414
L_PERRIER;Laurent Perrier;B00415
L_RUM;Lambs Rum;B00416
LA BAGAGERIE;La Bagagerie;B00417
LA CHANCE;La Chance;
LA VIEILLE;La Vieille;B00418
LA_PERLA;La Perla;B00419
LA_PRA;La Prairie;B00420
LABORATORIO MILANO;Laboratorio Milano;B00421
LACOSTE;LACOSTE;B00422
LACROIX;LACROIX;B00423
LADOGA;Ladoga;B00424
LAGREZETTE;Lagrezette;B00425
LAMARTHE;Lamarthe;B00426
LANCASTER;Lancaster;B00427
LANCEL;Lancel;B00428
LANCOME;Lancome;B00429
LANPHROAIG;Laphroaig;B00430
LANVIN;Lanvin;B00431
LAPPONIA;Lapponia;B00432
LAROCHE;LAROCHE;B00433
LAUBADE;Laubade;
LAURA BIAGIOTTI;Laura Biagiotti;B00434
LAURA MILANO;Laura Milano;B00435
LAVALINIERE;Lavaliniere;B00436
LB;LB;B00437
LE BOUQUET;Le Bouquet;B00438
LE TANNEUR;Le Tanneur;B00439
LE VILLAGE;Le Village;B00440
LEGO;Lego;B00441
LEONARD;Leonard;B00442
LEPOW;Lepow;
LES CONTES;Les Contes;B00443
LES TERRES;Les Terres;B00444
LIMONCELLO;Limoncello;B00445
LIMONCINO;Limoncino;B00446
LINDT;Lindt;B00447
LITTLE TIKES;Little Tikes;B00448
LLORENS;Llorens;B00449
LM;LM;B00450
LOCCITANE;LOCCITANE;
LOEWE;LOEWE;B00453
LOGIC3;Logic3;B00454
LOGITECH;Logitech;B00455
LONGCHAMP;LONGCHAMP;B00456
LOREAL_MM;Loreal Mass Market;B00457
LOZZA;LOZZA;B00458
LUCKY STRIKE;Lucky Strike;B00459
LUNAVIT;Lunavit;
M DEW;Mauntain Dew;B00460
M&M;M&M;B00461
M&O;M&Oe;B00462
M_KORS;Michael Kors;B00463
M_LYNCH;Michel Lynch;B00464
M_MARK;Maker's Mark;B00465
MACALLAN;Macallan;B00466
MALIBU;Malibu;B00467
MALTESERS;Maltesers;B00468
MAMONT;Mamont;B00469
MANI;Mani;B00470
MANOIR;MANOIR;
MANTERO;MANTERO;
MARLBORO;Marlboro;B00471
MARMELANDIA;Marmelandia;B00472
MARS;Mars;B00473
MARTELL;Martell;B00474
MARTINI;Martini;B00475
MARUSYA;Marusya;B00476
MASQUE;Masque;B00477
MATRIOSHKA;Matrioshka;B00478
MATTEL;Mattel;B00479
MAUI TOYS;Maui Toys (Sky Balls);
MAUI_JIM;MAUI JIM;B00480
MAX_KIENE;;B00481
MAXI TOYS;Maxi Toys;
MBLANC;MBLANC;B00482
ME TO YOU;Me to you;B00483
MEDIA PRESS;Media Press;B00484
MEGA BLOKS;MEGA BLOKS;B00485
MEIRAT T;Meirat T;B00486
MELLER;Meller;B00487
MEMO;Memo;B00488
MENTOS;Mentos;B00489
MERCI;Merci;B00490
MERIT;Merit;B00491
MERLOT;Merlot;B00492
METAXA;Metaxa;B00493
MEUKOW;Meukow;B00494
MEVIUS;Mevius;
MGAE;MGAe;B00495
MICALLEF;Micallef;B00496
MIDLETON;Midleton;B00497
MILD_SEVEN;Mild Seven;B00498
MILKA;Milka;B00499
MILKY WAY;Milky Way;B00500
MILUS;Milus;B00501
MINTTU;Minttu;B00502
MIRABELL;Mirabell;B00503
MIRINDA;Mirinda;B00504
MISS SIXTY;MISS SIXTY;B00505
MISSONI;MISSONI;B00506
MIU_MIU;MIU_MIU;B00507
MIWORLD;Miworld;
MJ;Mark Jacobs;B00508
MOET_CH;Moet & Chandon;B00509
MOJITO;ÃÓıËÚÓ;B00510
MOLINARY;Molinary;
MOMAX;Momax;
MON CHERI;Mon Cheri;B00511
MONDO;Mondo Motors;B00512
MONDORO;Mondoro;B00513
MONELLA;Monella;B00514
MONK;Monk;B00515
MONSUNO;Monsuno;B00516
MONTALE;Montale;B00517
MONTECR;Montecristo;B00518
MOOSE;Girlie Style;
MORGAN;Morgan;B00519
MOSCHINO;Moschino;B00520
MOSKOVSKAYA;Moskovskaya;B00521
MOSKOVSKYI BRANDY;Moskovskyi Brandy;B00522
MOTORMAX;MOTORMAX;
MOULIN;Moulin;B00523
MOULIN DE PAUMIRAC;Moulin de Paumirac;B00524
MOULINDESAINT;Moulin de Saint;B00525
MOUNTAINS;Mountains;B00526
MOUTAI;Moutai;B00527
MOXIE;Moxie;B00528
MSTERA;ÃÒÚÂ‡;
MUGLER;THIERRY MUGLER;B00529
MULTI-PULTI;Multi-Pulti;
MUMM;Mumm;
N_RICCI;Nina Ricci;B00530
NANO SPEED;Nano Speed;B00531
NANODOTS;NANODOTS;
NEMIROFF;Nemiroff;B00532
NESQUIK;Nesquik;B00533
NESTEA;Nestea;B00534
NESTLE;Nestle;B00535
NICI;Nici;B00536
NIKE;Nike;B00537
NO BRAND;No Brand;B00538
NOMINATION;Nomination;B00539
NORMANDY;Normandy;B00540
NORTH EAST;North East Company;B00541
NOUVELLE BAGUE;Nouvelle Bague;B00542
NOVII SVET;Novii Svet Wines;B00543
NRODRIGUES;Narciso Rodrigues;B00544
OAKLEY;OAKLEY;B00545
ODOYO;Odoyo;
OKKI;Okki;B00546
OLIVER WEBER;Oliver Weber;B00547
OLLVIN;Ollvin;B00548
OLMECA;Olmeca;B00549
OPI;OPI;B00550
ORBIT;Orbit;B00551
OREO;Oreo;B00552
OTARD;Otard;B00553
OVECHKIN;Ovechkin;B00554
OVERSEAS;OVERSEAS;
OXETTE;Oxette;B00555
OXYDO;OXYDO;B00556
P_CARDS;Playing Cards;B00557
P_CLARENCE;P.CLARENCE;B00558
P_RABANNE;Paco Rabanne;B00559
PADDY;Paddy;B00560
PALEKH;œ‡ÎÂı;B00561
PARIS HILTON;Paris Hilton;B00562
PARLAMENT;Parliament;B00563
PARTAGAS;Partagas;B00564
PASHMA;PASHMA;
PATERNINA;Paterni¿na;B00565
PATONS;Patons;B00566
PATRON;Patron Spirit Company;B00567
PAUILLAC;Pauillac;B00568
PAUL SAPIN;Paul Sapin;B00569
PAW PATROL;Paw Patrol;
PECCATO;PECCATO ORIGINAL;
PEPE_LOPES;Pepe Lopes;B00570
PEPSI;Pepsi;B00571
PERNOD;Pernod;B00572
PERSOL;Persol;B00573
PHILIPS;Philips;B00574
PHOTOFAST;PhotoFast;
PIAGET;Piaget;B00575
PIATNIK;Piatnik;B00576
PICASSO;PICASSO;B00577
PINKY;Pinky Vodka;B00578
PINNACLE;Pinnacle;B00579
PINOT NOIR;Pinot Noir;B00580
PIPER_HEIDSIECK;Piper Heidsieck;B00581
PIQUADRO;Piquadro;B00582
POLAROID;Polaroid;B00583
POLICE;POLICE;B00584
POLICE KIDS;POLICE KIDS;B00585
POLIGLOT;Poliglot;B00586
POLLINI;Pollini;B00587
POLO;Polo;B00588
PONTAC LYN;Pontac Lynch;B00589
POROG;POROG;B00590
PORSCHE;Porsche Design;B00591
POWER RANGERS;Power Rangers;
POWERS;Powers;B00592
PPM;œ‡‚ÎÓ‚ÓÔÓÒ‡‰ÒÍ‡ˇ Ï‡ÌÛÙ‡ÍÚÛ‡;B00593
PRADA;Prada;B00594
PRADA_SP;PRADA_SPORT;B00595
PREMIER;Premier Portfolio;B00596
PRUDENCE;Prudence;B00597
PUCCI;PUCCI;B00598
PULPY;PULPY;
PUTINKA;;
PYRAT;Pyrat;B00599
PYRENE;Pyrene;B00600
Q_STREET;Quality Street;B00601
QUIKSILVER;QuikSilver;B00602
R.B.R;Rouge Bunny Rouge;B00603
R_DUBUIS;Roger Dubuis;B00604
R_MARTIN;Remy Martin;B00605
R1;R1;B00606
RADLEY;RADLEY;
RALPH;Ralph;B00607
RALPH LAUREN;;
RAMON MOLVIZAR;Ramon Molvizar;B00608
RANCE;Rance;B00609
RASTAR;Rastar;
RAVENSBURGER;Ravensburger (Tiptoi);
RAY_BAN;Ray Ban;B00610
RAY_BAN_JUNIOR;RAY_BAN_JUNIOR;B00611
RC;Roberto Coin;B00612
REBEL YELL;Rebel Yell;B00613
RED BULL;Red Bull;B00614
REGAL;Regal;B00615
REGINA SCHRECKER;Regina Schrecker;B00616
REMINGTON;Remington;
REMY;Remy;
RENATO BALESTRA;Renato Balestra;B00617
RICH;Rich;B00618
RIGLI;;B00619
RIMOWA;Rimowa;B00620
RIO;Rio;
RIOJA;Rioja;B00621
RIZLA;Rizla;B00622
RLAUREN;Ralph Lauren;B00623
ROBERTO BRAVO;Roberto Bravo;B00624
ROBIN RUTH;ROBIN RUTH;B00625
ROECKL;Roeckl;B00627
RONNEFELDT;Ronnefeldt;B00628
ROSE_CO;ROSE_CO;
ROTHM;Rothmans;B00629
ROXY;Roxy;B00630
RS_GOLD;Russian Standart Gold;B00631
RS_IMPERIA;Russian Standart Imperia;B00632
RS_ORIG;Russian Standart Original;B00633
RS_PLAT;Russian Standart Platinum;B00634
RUGGEAR;Rug Gear;
RUINART;RUINART;
RUS ORIGINAL OLYMPIC;Rus Original Olympic;B00635
RUS_DIAM;RUS_DIAMOND;B00636
RUSCAVHOUSE;–ÛÒÒÍËÈ »ÍÓÌ˚È ƒÓÏ;
RUSS;Russ;B00637
RUSS_B;Russ Berrie;B00638
RUSS_CHOC;RUSSKY CHOCLATE;B00639
RUSSIA ACTIVE;Russia Active;B00640
RUSSIA FASHION;Russia Fashion;B00641
RUSSIA ORIGINAL;Russia Original;B00642
RVK;RVK;
RYJ;Romeo Y Julieta;B00643
S_COMF;Southern Comfort ;B00644
S_FERRAGAMO;Salvatore Ferragamo;B00645
S_GIN;Seagrams Gin;B00646
S_RYKIEL;Sonia Rykiel;B00647
SAIMAA;SAIMAA;B00648
SALES PRESS;Sales Press;B00649
SALVADORD;SalvadorD;
SAMBUCA;Sambuca;B00650
SAMSONITE;Samsonite;B00651
SANDARA;Sandara;B00652
SANDARA L;Sandara Luxe;B00653
SANDEMAN;Sandeman;B00654
SAUVIGNON;Sauvignon;B00655
SAUZA;Sauza;B00656
SAVE_QUEEN;Save The Queen;B00657
SCAPA;Scapa;B00658
SCATOLA DEL TEMPO;Scatola del Tempo;B00659
SCHCHARD&FRIESE;Schchard & Friese;B00660
SCHWEPPES;Schweppes;B00661
SCUDFERRARI;SCUDFERRARI;
SECTOR;Sector;B00662
SEEBERGER;Seeberger;B00663
SENNHEISER;Sennheiser;B00664
SERAPHIN;Seraphin;B00665
SERGE LUTENS;SERGE LUTENS;B00666
SEV_COM;SEV_COM;B00667
SEVIGNE;SEVIGNE;
SH;Stefan Hafner;B00668
SHABLOOL;Shablool;B00669
SHAIKH;Shaikh;B00670
SHAMROCK GIFT;Shamrock Gift Company;B00671
SHARMEL;Sharmel;B00672
SHERIDANS;Sheridans;B00673
SHISEIDO;Shiseido;B00674
SIGLO;Siglo;B00675
SILHOUETTE;SILHOUETTE;B00676
SILKCUT;Silkcut;B00677
SILLAGE;SILLAGE;
SIMPKINS;Simpkins;B00679
SINGLETON;Singleton;B00680
SISLEY;Sisley;B00681
SKAGEN;Skagen;B00682
SKITTLES;Skittles;
SKROSS;Skross;
SKULLCANDY;Skullcandy;B00683
SLAVA ZAITSEV LUXURY;SLAVA ZAITSEV;
SMART;Samrt;B00684
SMARTIES;Smarties;B00685
SMINT;Smint;B00686
SMIRNOFF;Smirnoff;B00687
SMS AUDIO;SMS AUDIO;
SNICKERS;Snickers;B00688
SNOWMEN;Snowmedn;B00689
SOBRANIE;Sobranie;B00690
SOCHI SO BEAUTIFUL;Sochi So Beautiful;B00691
SOCHI SO GREAT;Sochi So Great;B00692
SOCHI.RU 2014;SOCHI.RU 2014;B00693
SONY;Sony;B00694
SOSOMA;Sosoma;
SOUVENIRS;Souvenirs;B00695
SOVETSKOE;Sovetskoe;B00696
SPASSKAYA TOWER;Spasskaya Tower;
SPIN MASTER;Spin Master;B00697
SPRITE;Sprite;B00698
ST_BREND;Saint Brendan's;B00699
ST_EXPR;State Express;B00700
ST_MC;STELLA MCCARTNEY;B00701
STARBROOK;STARBROOK;B00702
STETSON;Stetson;B00703
STIMOROL;Stimorol;B00704
STING;STING;B00705
STM;Stella McCartney;B00706
STOLICHNAYA;Stolichnaya;B00707
STRATHISLA;Strathisla;B00708
STROCHKOV;»œ —ÚÓ˜ÍÓ‚;
SUDIO;Sudio;
SULA;Sula;B00709
SUPERKINGS;SUPERKINGS;B00710
SWAROVSKI;SWAROVSKI;B00711
SWEET TALK;SWEET TALK;B00712
SWISS MILITARY;Swiss Military;B00713
SWISS SMILE;SWISS SMILE;
SYLVANIAN FAMILIES;Sylvanian Families;
T_DEW;Tullamore Dew;B00714
T_HEUER;Tag Heuer;B00715
T_SABO;T.SABO;B00716
TACTIC;TACTIC;B00717
TAF TOYS;Taf Toysv;B00718
TAG;TAG;B00719
TALISKER;Talisker;B00720
TANQUERAY;Tanqueray;B00721
TARELKI;Tarelki;B00722
TEACHERS;Teacher's;B00723
TECH 4 KIDS;TECH 4 KIDS;
TESORO;Tesoro;B00724
TESSERON;Tesseron;
TEXIER;Texier;B00725
TEXIER SA;TEXIER SA;
TEXIMPORT;Teximport;B00726
TIC TAC;Tic Tac;B00727
TIFFANY;Tiffany;B00728
TIGER EYE;Tiger eye;B00729
TIMBERLAND;Timberland;B00730
TIN TREATS;Tin Treats;B00731
TOBLERONE;Toblerone;B00732
TOD'S;Tod's;B00733
TOFIFEE;Tofifee;B00734
TOM_FORD;Tom Ford;B00735
TOMASSINI;Tomassini;B00736
TOMMY;Tommy;B00737
TOSCOW;TOSCOW;
TOY WATCH;Toy Watch;B00738
TOYSTATE;;
TRAD CRAFT;Trad Craft;
TRADITION;Tradition Baccarat;B00739
TRAVEL_SWISS;Travel Swiss;B00741
TRI;Travel Retail Innovations;B00742
TRIDENT;Trident;B00743
TROPICANA;Tropicana;B00744
TRUDI;Trudi;B00745
TRUNKI;Trunki;B00746
TRUSSARDI;TRUSSARDI;B00747
TSARINE;TSARINE;
TSARSKAYA;Tsarskaya Vodka;B00748
TUMI;Tumi;B00749
TWIX;Twix;B00750
U-BOAT;U-Boat;B00751
UDARNITSA;Udarnitsa;B00752
UMKA;”ÏÍ‡;
UN;Ulysse Nardin;B00753
UNDERBERG;Underberg;B00754
UNEEDA;Uneeda;B00755
UNITEDCONF;United Confectioners;B00756
UNO;Uno;B00757
V_CLIQ;Veuve Cliqout;B00758
V_DUDKA;Vodka Dudka;B00759
V_DVOIN_ZOLOT;Vodka Dvoinaya Zolotaya;B00760
V_KRISTALL;Vodka Kristall;B00761
V_R;Victor&Rolf;B00762
VALDOBBIADENE;VALDOBBIADENE;B00763
VALENTIN YUDASHKIN;VALENTIN YUDASHKIN;B00764
VALENTINO;Valentino;B00765
VALSER;Valser;B00766
VAN CLEEF;VC&A;B00767
VARTA;Varta;B00768
VDOHNOVENIE;Vdohnovenie;B00769
VEDA;VEDA;
VELVET;Black Velvet;B00770
VENUS;¬ÂÌÂ‡;
VERSACE - EUROITALIA;Versache - EUROITALIA;B00772
VERSACE;Versace;B00771
VERSUS;Versus;B00773
VERTU;Vertu;B00774
VICHE;VICHE PITIA;
VICTORINOX;Victorinox;B00775
VIKTOR&ROLF;Viktor&Rolf;
VILEBREQUIN;Vilebrequin;B00776
VIP WATCHES;VIP Watches;B00777
VIVID;Vivid;B00778
VOGUE;VOGUE;B00779
VOOV;Voov;
W&M;Whyte & Mackay;B00780
WEB;Web;B00781
WELDER;Welder;B00782
WELLY;Welly;B00783
WERTHERS;Werthers;B00784
WESC;WeSC;
WEST;West;B00785
WHITE GOLD;White Gold;B00786
WHITE HORSE;White Horse;B00787
WILLIAM LAWSON'S;William Lasowson's;B00788
WINE;Wine - LVMH;
WINSTON;Winston;B00789
WOODFORD;Woodford;
WRIGLEY;Wrigley;B00790
WRIGLEY`S;WRIGLEY`S;B00791
WYLER;Wyler;B00792
XENTA;Xenta;B00793
XQ;XQ;
XUXU;Xuxu;B00794
Y_DOLG;Y_DOLG;B00795
YA;Ya;B00796
YAT MING;Yat Ming;B00797
YOKO EUROPEARLS;Yoko Europearls;B00798
YSL;Yves Saint Laurent;B00799
YVES LAMBERT;Yves Lambert;B00800
YVES SAINT LAURENT;;
ZACAPA;Zacapa;B00801
ZAKKA;Zakka;
ZAPF;Zapf;B00802
ZEGNA;Zegna;B00803
ZEST;Zest;B00804
ZINO;Zino;B00805
ZOOBLES;Zoobles;B00806
ZV_PK;«ÂÎ¸Â‚‡ÂÌ¸Â + œÛÚ¸  ÓÏ‡Ì‰Ó‡;B00807
ZVER;ZVER;
ZVEZDA;«‚ÂÁ‰‡;B00808
ZYR;ZYR;
¿ Ã;¿ Ã;
¡ŒÕ¿;¡ÓÌ‡;B00809
¬»““≈À‹;¬»““≈À‹;
√Œ–Œƒ Ã¿—“≈–Œ¬;√ÓÓ‰ Ã‡ÒÚÂÓ‚;
ƒ€ÃŒ¬;ƒ˚ÏÓ‚;B00810
∆Œ—“Œ¬Œ;∆ÓÒÚÓ‚Ó;
«≈À≈Õ¿ﬂ Ã¿– ¿;«ÂÎÂÌ‡ˇ Ï‡Í‡;
»Ãœ≈–»¿À;»Ãœ≈–»¿À;
 ¿–¿–¿Ã¿; ‡‡‡Ï‡;B00811
 ŒÕ‘¿›À‹;;
Ã¿»—“Œ;Ã‡ËÒÚÓ;B00812
Ã¿–—;Ã‡Ò;B00813
Ã»Õ» Ã¿›—“–Œ;ÃËÌË Ã‡˝ÒÚÓ;B00814
Ã»–  ¿–¿“€ÿ≈ ;ÃË  ‡‡Ú˚¯ÂÍ;B00815
Ã»–œ;ÃË ÔÎ‡ÚÍÓ‚;
œ≈–‹≈;œ≈–‹≈;
œŒ –Œ¬— »…;œÓÍÓ‚ÒÍËÈ ÔˇÌËÍ;
œŒ—”ƒ¿;;B00816
—“»‘;—ÚËÙ;B00817
—”¬≈Õ»–54;—Û‚ÂÌË54;B00818
“≈’ÕŒœ¿– ;Technopark;
“ŒÕ”—;ÚÓÌÛÒ;
‘¿¡≈–∆≈;‘‡·ÂÊÂ;B00819
ﬂ–Œ—À¿¬Õ¿;ﬂÓÒÎ‡‚Ì‡;B00820
