Manufacturer_Code;Manufacturer_Name;VAT_Reg_No;KPP_Code;Number_;New_Code
10TH_KNGDM;10е Королевство;;;2;P00001
1TOY;1toy;;;3;P00002
4D PAZZLES;4D PAZZLES;;;4;P00003
5TH SEASON;5th Season;;;5;P00004
A. MARTINI;ALVIERO MARTINI;;;6;P00005
A.GOUTAL;A.Gsoutal;;;7;P00006
A_ALLIANCE;ART ALLIANCE;;;8;P00007
A_BRANDS;ALLIED BRANDS;;;474;P00008
A_SOLAR;A_Solar;;;454;P00009
ADIDAS;Adidas;;;9;P00010
AEROBRIDGE;Aerobridge;;;10;P00011
AEROBRIDGU;AEROBRIDGU;;;487;
AFISHA;Afisha;;;11;P00012
AIR HOGS;Air Hogs;;;12;P00013
AKM;AKM;;;467;P00014
ALCOM;Alcom Active;;;478;P00015
ALD INT;ALD International;;;13;P00016
ALEF;Alef Coffee and Tea;;;14;P00017
ALEXAND.J;Задвоенный производитель;;;1749;
ALISA;ЗАО "МТК Алиса";;;485;
ALPARGATAS;Alpargatas;;;15;P00018
AMBREA;Ambrea;;;16;P00019
AMINOFF CO;UA Aminoff Co. Inc;;;17;P00020
AMKA;Amka Wines;;;18;P00021
AMKA_WINES;Amka Wines;;;19;P00022
AMOUAGE;Amouage;;;20;P00023
ANGUILLA;ANGUILLA RUMS Ltd;;;21;P00024
ANNE KLEIN;Anne Klein;;;22;P00025
ANTICHEDIS;ANTICHEDISTILLERIE RIUNIE;;;23;P00026
ARARAT;Ararat;;;24;P00027
ARI_CIG;ARI Cigars;;;25;P00028
ARI_LIQ;ARI Liqour;;;26;P00029
ART LAIN;Art Lain;;;28;P00030
ARTALLINCE;ARTALLINCE;;;29;P00031
AS;AS;;;30;P00032
ASPEKT;Aspekt;;;440;P00033
ATR;ATR;;;453;P00034
AURORWORLD;Aurora World Corporation;;;31;P00035
AV_NY;A.V. JEWELRY OF NY;;;479;P00036
B VELVET;Black Velvet;;;477;P00037
B_BROS;Berry Bros;;;32;P00038
B_FOREMAN;Brown Forman;;;33;P00039
BACARDI;Bacardi Martini;;;34;P00040
BAKUGAN;Bakugan;;;35;P00041
BALLY;Bally;;;36;P00042
BANDAI;Bandai;;;37;P00043
BAR PROD;Bar Product;;;38;P00044
BARAKA;Baraka;;;39;P00045
BARBARA;Barbara;;;40;P00046
BAT;British American Tobaco;;;41;P00047
BEAUT.MIND;Beautiful Mind;;;42;P00048
BECCA;BECCA;;;43;P00049
BEJAR PERF;Bejar Perf;;;44;P00050
BELUGA;ОАО "Мариинский ЛВЗ";4213003050;421301001;45;P00051
BEST TOYS;Best Toys;;;46;P00052
BGSW;Beam Global Spirits and Wine;;;47;P00053
BIK;ООО "БИК";;;1753;
BINDA GR;Binda Group;;;48;P00054
BLAVOD;Blavod;;;49;P00055
BLISS;Bliss;;;50;P00056
BLUHMOD;BLUHMOD;;;51;P00057
BM;Blumarine;;;52;P00058
BOADICEA;Boadicea;;;53;P00059
BODEGAS;Bodegas;;;54;P00060
BODY SHOP;BODY SHOP;;;1693;
BOR MANOUX;Borie Manoux;;;55;P00061
BOSCO_SP;Bosco Sport;;;56;P00062
BOWMORE;Bowmore Scotch;;;57;P00063
BPI;Beauty Pristige International;;;58;P00064
BRACCI;BRACCI;;;463;P00065
BRATZ;BRATZ;;;59;P00066
BREITLING;Breitling;;;60;P00067
BREX_GRP;Brex Group;;;61;P00068
BRIC'S;Bric's;;;62;P00069
BROSWAY;Brosway;;;1660;
BUGATTI;Bugatti;;;426;P00070
BVLGARI;BVLGARI;;;63;P00071
BYREDO;Byredo;;;64;P00072
C. D'ACHE;C. D'ACHE;;;433;P00073
C. FRACCI;Carla Fracci;;;65;P00074
C_FRAPIN;Cognac Frapin;;;66;P00075
C_SWISS;Chronoswiss;;;67;P00076
CADBURY;Cadbury;;;68;P00077
CAMUS;Camus;;;69;P00078
CARON;Caron;;;70;P00079
CAVALLI;CAVALLI;;;71;P00080
CAVALLI_J;CAVALLI_J;;;72;P00081
CAVALLI_R;Cavalli Roberto;;;73;P00082
CAVALLI_W;CAVALLI WATCHES;;;74;P00083
CDL;Coeur de Lion;;;75;P00084
CERRUTI;CERRUTI;;;1689;
CHANEL;Chanel;;;76;P00085
CHAP MEI;Chap Mei;;;77;P00086
CHIRCHILLS;CHIRCHILLS;;;78;P00087
CITY  TOYS;City Toys;;;79;P00088
CK;Calvin Klein;;;80;P00089
CL.BIJOUX;Cl.Bijoux;;;81;P00090
CLARINSGRP;Clarins Group;;;82;P00091
CLP;Clarins Group;;;83;P00092
COCA COLA;Coca Cola;;;84;P00093
COCCINELLE;Coccinelle;;;462;P00094
CODELLO;Codello;;;85;P00095
COFINLUXE;COFINLUXE;;;1690;
CONCORD;Concord;;;86;P00096
COOLEY DIS;COOLEY DISTILLERY;;;87;P00097
CORUM;Corum;;;88;P00098
COTY;COTY Prestige;;;89;P00099
CREED;Creed;;;90;P00100
CRISTALL;Cristall;;;91;P00101
CT;Chronotech;;;92;P00102
CUERVO;Cuervo;;;93;P00103
CVK;ЗАО ТД "С-ВК СВК";;;473;P00104
D BY FLOYA;D by Floya;;;1661;
D_COMPARI;Campari Cinzano;;;94;P00105
D_G;Dolce & Gabbana;;;95;P00106
D_RIGO;De Rigo;;;96;P00107
D_ROTH;Daniel Roth;;;97;P00108
DANOVA;Danova;;;98;P00109
DANSKA;Danska Vodka;;;99;P00110
DAVIDOFF;Davidoff Cigars;;;100;P00111
DB_SRL;DB Sambuca;;;101;P00112
DE'LUNA;De'luna;;;102;P00113
DE;;;;1670;
DE LUNA L;De Luna Luxe;;;103;P00114
DELSEY;Delsey;;;104;P00115
DESIGN GO;Design Go;;;105;P00116
DESIGUAL;DESIGUALFK;;;1669;
DIAGEO;Diageo;;;106;P00117
DIESEL;DIESEL;;;107;P00118
DILAN;Dilan;;;416;P00119
DIO;Dio Amarula;;;108;P00120
DIPTYQUE;Diptyque;;;109;P00121
DISNEY;Disney;;;110;P00122
DOLG;Youri Dolgoruki Vodka;;;111;P00123
DOMAINS;Domains Cases;;;112;P00124
DR_DRE;Beats by Dr.Dre;;;455;P00125
DRAMBUIE;Drambuie;;;113;P00126
DUNHILL;DUNHILL;;;1692;
E.ARDEN;E.ARDEN;;;114;P00127
E.BIJOUX;Ester Bijoux;;;115;P00128
E.GLUCK;E.Gluck;;;116;P00129
ED HARDY;ED Hardy;;;117;P00130
EDMINS;;;;1652;
ELGROUP;Estee Lauder Group;;;118;P00131
ENNS;ENNS;;;418;P00132
EQUIP;EQUIP;;;1659;
ESCADA;ESCADA;;;119;P00133
EURO MAP;Euro Map;;;120;P00134
EUROITALIA;EUROITALIA;;;121;P00135
F. BOCLET;F. BOCLET;;;488;
FA GIOELLI;FA Gioelli;;;122;P00136
FAZER;FAZER;;;123;P00137
FCONSTANT;Frederique Constant;;;124;P00138
FEDOSKINO;Федоскино;;;125;P00139
FERAUD;FERAUD;;;1687;
FERRERO;Ferrero Rocher;;;126;P00140
FLAGMAN;Flagman Vodka;;;127;P00141
FLOYA;Floya;;;128;P00142
FOSSIL;Fossil Watch Group;;;129;P00143
FRANC SEL;Francis Selection;;;130;P00144
FURLA;Furla Fashions;;;131;P00145
G FEDON;G FEDON;;;132;P00146
G_GENTA;Gerald Genta;;;133;P00147
G_MARKA;Green Mark Vodka;;;134;P00148
GALLERY;Gallery;;;135;P00149
GAMUCCI;GAMUCCI;;;136;P00150
GANCIA;GANCIA;;;1662;
GEMTIQUE;Gemtique;;;137;P00151
GENT.TONIC;Gentlemen`s Tonic;;;138;P00152
GEOMAG;Геомаг;;;139;P00153
GIVENCHY;Givenchy;;;140;P00154
GLOBAL;CLOBAL DISTRIBUTORS BV;;;141;P00155
GO_INT;GO International;;;142;P00156
GODIVA;Godiva Confectionary;;;143;P00157
GOLDKENN;Goldkenn Confectionary;;;144;P00158
GRAFIX;Grafix;;;145;P00159
GRAND TOYS;Grand Toys;;;469;P00160
GRAT-VEST;GRAT-VEST;;;423;P00161
GROLSH;GROLSH;;;1696;
GUCCI;Gucci;;;146;P00162
GUDO;Qudo;;;147;P00163
GUENTHER;Guenther;;;424;P00164
GUYLIAN;Guylian Confectionary;;;148;P00165
GZHEL;ЗАО "Гжельский фарфоровый завод";;;458;P00166
H.KITTY;Hello Kitty;;;149;P00167
H_S;H_S Jewellery;;;150;P00168
HAMILTON;Hamilton;;;151;P00169
HANSE;HANSE;;;1673;
HARIBO;HARIBO;;;152;P00170
HASBRO;Hasbro Toys;;;153;P00171
HD;Hot Diamonds;;;154;P00172
HDM;Hot Diamonds men;;;155;P00173
HERM TEDDY;Hermann Teddy;;;156;P00174
HERMES;Hermes Perfumes;;;157;P00175
HERPA;Herpa;;;420;P00176
HIENEKEN;Heineken Beer;;;158;P00177
HILFIGER;Hilfiger Watches;;;159;P00178
HISTOIRES;Histoires;;;160;P00179
HOH ROSPIS;ЗАО Хохломская Роспись;;;161;P00180
HOLUY;Holuy;;;162;P00181
HOUBIGANT;HOUBIGANT;;;494;
HUBLOT;Hublot;;;163;P00182
HUGO BOSS;Hugo Boss;;;164;P00183
ICEBERG;Iceberg;;;165;P00184
ICS;Irish Creative Stamping Ltd;;;166;P00185
IDEAL;Ideal;;;167;P00186
INFIFON;Infifon;;;168;P00187
INOTEC_LTD;INotec Ltd ;;;169;P00188
INT_BULL;INT. Bullion;;;170;P00189
INT_PARF;Inter-Parfums;;;171;P00190
ISA_SETA;ISA SETA;;;172;P00191
ITF S.P.A;ITF SPA;;;173;P00192
IWC;IWC;;;174;P00193
J. BEAUTY;Juice Beauty;;;175;P00194
J_DESTROOP;Jules Destrooper;;;176;P00195
J_RICHARD;Jean Richard;;;177;P00196
JACOB & CO;Jacob & Co;;;178;P00197
JANEKE;JANEKE;;;1685;
JB;Jelly Belly;;;179;P00198
JLC;JLC;;;180;P00199
JLO;JLO;;;181;P00200
JOLI;Joli;;;182;P00201
JOWISSA;Jowissa;;;183;P00202
JP;Jakks Pacific;;;184;P00203
JTI;Japanese Tobaco International;;;185;P00204
JULIETTE;JULIETTE;;;186;P00205
KALOO;Kaloo;;;187;P00206
KAMCHADAL;Kamchadal;;;188;P00207
KASKAD;Kaskad Logistik;;;189;P00208
KAZUMIAN;KAZUMIAN;;;190;P00209
KEEL;Keel Toys;;;191;P00210
KENZO;Kenzo Bags;;;192;P00211
KILIAN;Kilian;;;1750;
KIMMI;Kimmi;;;193;P00212
KINSKI;Kinski;;;444;P00213
KIPLING;KIPLING;;;194;P00214
KJS;KJS;;;195;P00215
KONFAEL;Konfael;;;196;P00216
KORKUNOV;Korkunov;;;197;P00217
KORLOFF;Korloff;;;421;P00218
KORPORA;Korpora;;;198;P00219
KOTTO;Kotto Parfums;;;199;P00220
KRISTALL;"Росспиртпром" ОАО;7730605160;400143001;200;P00221
KRISTALL 1;"Вест-Алко" ООО;3906109620;390601001;201;P00222
KRISTALL 2;Московский завод "Кристалл" ОАО;7722019116;997350001;202;P00223
KRISTALL 3;Московский комбинат шампанских вин ОАО;7729007350;772901001;203;P00224
KRISTALL 4;Московский Межреспубликанский винодельческий завод;7729096222;774850001;434;P00225
KRISTALL 5;ОАО "КОРНЕТ";7705043736;770501001;435;P00226
KRISTALL 6;ООО "ОЛИМП ИМПЕРИАЛ";7729345510;772901001;436;P00227
KRISTALL 7;ООО "Руно";2601004733;260101001;437;P00228
KRISTALL 8;ООО "Тульский ликероводочный завод";7133500929;713301001;438;P00229
KRISTALL 9;ООО "МКШВ";7729007350;262702001;439;P00230
KRISTALL10;ЗАО "ВИЛАШ";7812026527;784245008;451;P00231
KRISTALL11;;;;472;P00232
KRUG CHAM;KRUG CHAMPAGNE;;;204;P00233
KUKLI MG;KUKLI GALINI MASLENNIKOVOY;;;205;P00234
L'DEZEN;;;;493;
L.MILANO;Laura Milano;;;206;P00236
L_BAILEYS;Lir Baileys;;;207;P00237
L_PERRIER;Laurent Perrier;;;208;P00238
LA BAGAG;La Bagagerie;;;461;P00239
LA_PRAIRIE;La Prairie;;;209;P00240
LAB MILANO;Laboratorio Milano;;;422;P00241
LACOSTE;Lacoste;;;210;P00242
LACROIX FL;LACROIX FL;;;1677;
LADOGA;Ladoga Vodka;;;211;P00243
LADOGA_H;ОАО "Промышленная группа "ЛАДОГА";7810488050;781001001;212;P00244
LAMARTHE;Lamarthe;;;213;P00245
LANCASTER;Lancaster;;;214;P00246
LANCEL;Lancel;;;427;P00247
LANVIN;Lanvin;;;215;P00248
LBIAGIOTTI;Laura Biagiotti;;;216;P00249
LE TANNEUR;Le Tanneur;;;217;P00250
LEGO;Lego;;;218;P00251
LEONARD;Leonard;;;219;P00252
LES CONTES;Les Contes;;;417;P00253
LF;LF Cigars;;;220;P00254
LI & FUNG;Li & Fung;;;221;P00255
LINDT;Lindt;;;222;P00256
LIT. TIKES;LITTLE TIKES;;;223;P00257
LOCCITANE;Loccitane;;;224;P00258
LONGCHAMP;Longchamp;;;225;P00259
LOREAL;L'саксOreal;;;226;P00260
LOZZA;Lozza;;;227;P00261
LUXOTTICA;Luxottica Eyewear;;;228;P00262
LVMH;LVMH;;;229;P00263
M&OATES;Morgan & Oates;;;230;P00264
M_FANTINI;Marco Fantini;;;231;P00265
M_PRESS;Media Press;;;232;P00266
M_S;Morelatto&Sector;;;233;P00267
MACLEOD DI;LAN MACLEOD DISTILLERS LTD;;;234;P00268
MAGNATIC;Magnatic;;;452;P00269
MAJORICA;;;;486;
MAMONT;ОАО "Иткульский спиртзавод";2245000523;220250001;235;P00270
MANOIR;MANOIR;;;1672;
MANTERO;Mantero Fashions;;;236;P00271
MARCHON;Marchon;;;237;P00272
MARCO_POLO;MARCO POLO;;;238;P00273
MARCOLIN;Marcolin Eyewear;;;239;P00274
MARMELAND;Marmelandia;;;240;P00275
MARS;Master Foods;;;241;P00276
MASQUE;Masque;;;242;P00277
MATTEL;MATTEL;;;243;P00278
MAUI_JIM;Maui Jim Eyewear;;;244;P00279
MAURER;Maurer & Wirtz;;;245;P00280
MD GURMEX;MD Gurmex;;;1675;
ME TO YOU;Me to you;;;246;P00281
MEIRAT T;Meirat T;;;428;P00282
MEMO;Memo;;;247;P00283
MEPI;MEPI;;;1680;
MEUKOW;Muekow Cognac;;;248;P00284
MG_CELLERS;MG Cellars;;;249;P00285
MGA ENTER;MGA Intertainment;;;250;P00286
MGAE;MGAe;;;251;P00287
MGI;Movado Group Inc.;;;252;P00288
MICALLEF;Micallef;;;457;P00289
MILUS;Milus;;;253;P00290
MISSONI;MISSONI;;;1683;
MONELLA;Monella;;;254;P00291
MONSUNO;Monsuno;;;419;P00292
MONTALE;Montale;;;255;P00293
MONTBLANC;Montblanc;;;256;P00294
MORELATTO&;Morelatto&Sector;;;257;P00295
MORELLATO;Morellato;;;258;P00296
MORGAN;MORGAN;;;259;P00297
MOSCHINO;Moschino;;;260;P00298
MOXIE;Moxie;;;261;P00299
MT_BV;Maxxium Trading;;;262;P00300
NANO SPEED;Nano Speed;;;263;P00301
NANODOTS;NANODOTS;;;1671;
NAPALI SAS;Napali SAS;;;264;P00302
NB;Nouvelle Bague;;;265;P00303
NB COMPANY;NB Company;;;266;P00304
NEMIROFF;Nemiroff;;;267;P00305
NESTLE;Nestle;;;268;P00306
NICI GMBH;Nici GmbH;;;269;P00307
NICLAS;NICLAS;;;270;P00308
NIKE;Nike;;;271;P00309
NINA RICCI;Nina Ricci;;;272;P00310
NO MANUF;No Manufacturer;;;273;P00311
NOMINATION;Nominationloreal;;;274;P00312
NORD_COMP;Severnaya Companiya;;;275;P00313
NORTH EAST;North EFfast Company;;;276;P00314
NOVII_SVET;Novii Svet Wines;;;277;P00315
O. WEBER;O. Weber;;;278;P00316
OAKLEY;Oakley;;;279;P00317
OAPLI;OAPLI;;;280;P00318
OLLVIN;OLLVIN;;;281;P00319
OVERSEAS;OVERSEAS;;;1759;
OXETTE;Oxette;;;282;P00320
P_CLARENCE;P. CLARENCE;;;283;P00321
P_G;Procter & Gamble;;;284;P00322
P_RICARD;Pernod Ricard;;;285;P00323
P00481;Agio Sigarenfabriken N.V.;;;495;P00481
P00482;Agricola y Comercial Santa Camila S.A.;;;496;P00482
P00483;Aldo e ivo portolano-guanti s.r.l.;;;497;P00483
P00484;Alexander Gordon&Co;;;498;P00484
P00485;Alfred Dunhill ltd;;;499;P00485
P00486;Allied Brands S.r.l.;;;500;P00486
P00487;Altia Plc;;;501;P00487
P00488;Anejos de Altura;;;502;P00488
P00489;Antonio Puig S.A.;;;503;P00489
P00490;Apple Toys Development Co Ltd;;;504;P00490
P00491;Armadis S.N.;;;505;P00491
P00492;Arthur Bell&Sons;;;506;P00492
P00493;August Storck KG;;;507;P00493
P00495;BMP Grey Goose;;;508;P00495
P00496;BVM S.P.A.;;;509;P00496
P00497;Balmers Ltd.,Ирландия;;;510;P00497
P00498;Balvenie Distillery Company;;;511;P00498
P00499;Baronne Philippine de Rothschild g.f.a.;;;512;P00499
P00500;Baume&Mercier Watch;;;513;P00500
P00501;Beijing Rain-Lotus Art&Gift;;;514;P00501
P00502;Bejar Signature S.L.;;;515;P00502
P00503;Belvedere Skandinavia A/S;;;516;P00503
P00504;Benbat Ltd;;;517;P00504
P00505;Berntzen-Groupe AG;;;518;P00505
P00506;Berry Bros & Rudd Spirits Ltd (BB&R Spirits Ltd);;;519;P00506
P00507;Binding Brauerei AG;;;520;P00507
P00508;Binney&Smith;;;521;P00508
P00509;Bisquit Dubouche et Cie;;;522;P00509
P00510;Blue Box International Ltd.;;;523;P00510
P00511;BoBeJo Management/Cocorose London;;;524;P00511
P00512;Bodegas Jose de la Cuesta;;;525;P00512
P00513;Boley International (NK) Ltd;;;526;P00513
P00514;Bols Distilleries;;;527;P00514
P00515;Boots contract manufacturing;;;528;P00515
P00516;Branford Limited;;;529;P00516
P00517;Brugal&Co.,C.por A.;;;530;P00517
P00518;Budweiser Budvar N.C./Budejovicky Budvar n.p.;;;531;P00518
P00519;C.F.T.Commercio Fibre Tessili srl;;;532;P00519
P00520;C.G.E.V.F.;;;533;P00520
P00521;C.I Du Domaine De Chateau Pichon Longueville Comte;;;534;P00521
P00522;CIDAV Corp, Inc;;;535;P00522
P00523;Canadian Club Import Company;;;536;P00523
P00524;Candyrific LLC;;;537;P00524
P00525;Caol Ila Distillery;;;538;P00525
P00526;Captain Morgan Rum Company;;;539;P00526
P00527;Carla Fracci Parfums;;;540;P00527
P00528;Cartier;;;541;P00528
P00529;Casa Herradura;;;542;P00529
P00530;Casio;;;543;P00530
P00531;Cellap Laboratoire S.A.;;;544;P00531
P00532;Cepia LLC;;;545;P00532
P00533;Champagne Bollinger;;;546;P00533
P00534;r;;;547;P00534
P00535;Champagne Moet&Chandon;;;548;P00535
P00536;Champagnes&Heidsieck;;;549;P00536
P00537;Charles Burc S.C.E.A.;;;550;P00537
P00538;Charles Mackinlay&Co;;;551;P00538
P00539;Charles Tanqueray&Co;;;552;P00539
P00540;Chateau Haut-Bailly S.C.A.;;;553;P00540
P00541;Chateau Lagrange SA;;;554;P00541
P00542;Chateau Magence;;;555;P00542
P00543;Chateau Margaux S.C.A.;;;556;P00543
P00544;Chateau Palmer S.C.I.;;;557;P00544
P00545;Chateau Pavie;;;558;P00545
P00546;Chateau Rausan-Segla;;;559;P00546
P00547;Chateau de Cognac S.A.S.;;;560;P00547
P00548;Chericole Trademark ltd;;;561;P00548
P00549;Chic Trading S.r.l.;;;562;P00549
P00550;China Hualu Panasonic AVC Networks Co., Ltd.;;;563;P00550
P00551;China Shaoxing Yellow Wine Group;;;564;P00551
P00552;Chivas Brothers LTD;;;565;P00552
P00553;Christian Drouin S.A.;;;566;P00553
P00554;Chromavis;;;567;P00554
P00555;Churchill's Confectionery ltd;;;568;P00555
P00556;Civile du Cheval Blanc;;;569;P00556
P00557;Ck Watches&Jewelry Co.Ltd;;;570;P00557
P00558;Clementoni S.P.A.;;;571;P00558
P00559;Clynelish Distillery;;;572;P00559
P00560;Cointreau;;;573;P00560
P00561;Colep CCL Bad Schmiedeberg GmbH;;;574;P00561
P00562;Collaert L'Aiglon S.A.;;;575;P00562
P00563;Compania Cervecera del Tropico, SA De CV, Blvd;;;576;P00563
P00564;Concorp Jirnsum BV;;;577;P00564
P00565;Corinthian Marketing Ltd;;;578;P00565
P00566;Corporacion Cuba Ron S.A.;;;579;P00566
P00567;Cosmeta;;;580;P00567
P00568;Cosmint S.P.A.;;;581;P00568
P00569;Courvoisier S.A.;;;582;P00569
P00570;DCM SPA;;;583;P00570
P00571;Dalmore Distillery;;;584;P00571
P00572;Dalwhinnie Distillery;;;585;P00572
P00573;Dama S.P.A.;;;586;P00573
P00574;David Campari-Milano S.P.A.;;;587;P00574
P00575;Debrise-Dulac;;;588;P00575
P00576;Delamain & Co;;;589;P00576
P00577;Delas Freres;;;590;P00577
P00578;Designer Shaik Inc.(Arabia);;;591;P00578
P00579;Diageo Operations Italy S.p.a;;;592;P00579
P00580;Diana S.R.L.;;;593;P00580
P00581;Dickie Spielzeug Gmbh&co KG;;;594;P00581
P00582;Distell Ltd.;;;595;P00582
P00583;Distilleria bottega srl.;;;596;P00583
P00584;Distillerie Merlet & Fis;;;597;P00584
P00585;Distillers de Matha;;;598;P00585
P00586;Divage International SRL;;;599;P00586
P00587;Domaine Clarence;;;600;P00587
P00588;Domaine de Saint-Just;;;601;P00588
P00589;Domanie Pinnacle Inc.;;;602;P00589
P00590;Domecq Bodegas S.L.;;;603;P00590
P00591;Dongguan Zhongma Toys Co.Ltd;;;604;P00591
P00592;Dubey&Schaldenbrand;;;605;P00592
P00593;EUREKA BVBA;;;606;P00593
P00594;Edrington Distillers;;;607;P00594
P00595;Embotellado Por BVHSL;;;608;P00595
P00596;Embotellado para Bodegas Baron de Ariana;;;609;P00596
P00597;Ets Debrise Dulac&Cie;;;610;P00597
P00598;Eurowinegate SA.;;;611;P00598
P00599;Fabricas Agrupadas de Munecas de Onil, S.A.;;;612;P00599
P00600;Fendi Parfums P.L.I.;;;613;P00600
P00601;Ferration Pere & Fils;;;614;P00601
P00602;Forall Confezioni S.p.A.;;;615;P00602
P00603;Fragrance and Skincare, S.L;;;616;P00603
P00604;Frankonia Schokoladenwerke GmbH;;;617;P00604
P00605;Freihof Distillerie W.Hammerle GmbH&Co.;;;618;P00605
P00606;Frey Wille;;;619;P00606
P00607;Futurtrade inv.AG;;;620;P00607
P00608;G&J Greenall;;;621;P00608
P00609;Gallaher Limited;;;622;P00609
P00610;Gamze Limited;;;623;P00610
P00611;Gattvevecchi SRL;;;624;P00611
P00612;Georg Hemmeter GmbH;;;625;P00612
P00613;George Ballaintine;;;626;P00613
P00614;George&J.G.Smith Ltd;;;627;P00614
P00615;Gillette UK;;;628;P00615
P00616;Gilmar Divisione Industria S.P.A.;;;629;P00616
P00617;Giochi Preziosi S.p.A.;;;630;P00617
P00618;Giorgio Janeke s.r.l.;;;631;P00618
P00619;Glenkinchie Dist;;;632;P00619
P00620;Golden Horse Arts & Crafts Co.,LTD;;;633;P00620
P00621;Golden Lady S.p.a.;;;634;P00621
P00622;Grolsche Bierbrouwerij Nederland B.V.;;;635;P00622
P00623;Guangdong Alpha Animation & Culture Co, Ltd ;;;636;P00623
P00624;Guangdong Auldey Toy Industry Co.,Ltd;;;637;P00624
P00625;Guerlain S.A.;;;638;P00625
P00626;Habanos S.A.;;;639;P00626
P00627;Hanesbrands Europe GmbH;;;640;P00627
P00628;Hangzhou Tongoing Imp&Exp Co., Ltd;;;641;P00628
P00629;Happy Well International Enterprise Ltd;;;642;P00629
P00630;Havana Club International S.A.;;;643;P00630
P00631;Highland Park Distillery Ltd.;;;644;P00631
P00632;Hiram Walker-Pernod Ricard USA;;;645;P00632
P00633;Hong Hing Off-Set Printing Co. Ltd.;;;646;P00633
P00634;Hotcakes Limited;;;647;P00634
P00635;I.B.B.Amsterdam B.V.;;;648;P00635
P00636;I.F.D. (International Fashion Distributors Ltd);;;649;P00636
P00637;ICR S.P.A.;;;650;P00637
P00638;Ian Macleod Dist;;;651;P00638
P00639;Immagine-S.R.L.;;;652;P00639
P00640;Imperial Tobacco Limited.;;;653;P00640
P00641;Indian Sources;;;654;P00641
P00642;Intercos;;;655;P00642
P00643;Interfila;;;656;P00643
P00644;Internacional Cubana de Tabacos;;;657;P00644
P00645;Irish Distillers Limited;;;658;P00645
P00646;Ittierre S.P.A.;;;659;P00646
P00647;Jack Daniels Distillery;;;660;P00647
P00648;Jacques Lemans G.m.b.H.;;;661;P00648
P00649;James B.Beam Distilling Co.Beam;;;662;P00649
P00650;James Burrough;;;663;P00650
P00651;Jan Becher-Karlovarska Becherovka  A.S.;;;664;P00651
P00652;Jas Hennessy&Co;;;665;P00652
P00653;Jean Luc et Paul Aegerter;;;666;P00653
P00654;Jiangsu Guotai International Group Guomao Co.Ltd;;;667;P00654
P00655;Jieyang Defa Industry Co, Ltd;;;668;P00655
P00656;John Dewar and Sons Ltd;;;669;P00656
P00657;John Haig&Co;;;670;P00657
P00658;John Harvey&Sons;;;671;P00658
P00659;John Jameson&Son;;;672;P00659
P00660;John Walker and Sons;;;673;P00660
P00661;Junfa Toys Ltd;;;674;P00661
P00662;Justerini&Brooks;;;675;P00662
P00663;KT&G Corp.;;;676;P00663
P00664;Kik Custom products;;;677;P00664
P00665;Koh-i-noor;;;678;P00665
P00666;Kraft Foods ;;;679;P00666
P00667;Kunshan Tokiwa Cosmetics Co.;;;680;P00667
P00668;Kweichow Moutai Co;;;681;P00668
P00669;L'Oreal Products de Luxe Int.;;;682;P00669
P00670;L'Oreal Travel Retail;;;683;P00670
P00671;L'amy SA;;;684;P00671
P00672;La Cave de L'Abbe Rous;;;685;P00672
P00673;La Rojena;;;686;P00673
P00674;Lang Brothers Ltd;;;687;P00674
P00675;Laphroaing Distillery;;;688;P00675
P00676;Lenada Light Ltd;;;689;P00676
P00677;Les Caves de Landiras-Louis Eschenauer;;;690;P00677
P00678;Les Grands chais de France;;;691;P00678
P00679;Lian Xin Hardware & Plastic Toys Fly. Ltd;;;692;P00679
P00680;Limoncello Di Capri srl;;;693;P00680
P00681;Long John Distilleries Dumbarton;;;694;P00681
P00682;Longines Watch;;;695;P00682
P00683;Luis Caballero S.A.;;;696;P00683
P00684;Lukas Bols B.V.;;;697;P00684
P00685;Lunettes Rege & Associes SA;;;698;P00685
P00686;MEGA Brands Inc.;;;699;P00686
P00687;MHCS/МХСС;;;700;P00687
P00688;Macallan Distillers Ltd.;;;701;P00688
P00689;Macdonald & Muir Ltd;;;702;P00689
P00690;Maison Peuchet;;;703;P00690
P00691;Maison Roullet-Fransac;;;704;P00691
P00692;Maker's Mark Distillery, Inc;;;705;P00692
P00693;Malibu-Kahlua;;;706;P00693
P00694;Manakas Frankfurt;;;707;P00694
P00695;Mars France/Nederl/GmbH;;;708;P00695
P00696;Mars Nederland B.V.;;;709;P00696
P00697;Martell & Co;;;710;P00697
P00698;Martini and Rossi S.P.A.;;;711;P00698
P00699;Mattew Gloag and Son Ltd.;;;712;P00699
P00700;May Cheong Toys Products FTY.Ltd;;;713;P00700
P00701;Mega Brands Inc;;;714;P00701
P00702;Mimex Brands & Labels B.V.;;;715;P00702
P00703;Molinari Italia S.p.A.;;;716;P00703
P00704;Moose Enterprise PTY Ltd;;;717;P00704
P00705;Mount Gay Distilleries Ltd;;;718;P00705
P00706;Mozart Distillerie GMBH;;;719;P00706
P00707;Mr and Mme Alain Aubert;;;720;P00707
P00708;Muelhens GmbH&Co.KG;;;721;P00708
P00709;Nearing Company Ltd;;;722;P00709
P00710;Nelostuote OY;;;723;P00710
P00711;Nicaragua American Tobacco S.A.;;;724;P00711
P00712;Niche Drinks Company Limited;;;725;P00712
P00713;Novaseta S.p.A.;;;726;P00713
P00714;OK Cigars Corp Inc;;;727;P00714
P00715;OPI Products Inc;;;728;P00715
P00716;Ori Industria S.P.A.;;;729;P00716
P00717;Orlando Wines;;;730;P00717
P00718;P&J Production AB;;;731;P00718
P00719;P&S Heidsieck;;;732;P00719
P00720;P.T.International Co.Ltd;;;733;P00720
P00721;PT Sung Won Indonesia;;;734;P00721
P00722;Pacific Creation Parfum beaute;;;735;P00722
P00723;Paco Rabanne Parfums;;;736;P00723
P00724;Palm Beach Beaute LLC;;;737;P00724
P00725;Parfums Christian Dior S.A.;;;738;P00725
P00726;Parfums Roshas S.A.S.;;;739;P00726
P00727;Parmeggiani Snc;;;740;P00727
P00728;Perfumeria Gal S.A.;;;741;P00728
P00729;Perfumes LOEWE S.A.;;;742;P00729
P00730;Philips Consumer;;;743;P00730
P00731;Pioneer Toy;;;744;P00731
P00732;Plus It S.P.A.;;;745;P00732
P00733;Privatbrauerei  Erdinger Weissbrau Werner Brombach;;;746;P00733
P00734;Product Development Partners Ltd.;;;747;P00734
P00735;Protos;;;748;P00735
P00736;Pt.Sung Won Indojaya;;;749;P00736
P00737;Pucci Parfums;;;750;P00737
P00738;Puig Prestige Beaute SAS-Paco Rabanne Nina Ricci;;;751;P00738
P00739;Qidong First Import&Export;;;752;P00739
P00740;Qingdao Golden Bear Co. Ltd;;;753;P00740
P00741;R&A Bailey & Co;;;754;P00741
P00742;Rado Watch;;;755;P00742
P00743;Ratti S.p.A.;;;756;P00743
P00744;Ravoire & Fils ;;;757;P00744
P00745;Raymond Weil;;;758;P00745
P00746;Raynal Cie Scotland and Raynal et Cie SAS;;;759;P00746
P00747;Remy Martin & Co;;;760;P00747
P00748;Revell Gmbh&Co.,KG;;;761;P00748
P00749;Russian Sturgeon GMBH in Demmin;;;762;P00749
P00750;S.&E.and A. Metaxa A.B.E.;;;763;P00750
P00751;S.A. Inter Development Diffusion;;;764;P00751
P00752;S.C.De Chateau Rieussec S.A.S. (Barons de Rothschi;;;765;P00752
P00753;S.C.E.A. des Vignobles Sudrat-Melet;;;766;P00753
P00754;SNC P.Frapin & Cie;;;767;P00754
P00755;Salzburger Schokolade und Susswarenfabrik, Австрия;;;768;P00755
P00756;Sandeman Jerez, S.L.;;;769;P00756
P00757;Scandinavian Tobacco Group;;;770;P00757
P00758;Scannon S.A.;;;771;P00758
P00759;Sce les Vignobles Jander;;;772;P00759
P00760;Scea Garde Et Fils Chateau Haut Goujon;;;773;P00760
P00761;Scea Les Hauts de Sainte Marie;;;774;P00761
P00762;Scev Lagrezette;;;775;P00762
P00763;Schwan Stabilo;;;776;P00763
P00764;Seita Groupe Altadis;;;777;P00764
P00765;Shanghai First Arts&Crafts Co.Ltd;;;778;P00765
P00766;Shantou Cheghai;;;779;P00766
P00767;Shantou City Daxiang Plastic Toy Products Co, Ltd;;;780;P00767
P00768;Shiner Toys International Limited;;;781;P00768
P00769;Sichuan Swellfun Co ltd;;;782;P00769
P00770;Simba Toys Gmbh&co KG;;;783;P00770
P00771;Smoby Toys SAS;;;784;P00771
P00772;Societe Civile Agricole du Chateau La Lagune;;;785;P00772
P00773;Societe Civile Du Chateau Lafite Rothschild;;;786;P00773
P00774;Societe Fermiere Du Chateau leoville Poyferre;;;787;P00774
P00775;Societe Fermiere des Domaines Kressmann;;;788;P00775
P00776;Societe Montagne & Cie;;;789;P00776
P00777;Societe des Produits Marnier-Lapostolle;;;790;P00777
P00778;Sofamo;;;791;P00778
P00779;Sogrape Vinhos, S.A.;;;792;P00779
P00780;Sovex Woltner S.A.S. Negociant;;;793;P00780
P00781;St-Remy CLS Remy Cointreau;;;794;P00781
P00782;Stadlbauer;;;795;P00782
P00783;Stollwerck GmbH ;;;796;P00783
P00784;Swiss smile cosmetics AG;;;797;P00784
P00785;TKK TOHO HK Ltd;;;798;P00785
P00786;Tabacalera A.Fuente;;;799;P00786
P00787;Talisker Distillery;;;800;P00787
P00788;Tequila Don Julio S.A. de C.V.;;;801;P00788
P00789;Tequila Sauza S.A. De C.V.;;;802;P00789
P00790;The Art of Shaving;;;803;P00790
P00791;The Balvenie Distillery Company;;;804;P00791
P00792;The Beautiful Mind Series Ltd.;;;805;P00792
P00793;The Bombay Spirits Company;;;806;P00793
P00794;The Dufftown Distillery;;;807;P00794
P00795;The Girvan Distillery;;;808;P00795
P00796;The Glenfiddich Distillery;;;809;P00796
P00797;The Isle of Jura Distillery;;;810;P00797
P00798;The Macallan Distillers Ltd;;;811;P00798
P00799;The Old Bushmills Distillery Company Ltd;;;812;P00799
P00800;The Wrigley Company ltd;;;813;P00800
P00801;Thierry Mugler Parfums;;;814;P00801
P00802;Thomas Hine & Co;;;815;P00802
P00803;Thomas Sheridan & Sons;;;816;P00803
P00804;Tissot S.A.;;;817;P00804
P00805;Tommy Hilfiger Footwear Europe GmbH;;;818;P00805
P00806;Torre SRL;;;819;P00806
P00807;Trefl;;;820;P00807
P00808;Trinkt Getraenke Gmbh;;;821;P00808
P00809;Tullamore Dew Company Ltd;;;822;P00809
P00810;UAB Philip Morris Lietuva;;;823;P00810
P00811;UNIT Handelsgesellschaft m.b.H;;;824;P00811
P00812;Ungava Gin Co;;;825;P00812
P00813;V&S Vin&Spirit AB ;;;826;P00813
P00814;VIVID EUROPE;;;827;P00814
P00815;Veuve Clicquot Ponsardin;;;828;P00815
P00816;Vignobles Labuzan Earl;;;829;P00816
P00817;Vita Production Ltd;;;830;P00817
P00818;Vivid Imaginations Ltd;;;831;P00818
P00819;W.Goebel;;;832;P00819
P00820;Wells & Young's Brewing Co Ltd;;;833;P00820
P00821;White Horse Distillers;;;834;P00821
P00822;Wiener Spielkartenfabrik Piatnik&Sohne;;;835;P00822
P00823;Wild Planet Entertainment inc.;;;836;P00823
P00824;William Teacher&Sons Ltd;;;837;P00824
P00825;World Connect AG;;;838;P00825
P00826;Wrigley;;;839;P00826
P00827;Xin Yu Arts Toys Co.Ltd;;;840;P00827
P00828;Xinghui Auto Model Co;;;841;P00828
P00829;Yinlips Technology ltd;;;842;P00829
P00830;Yves Lambert;;;843;P00830
P00831;Zenith;;;844;P00831
P00832;Zhongshan Guangyuan Toys Co.,Ltd;;;845;P00832
P00833;А.В.Фабер-Кастэлл Косметик;;;846;P00833
P00834;Дж.Т.Интернэшнл ГМБХ;;;847;P00834
P00835;Дж.Т.и.Полска Сп.з.о.о.;;;848;P00835
P00836;ЗАО "ВИЛАШ";;;849;P00836
P00837;ЗАО "Ереванский коньячный завод";;;850;P00837
P00838;ЗАО "Калужский рыбоводный осетровый комплекс";;;851;P00838
P00839;ЗАО "Ликероводочный завод"Топаз";5038002790;997350001;852;P00839
P00840;ЗАО "Московская Пивоваренная Компания";5029104266;502901001;853;P00840
P00841;ЗАО "Мултон";;;854;P00841
P00842;ЗАО "Новопак+";;;855;P00842
P00843;ЗАО "Озерский сувенир";;;856;P00843
P00844;ЗАО "СевероВосточная компания ЛТД";;;857;P00844
P00845;КОСМЭР;;;858;P00845
P00846;Кореа Табако энд Гинсенг корп;;;859;P00846
P00847;Лэтин Сигарс Де Никарагуа;;;860;P00847
P00848;Н.В.Л'Ореаль Либрамон С.А.;;;861;P00848
P00849;ОАО "Алкон";5321028769;532101001;862;P00849
P00850;ОАО "Би-энд-би";;;863;P00850
P00851;ОАО "Кондитерский концерн Бабаевский";;;864;P00851
P00852;ОАО "Костромской ликеро-водочный завод";7730605160;773001001;865;P00852
P00853;ОАО "Костромской ликероводочный завод";;;866;P00853
P00854;ОАО "Московская кондитерская фабрика "Красный Октя;;;867;P00854
P00855;ОАО "Московский вино-коньячный завод "КИН";;;868;P00855
P00856;ОАО "Рот Фронт";;;869;P00856
P00857;ОАО "САН ИнБев";;;870;P00857
P00858;ООО "San Tekstil";;;871;P00858
P00859;ООО "Аксессуар Фур";;;872;P00859
P00860;ООО "АртТрейд";;;873;P00860
P00861;ООО "Беловодье";;;874;P00861
P00862;ООО "Бискотти плюс";;;875;P00862
P00863;ООО "Благовест";;;876;P00863
P00864;ООО "Брау Сервис";;;877;P00864
P00865;ООО "Винный Дом";5029121462;502901001;878;P00865
P00866;ООО "Диана";;;879;P00866
P00867;ООО "Дилан+";;;880;P00867
P00868;ООО "Комета-плюс";;;881;P00868
P00869;ООО "Кондитерская фабрика "Победа";;;882;P00869
P00870;ООО "Конфаэль";;;883;P00870
P00871;ООО "ЛВЗ Суворовский";2618019880;261801001;884;P00871
P00872;ООО "Монетный двор универс";;;885;P00872
P00873;ООО "Мценский спиртоводочный завод "Орловская Креп;5717001399;571701001;886;P00873
P00874;ООО "Национальные алкогольные традиции";;;887;P00874
P00875;ООО "Одинцовская кондитерская фабрика";;;888;P00875
P00876;ООО "ПЕТРО";;;889;P00876
P00877;ООО "Парламент Продакшн";;;890;P00877
P00878;ООО "Первый Купажный Завод", г.Тула;;;891;P00878
P00879;ООО "Русские осетры-Адыгея";;;892;P00879
P00880;ООО "Торговый дом "Медведь";;;893;P00880
P00881;ООО "ЧЗАП" Ост-Алко;;;894;P00881
P00882;ООО "Юпитер Продакшн";7325090024;732501001;895;P00882
P00883;ООО ЛВЗ "Саранский";;;896;P00883
P00884;ООО РВК "Раскат";;;897;P00884
P00885;Продуктора Альбеса Карретера де Бургос;;;898;P00885
P00886;Сикос&Сие;;;899;P00886
P00887;Фапаго&Сие;;;900;P00887
P00888;Филиал ОАО"МКШВ"-"Кавигрис";7729007350;262702001;901;P00888
P00889;Шван Косметикс СР;;;902;P00889
P00890;Интеркос;;;903;P00890
P00891;Antonio Puig.S.A.;;;904;P00891
P00892;August Stork KG;;;905;P00892
P00893;Bacardi Corporation;;;906;P00893
P00894;Borie Manoux;;;907;P00894
P00895;British-American Tobacco ;;;908;P00895
P00896;Bvlgari Parfums;;;909;P00896
P00897;Calvin Klein Parfums/Unilever Cosmetics Intern.;;;910;P00897
P00898;Carlsberg Breweries A/S;;;911;P00898
P00899;Chocoladefabriken Lindt & Sprungli (sCHWEIZ) AG;;;912;P00899
P00900;Claro Watch SA;;;913;P00900
P00901;Corne Port-Royal;;;914;P00901
P00902;Coty Prestige;;;915;P00902
P00903;Courvoisier S.A.S;;;916;P00903
P00904;Danielle Roshes;;;917;P00904
P00905;Euroltalia srl;;;918;P00905
P00906;Fendi Perfumes-P.L.I.;;;919;P00906
P00907;Ferrero S.p.A.;;;920;P00907
P00908;Folli Follie Hong Kong Limited;;;921;P00908
P00909;Forall Confezioni S.P.A;;;922;P00909
P00910;Gallaher Polska Sp.Z.o.o.;;;923;P00910
P00911;Givenchy ;;;924;P00911
P00912;Godiva Chocolatier;;;925;P00912
P00913;ITF S.p.a.;;;926;P00913
P00914;JT International Germany GmbH;;;927;P00914
P00915;JTI Tutun Urunleri Sanayi A.S.;;;928;P00915
P00916;Jiangsu Guotai International Group Guomao Co. Ltd;;;929;P00916
P00917;John Jameson and Son;;;930;P00917
P00918;Kaloo Parfums;;;931;P00918
P00919;Kenzo Parfums;;;932;P00919
P00920;Kids First Co Ltd;;;933;P00920
P00921;LNB Business Development Ltd;;;934;P00921
P00922;LVMH Fragrance Brands S.A.;;;935;P00922
P00923;Laboratoires La Prairie S.A.;;;936;P00923
P00924;Lancaster Group S.A.M.;;;937;P00924
P00925;Lifetrons International Limited;;;938;P00925
P00926;Lindt&Sprungli AG;;;939;P00926
P00927;Luxottica;;;940;P00927
P00928;Macdonald and Muir Ltd;;;941;P00928
P00930;Martini&Rossi S.P.A.;;;942;P00930
P00931;Maui Jim Inc.;;;943;P00931
P00932;Mimex Brands&Labels;;;944;P00932
P00933;Mont Blanc Simplo GmbH;;;945;P00933
P00934;Morellato & Sector ltd;;;946;P00934
P00935;Morgan&Oates, Ltd;;;947;P00935
P00936;Nestle International Travel Retail SA;;;948;P00936
P00937;Nihon Kolmar;;;949;P00937
P00938;Nihon Seimitsu Sokki Co., Ltd;;;950;P00938
P00939;P.T.International Co;;;951;P00939
P00940;Panasonic Corporation;;;952;P00940
P00941;Parfums Davidoff;;;953;P00941
P00942;Parfums Luxe International-Fendi Parfums;;;954;P00942
P00943;Parfums Rochas S.A.S.;;;955;P00943
P00944;Pernod Ricard Mexico S.A.;;;956;P00944
P00945;Premier Portfolio Int Ltd;;;957;P00945
P00946;Puig Prestige Beaute-Paco Rabanne Nina Ricci;;;958;P00946
P00947;R&A Bailey&Co.;;;959;P00947
P00948;Reemstma Cigarettenfabriken GmbH;;;960;P00948
P00949;Rotkappchen;;;961;P00949
P00950;Safilo S.p.A.;;;962;P00950
P00951;Scannon S.A.S.;;;963;P00951
P00952;Shanghai First Arts;;;964;P00952
P00953;Skagen Design A.S.;;;965;P00953
P00954;Steamcream Ltd;;;966;P00954
P00955;Tashia;;;967;P00955
P00956;Unilever Cosmetics International;;;968;P00956
P00957;Uniset A/S;;;969;P00957
P00958;V&S Vin&Spirit AB (PUBL);;;970;P00958
P00959;WorldConnect AG;;;971;P00959
P00960;YSL Beaute;;;972;P00960
P00961;Галлахер Лимитед;;;973;P00961
P00962;Джапан Тобакко Инк.;;;974;P00962
P00963;ЗАО "Лиггетт-Дукат";;;975;P00963
P00964;ЗАО "Новопак";;;976;P00964
P00965;ЗАО "Хохломская роспись";;;977;P00965
P00967;ОАО Кондитерский концерн Бабаевский;;;978;P00967
P00968;ООО "Алкогольные заводы Гросс";;;979;P00968
P00969;ООО "Кондитерская фабрика "Волшебница";;;980;P00969
P00970;ООО "Конфаэль. Коллекция";;;981;P00970
P00971;ООО "Лего";;;982;P00971
P00972;ООО "Первый Купажный Завод";;;983;P00972
P00973;ООО "Сергиево-Посадская кондит.фабрика";;;984;P00973
P00974;ООО "Черноголовский завод алкогольной продукции "О;;;985;P00974
P00975;LONGCHAMP S.A.S.;;;986;P00975
P00976;RICHEMONT INTERNATIONAL SA;;;987;P00976
P00977;TEXIER S.A.;;;988;P00977
P00978;K.TSANIKIDIS;;;989;P00978
P00979;SAMSONITE EUROPE N.V.;;;990;P00979
P00980;FREY WILLE GMBH&CO.KG;;;991;P00980
P00981;MORGAN&OATES LTD;;;992;P00981
P00982;DOLCE&GABBANA INDUSTRIA S.P.A.;;;993;P00982
P00983;MONTBLANC SIMPLO GMBH;;;994;P00983
P00984;NINA RICCI GECOTEX S.A.;;;995;P00984
P00985;GIVENCHY S.A.;;;996;P00985
P00986;LANCEL SOGEDI S.A.;;;997;P00986
P00987;MANTERO SETA S.P.A.;;;998;P00987
P00988;JEANNE LANVIN S.A.;;;999;P00988
P00989;I.S.A. S.P.A.;;;1000;P00989
P00990;TRADING MARCO POLO S.R.L.;;;1001;P00990
P00991;KENZO S.A.;;;1002;P00991
P00992;JARILUX S.A.;;;1003;P00992
P00993;NINA RICCI ANTHIME MOULEY;;;1004;P00993
P00994;MARCO FANTINI S.R.L.;;;1005;P00994
P00995;FURLA S.P.A.;;;1006;P00995
P00996;BRAICONF;;;1007;P00996
P00997;FAM TURIZM EGITIM KURUMLARI VE DIS TICARET A.S.;;;1008;P00997
P00998;FENDI SILK S.A.;;;1009;P00998
P00999;IMMAGINE - S.R.L.;;;1010;P00999
P01000;GOLDEN LADY COMPANY S.P.A;;;1011;P01000
P01001;MARC ROZIER;;;1012;P01001
P01002;ESSE S.R.L.;;;1013;P01002
P01003;CENTROPEL PELZHANDEL GMBH;;;1014;P01003
P01004;PLUS IT-SOCIETA PER AZIONT;;;1015;P01004
P01005;ИП ЦИРКУНОВА;;;1016;P01005
P01006;PLUS IT;;;1017;P01006
P01007;FUTURTRADE INV.AG.;;;1018;P01007
P01008;GENTILI MOSCONI S.P.A.;;;1019;P01008
P01009;XIAMEN WONG'S MING FAT LIGHTER;;;1020;P01009
P01010;TICHEBOX S.R.L.;;;1021;P01010
P01011;ООО ДРИМЛЕКС;;;1022;P01011
P01012;FURLA S.R.L.;;;1023;P01012
P01013;VALI D.O.O.;;;1024;P01013
P01014;DIVAGE INTERNATIONAL S.R.L.;;;1025;P01014
P01015;HAINING MARIASOCKS CO.,LTD;;;1026;P01015
P01016;PRODOTTO DISTRIBUITO DA SWINGER INTERN. S.P.A.;;;1027;P01016
P01017;BULGARI S.P.A.;;;1028;P01017
P01018;PHILIPPE MATIGNON;;;1029;P01018
P01019;ISA S.P.A.;;;1030;P01019
P01020;SWINGER INTERNATIONAL S.P.A;;;1031;P01020
P01021;GIANNI VERSACE S.P.A.;;;1032;P01021
P01022;MEPI S.R.L;;;1033;P01022
P01023;CRISTALL S.R.L.;;;1034;P01023
P01024;FOSSIL (EUROPE) GMBH;;;1035;P01024
P01025;FILATESS SRL;;;1036;P01025
P01026;TOMMY HILFIGER EUROPE;;;1037;P01026
P01027;TOMMY HILFIGER FOOTWEAR;;;1038;P01027
P01028;SHENZHEN CARENS TRADING CO.,LTD;;;1039;P01028
P01029;BVM S.P.A;;;1040;P01029
P01030;RATTI S.P.A;;;1041;P01030
P01031;RATTI COLLEZIONI DIVISIONE S.P.A;;;1042;P01031
P01032;NOVASETA S.p.A;;;1043;P01032
P01033;ALDO E IVO PORTOLANO-GIANTI S.r.I.;;;1044;P01033
P01034;TINTAMAR;;;1045;P01034
P01035;LA  TWEEZ HK LIMITED;;;1046;P01035
P01036;FURLA EUROPE S.R.L.;;;1047;P01036
P01037;IMMAGINE -S.R.L.;;;1048;P01037
P01038;RATTI COLLEZIONI DIVISIONE RATTI S.P.A.;;;1049;P01038
P01039;TINTAMAR INTELLIGENT DAILY BAGS;;;1050;P01039
P01040;LONGCHAMP S.A.S;;;1051;P01040
P01041;ALBISETTI S.P.A.;;;1052;P01041
P01042;INDUSTRIAS DE OPTICA S.A.U.;;;1053;P01042
P01043;KRAFT FOODS WORLD TRAVEL RETAIL LLC;;;1054;P01043
P01044;LINDT&SPRUNGLI (SCHWEIZ) AG;;;1055;P01044
P01045;GODIVA BELGIUM NV;;;1056;P01045
P01046;MARS NETHERLANDS B.V.;;;1057;P01046
P01047;GODIVA BELGIUM BVBA;;;1058;P01047
P01048;ООО КОНДИТЕРСКОЕ ОБЪЕДИНЕНИЕ РОССИЯ;;;1059;P01048
P01049;CHOCOLADEFABRIKEN LINDT&SPRUNGLI (SCHWEIZ) AG;;;1060;P01049
P01050;ООО ДЮНА ВЕСТА;;;1061;P01050
P01051;MARS FRANCE;;;1062;P01051
P01052;ОАО КОНДИТЕРСКАЯ ФАБРИКА КАМСКАЯ;;;1063;P01052
P01053;ООО КОНДИТЕРСКАЯ ФАБРИКА ВЕРНОСТЬ КАЧЕСТВУ;;;1064;P01053
P01054;ОАО КРАСНЫЙ ОКТЯБРЬ;;;1065;P01054
P01055;BISCUITERIE JULES DESTROOPER NV;;;1066;P01055
P01056;AMOUAGE L.L.C.;;;1067;P01056
P01057;ANTHON BERG A/S;;;1068;P01057
P01058;L'ARTISAN PARFUMEUR;;;1069;P01058
P01059;BVLGARI PARFUMS S.A.;;;1070;P01059
P01060;STOLLWERCK GMBH WERK BERLIN;;;1071;P01060
P01061;NESTLE DEUTSCHLAND AG;;;1072;P01061
P01062;ИП ЕВСТРАТОВА С.В.;;;1073;P01062
P01063;FERRERO CANADA LTD;;;1074;P01063
P01064;NESTLE UK LTD;;;1075;P01064
P01065;KRAFT FOODS OSTERREICH;;;1076;P01065
P01066;KRAFT FOODS/OPAVIA-LU,S.R.O;;;1077;P01066
P01067;FERRERO AUSTRALIA PTY LTD;;;1078;P01067
P01068;NESTLE BULGARIA A.D.;;;1079;P01068
P01069;KAMBLY SA;;;1080;P01069
P01070;WRIGLEY POLAND SP.Z.O.O.  ;;;1081;P01070
P01071;CHOCOLADE FABRIKEN LIND& SPRUNGLI (SCHWEIZ) AG;;;1082;P01071
P01072;AUGUST STORCK KG ;;;1083;P01072
P01073;ЗАО КОНДИТЕРСКИЙ КОМБИНАТ ОЗЕРСКИЙ СУВЕНИР;;;1084;P01073
P01074;ООО ПРОДИНКО;;;1085;P01074
P01075;ООО ПЕРФЕТТИ ВАН МЕЛЛЕ;;;1086;P01075
P01076;ООО ЗОЛОТОЕ ПРАВИЛО;;;1087;P01076
P01077;ООО КАПИТАЛ;;;1088;P01077
P01078;ООО МАСКА;;;1089;P01078
P01079;LORIS AZZARO PARFUMS/CLARINS S.A;;;1090;P01079
P01080;PARFUMS LORIS AZZARO;;;1091;P01080
P01081;L'OREAL PRODUITS DE LUXE INTERNATIONAL;;;1092;P01081
P01082;L'OREAL PRODUCTS DE LUXE INTERNATIONAL/SICOS;;;1093;P01082
P01083;PROCTER&GAMBLE PRODUCT SUPPLY (UK) LIMITED;;;1094;P01083
P01084;ICR S.P.A;;;1095;P01084
P01085;TECNOCOSMESI S.P.A.;;;1096;P01085
P01086;COTY PRESTIGE PARIS;;;1097;P01086
P01087;LUCIANO SOPRANI SRL;;;1098;P01087
P01088;CHANEL S.A.S.;;;1099;P01088
P01089;INTERCOS EUROPE S.P.A.;;;1100;P01089
P01090;CHANEL PB;;;1101;P01090
P01091;PARFUMS CHRISTIAN DIOR;;;1102;P01091
P01092;CLARINS S.A.;;;1103;P01092
P01093;INTERCOS S.P.A.;;;1104;P01093
P01094;ESTEE LAUDER AG LACHEN;;;1105;P01094
P01095;ESTEE LAUDER COSMETICS LTD.;;;1106;P01095
P01096;ESTEE LAUDER COMPANIES INC.;;;1107;P01096
P01097;ESTEE LAUDER N.V.;;;1108;P01097
P01098;ESTEE LAUDER S.R.L.;;;1109;P01098
P01099;PARFUMS GIVENCHY S.A.;;;1110;P01099
P01100;L'OREAL PRODUCTS DE LUXE INT./FAPAGAU;;;1111;P01100
P01101;ESTEE LAUDER U.S.CORPORATE;;;1112;P01101
P01102;BEAUTE PRESTIGE INTERNATIONAL;;;1113;P01102
P01103;ELIZABETH ARDEN INTERNATIONAL SARL;;;1114;P01103
P01104;ELIZABETH ARDEN PARFUMS INTERNATIONAL/SDPP;;;1115;P01104
P01105;MUELHENS GMBH;;;1116;P01105
P01106;ESTEE LAUDER K.K.(KABUSHIKI KAISHA);;;1117;P01106
P01107;ESTEE LAUDER INC;;;1118;P01107
P01108;ESTEE LAUDER COMPANIES GMBH&CO.OHG.;;;1119;P01108
P01109;БИ ЭР АЙ;;;1120;P01109
P01110;ШВАНН СТАБИЛО;;;1121;P01110
P01111;КОСМЕТИК ЖМБШ&КО;;;1122;P01111
P01112;L'OREAL PRODUCTS DE LUXE INT./SOFAMO;;;1123;P01112
P01113;L'OREAL PRODUCTS DE LUXE INT./PRODUCTORA ALBESA;;;1124;P01113
P01114;L'OREAL PRODUCTS DE LUXE INT./STABILO INTERNATION;;;1125;P01114
P01115;EUROITALIA S.R.L.;;;1126;P01115
P01116;JV FRAGRANCE AND SKINCARE;;;1127;P01116
P01118;L'OREAL USA PRODUCTS, INC;;;1128;P01118
P01119;ASSURED P. INC;;;1129;P01119
P01120;LIBRAMONT SA;;;1130;P01120
P01121;PROCTER&GAMBLE OPERATIONS POLSKA SP.Z.O.O.;;;1131;P01121
P01122;L'OCCITANE S.A.;;;1132;P01122
P01123;L'OREAL PRODUKTION DEUTSHLAND GMBH;;;1133;P01123
P01124;L'OREAL TRAVEL RETAIL DPGP;;;1134;P01124
P01125;L'OREAL SAIPO S.P.A.;;;1135;P01125
P01126;L'OREAL PARIS TRAVEL RETAIL;;;1136;P01126
P01127;L'OREAL SAIPO INDUSTRIALE S.P.A.;;;1137;P01127
P01128;S.A. INTER DEVELOMENT DIFFUSION;;;1138;P01128
P01129;B.R.I.(BEAUTE, RECHERCHE INDUSTRIE);;;1139;P01129
P01130;FINE FRAGRANCES&COSMETICS LTD.;;;1140;P01130
P01131;YVES SAINT LAURENT PARFUMS;;;1141;P01131
P01132;C.F.E.B.SISLEY;;;1142;P01132
P01133;DANIELLE ROCHES;;;1143;P01133
P01134;PROCTER&GAMBLE PRESTIGE BEAUTE;;;1144;P01134
P01135;SHISEIDO AMERICA INC;;;1145;P01135
P01136;COSMEUROP;;;1146;P01136
P01137;CLARINS FRAGRANCE GROUP;;;1147;P01137
P01138;ESTEE LAUDER S.N.C.;;;1148;P01138
P01139;FIABILA;;;1149;P01139
P01140;PUIG FRANCE SAS;;;1150;P01140
P01141;KOTO PARFUMS;;;1151;P01141
P01142;TORRE S.R.L.;;;1152;P01142
P01143;STEAMCREAM LIMITED;;;1153;P01143
P01144;STARASIA ENTERPRISE LIMITED;;;1154;P01144
P01145;ELIZABETH ARDEN INTERNATIONAL SARL/ROANOKE PLANT;;;1155;P01145
P01146;ELIZABETH ARDEN INTERNATIONAL SARL/ ACCUCAPS;;;1156;P01146
P01147;BRAUN GMBH;;;1157;P01147
P01148;PHILIPS DAP B.V.;;;1158;P01148
P01149;ООО РТФ ДИАНА;;;1159;P01149
P01150;CELESTA INTL CO. LTD;;;1160;P01150
P01151;SENNHEISER ELECTRONIC GMBH & CO. KG;;;1161;P01151
P01152;PHILIPS CONSUMER LIFESTYLE B.V.;;;1162;P01152
P01153;ECTACO INC.;;;1163;P01153
P01154;БРАУН ЭЛЕКТРИК(ШАНХАЙ) КО.ЛТД.;;;1164;P01154
P01155;CASIO COMPUTER CO, LTD;;;1165;P01155
P01156;CANON NORTH-EAST OY;;;1166;P01156
P01157;MATSUSHITA ELECTRIC INDUSTRIAL CO., LTD.;;;1167;P01157
P01158;PANASONIC ELECTRIC WORKS WANBAO (GUANGZHOU) CO.;;;1168;P01158
P01159;TRANSCEND INFORMATION, INC.;;;1169;P01159
P01160;WIK CHINA LTD;;;1170;P01160
P01161;MATSUSHITA ELECTRIC WORKS WANBAO LTD.;;;1171;P01161
P01162;MATSUSHITA ELECTRIC WORKS, LTD.;;;1172;P01162
P01163;MATSUSHITA ELECTRIC WORKS WANBAO (GUANGZHOU) LTD.;;;1173;P01163
P01164;PANASONIC ELECTRIC WORKS WANBAO LTD.;;;1174;P01164
P01165;MATSUSHITA ELECTRIC WORKS, (THAILAND) CO., LTD.;;;1175;P01165
P01166;PANASONIC AVC NETWORKS SINGAPORE PTE. LTD.;;;1176;P01166
P01167;DEXXON DATA MEDIA S.A.;;;1177;P01167
P01168;THOMSON HONG KONG HOLDING LTD.;;;1178;P01168
P01169;PANASONIC AVC NETWORKS XIAMEN CO., LTD.;;;1179;P01169
P01170;PANASONIC SHIKOKU ELECTRONICS CO., LTD.;;;1180;P01170
P01171;PHILIPS CONSUMER ELECTRONICS B.V.;;;1181;P01171
P01172;EUROPE VERBATIM LTD. EGHAM, UK;;;1182;P01172
P01173;KINGSTON TECHNOLOGY CORPORATION;;;1183;P01173
P01174;ООО АБИ;;;1184;P01174
P01175;PRIMAX ELECTRONICS LTD;;;1185;P01175
P01176;PT. PANASONIC SHIKOKU ELECTRONICS INDONESIA;;;1186;P01176
P01177;PHILIPS ELECTRONICS LTD.;;;1187;P01177
P01178;VICTOR COMPANY OF JAPAN, LIMITED;;;1188;P01178
P01179;T'NB SA FRANCE;;;1189;P01179
P01180;VIEWQUEST TECHNOLOGIES (CHINA) INC.;;;1190;P01180
P01181;ENERGIZER SA;;;1191;P01181
P01182;DENN;;;1192;P01182
P01183;LOGIC3 INTERNATIONAL LTD.;;;1193;P01183
P01184;TENNRICH INTERNATIONAL CORP.;;;1194;P01184
P01185;HONG KONG CONCEPT AUDIO TECHNOLOGY;;;1195;P01185
P01186;SPECTRUM BRANDS SHENZHEN LTD;;;1196;P01186
P01187;VARTA CONSUMER BATTERIES GMBH & CO.KGAA;;;1197;P01187
P01188;CELLULAR ITALIA S.P.A;;;1198;P01188
P01189;UNIT ELECTRONICS (H.K.) LIMITED;;;1199;P01189
P01190;ЙИНЛИПС ДИЖИТАЛ ТЕХНОЛОДЖИ;;;1200;P01190
P01191;HARMAN CONSUMER GROUP;;;1201;P01191
P01192;МОНСТЕР КЕЙБЛ ПРОДАКТС, ИНК;;;1202;P01192
P01193;TRUST INTERNATIONAL B.V.;;;1203;P01193
P01194;DONGGUAN WISTA ELECTRONICS CO., LTD.;;;1204;P01194
P01195;SONY CORPORATION;;;1205;P01195
P01196;LIFETRONES TAIWAN;;;1206;P01196
P01197;LIFETRONES INTERNATIONAL LIMITED;;;1207;P01197
P01198;AMBASSADORS CHOICE LTD;;;1208;P01198
P01199;PASCO GMBH;;;1209;P01199
P01200;ZERO INC.;;;1210;P01200
P01201;NIHON SEIMITSU SOKKI CO.,LTD;;;1211;P01201
P01202;MAJORICA S.A.;;;1212;P01202
P01203;ООО МП МС-ХОЛДИНГ;;;1213;P01203
P01204;J.E.HAMMER&SOHNE GMBH;;;1214;P01204
P01205;CARRERA Y CARRERA;;;1215;P01205
P01206;A.T.CROSS LTD;;;1216;P01206
P01207;ORO VITCHENZA (CYPRUS) LTD;;;1217;P01207
P01208;GL GROUPE;;;1218;P01208
P01209;MAGERIT JOYAS;;;1219;P01209
P01210;ITALIAN LUXURY INDUSTRIES U.S.A. CORP.;;;1220;P01210
P01211;GROUPE MONTAIGNE S.A.;;;1221;P01211
P01212;TAMBER SP.ZO.O.;;;1222;P01212
P01213;CK WATCHES & JEWELRY CO.LTD.;;;1223;P01213
P01214;МОСКОВСКИЙ ЮВЕЛИРНЫЙ ЗАВОД СААВ;;;1224;P01214
P01215;AGATHA DIFFUSION;;;1225;P01215
P01216;LA MARQUISE;;;1226;P01216
P01217;SAM MISAKI;;;1227;P01217
P01218;TOSCOW PROPRIETARY LIMITED;;;1228;P01218
P01219;ANTICA MURRINA VENEZIANA S.R.L.;;;1229;P01219
P01220;SEA & SKY BV;;;1230;P01220
P01221;JCI JEWELLERY;;;1231;P01221
P01222;LES ATELIERS HORLOGERS DIOR SA;;;1232;P01222
P01223;FREY WILLE GMBH&CO. KG;;;1233;P01223
P01224;SERENA S.R.L.;;;1234;P01224
P01225;GOLDSILK INC;;;1235;P01225
P01226;SAG TRADING L.L.C;;;1236;P01226
P01227;ЗАО СЕВЕРО ВОСТОЧНАЯ КОМПАНИЯ ЛТД;;;1237;P01227
P01228;MACALLAN DISTILLERS LTD;;;1238;P01228
P01229;LA TWEEZ HK LIMITED;;;1239;P01229
P01230;FABER-CASTELL AG;;;1240;P01230
P01231;НПАО МАССАНДРА;;;1241;P01231
P01233;WILLIAM GRANT&SONS LIMITED;;;1242;P01233
P01234;ЗАО ЛИВИЗ;;;1243;P01234
P01235;V&S VIN&SPRIT AB;;;1244;P01235
P01236;ООО РУССКИЙ СТАНДАРТ ВОДКА;;;1245;P01236
P01237;JOHN DEWAR&SONS LTD.;;;1246;P01237
P01238;BORIE-MANOUX S.A.;;;1247;P01238
P01239;DELAMAIN & CO.;;;1248;P01239
P01240;FAIVELEY;;;1249;P01240
P01241;DEBRISE DULAC;;;1250;P01241
P01242;DESTILERIA  COLONIAL DE JALISCO;;;1251;P01242
P01243;BODEGAS YSIOS S.L.;;;1252;P01243
P01244;DISTILLERIA BOTTEGA SRL;;;1253;P01244
P01245;CHATEAU LAGRANGE S.A.S.;;;1254;P01245
P01246;ООО ЧЗАП ОСТ-АЛКО;;;1255;P01246
P01247;ООО ЧЕРНОГОЛОВСКИЙ ЗАВОД АЛКОГОЛЬНОЙ ПРОДУКЦИИ;;;1256;P01247
P01248;GEORGE & J.G.SMITH LTD;;;1257;P01248
P01249;THE FOSTER'S EUROPEAN PARTNERSHIP;;;1258;P01249
P01250;JACK DANIEL DISTILLERY;;;1259;P01250
P01251;УКРАИНСКАЯ ВОДОЧНАЯ КОМПАНИЯ NEMIROFF;;;1260;P01251
P01252;CHATEAU MAGENCE SCEA;;;1261;P01252
P01253;DIAGEO GLOBAL SUPPLY DUNDALK BREWERY;;;1262;P01253
P01254;PRIVATBRAUEREI ERDINGER WEISSBRAU WERNER BROMBACH;;;1263;P01254
P01255;CHATEAU MAGENCE EARL.;;;1264;P01255
P01256;S.C.DE CHATEAU RIEUSSEC S.A.S.;;;1265;P01256
P01257;S.C.DE CHATEAU LAFITE ROTHSCHILD;;;1266;P01257
P01258;C.I. DU DOMAINE DE CHATEAU PICHON LONGUEVILLE COM;;;1267;P01258
P01259;SOCIETE MONTAGNE&CIE;;;1268;P01259
P01260;MME L.P.LACOSTE;;;1269;P01260
P01261;CHATEAU PAVIE (VINOBLE PERSE);;;1270;P01261
P01262;CAMILLE GIROUD NEGOCIANT A BEAUNE;;;1271;P01262
P01263;FERRATON PERE&FILS;;;1272;P01263
P01264;ЗАО ВЕДА;;;1273;P01264
P01265;S.C.E.A.DES VIGNOBLES SUDRAT-MELET;;;1274;P01265
P01266;DOMAINE CLARENCE DILLON S.A.;;;1275;P01266
P01267;ООО КОКА-КОЛА ЭЙЧ БИ СИ ЕВРАЗИЯ;;;1276;P01267
P01268;MARQUES DE IRUN S.A.;;;1277;P01268
P01269;ООО ЛВЗ КУЧИНО;;;1278;P01269
P01270;ОАО МОСКОВСКИЙ ВИННО-КОНЬЯЧНЫЙ ЗАВОД КИН;;;1279;P01270
P01271;DOMAINE PINNACLE INC.;;;1280;P01271
P01272;BACARDI GMBH;;;1281;P01272
P01273;ОАО МАРИИНСКИЙ ЛИКЕРО-ВОДОЧНЫЙ ЗАВОД;;;1282;P01273
P01274;ООО МЦЕНСКИЙ СПИРТОВОДОЧНЫЙ КОМБИНАТ;;;1283;P01274
P01275;ООО НАЦИОНАЛЬНАЯ ВОДОЧНАЯ КОМПАНИЯ;;;1284;P01275
P01276;ООО ХОХВАЛИД НИДЕРЛАНД Б.В.;;;1285;P01276
P01277;RAVOIRE&FILS;;;1286;P01277
P01278;GATTAVECCHI SRL;;;1287;P01278
P01279;CHINA SHAOXING YELLOW WINE GROUP CO.,LTD;;;1288;P01279
P01280;CHAMPAGNE LAURENT-PERRIER;;;1289;P01280
P01281;EMBOTELLADO POR MARQUES DE IRUN S.A.;;;1290;P01281
P01282;EMBOTELLADO PARA BODEGAS BARON DE ARIANA S.L.;;;1291;P01282
P01283;BLACK VELVET DISTILLING COMPANY;;;1292;P01283
P01284;P&G PRODUCT SUPPLY LIMITED;;;1293;P01284
P01285;DISTILLERIES DE MATHA;;;1294;P01285
P01286;PRODUCED FOR BELVEDERE SCANDINAVIA A/C;;;1295;P01286
P01287;S.& E.& A.METAXA A.B.E.;;;1296;P01287
P01288;DULONG AF 33720 LANDIRAS;;;1297;P01288
P01289;CHATEAU DU GLANA;;;1298;P01289
P01290;JEAN-LUC AEGERTER A NUITS-SAINT-GEORGES;;;1299;P01290
P01291;EMB 83004D, ARCS SUR ARGENS;;;1300;P01291
P01292;DISTILLERIE MERLET & FIS (D.M.F.);;;1301;P01292
P01293;SCE LES VIGNOBLES  JANDER ;;;1302;P01293
P01294;KWEICHOW MOUTAI CO, LTD;;;1303;P01294
P01295;CAMUS LA GRANDE MARQUE S.A.;;;1304;P01295
P01296;SICHUAN SWELLFUN CO.,LTD;;;1305;P01296
P01297;HEINEKEN UK;;;1306;P01297
P01298;NESTLE WATERS SUPPLY SUD;;;1307;P01298
P01299;WILLIAM GRANT&SONS DISTILLERS LIMITED;;;1308;P01299
P01300;PERNOD RICARD MEXICO S.A. DE C.V.;;;1309;P01300
P01302;GEORGE BALLANTINE AND SON LTD;;;1310;P01302
P01303;R&A BAILEY&CO;;;1311;P01303
P01304;MHCS;;;1312;P01304
P01305;GODEFROY.H.VON MUMM&CO.SEKTKELLEREIEN GMBH;;;1313;P01305
P01306;DCM S.P.A.;;;1314;P01306
P01307;CLS REMY COINTREAU;;;1315;P01307
P01308;KAHLUA CO;;;1316;P01308
P01309;VALSER MINERALQUELLEN LTD;;;1317;P01309
P01310;V&S VIN&SPIRIT AB(PUBL);;;1318;P01310
P01311;MORRISON'S BOWMORE DISTILLERY;;;1319;P01311
P01312;МАСТ ЕГЕРМАЙСТЕР АГ;;;1320;P01312
P01313;JAMES B.BEAM DISTILLING CO.;;;1321;P01313
P01314;CLONTARF IRISH WHISKEY COMPANY;;;1322;P01314
P01315;ЗАО ПРАСКОВЕЙСКОЕ;;;1323;P01315
P01316;S.A.S. OENOALLIANCE;;;1324;P01316
P01317;ANTONIO NADAL S.A.;;;1325;P01317
P01318;ООО ЛИКЕРОВОДОЧНЫЙ ЗАВОД КАПУЧИНО;;;1326;P01318
P01319;ЗАО ФИРМА УРОЖАЙ;;;1327;P01319
P01320;MBG INTERNATIONAL PREMIUM BRANDS GMBH;;;1328;P01320
P01321;FELDSHLOSSCHEN BRAUEREI GMBH;;;1329;P01321
P01322;BACARDI ESPANA S.A.;;;1330;P01322
P01323;SPATEN-FRANZISKANER-BRAU GMBH;;;1331;P01323
P01324;INBEV BELGIUM N.V.;;;1332;P01324
P01325;LIEFMANS BROUWERIJ;;;1333;P01325
P01326;AGRICOLA SANTA CRISTINA LTD;;;1334;P01326
P01327;ЗАО КОНЦЕРН ГРУППА СОЮЗ;;;1335;P01327
P01328;ROOIBERG WINERY LTD;;;1336;P01328
P01329;COMPANIA CERVECERIA DEL TROPICO, SA DE CV BLVD;;;1337;P01329
P01330;ООО МИНЭЛЛА;;;1338;P01330
P01331;ЗАО СУВЕНИР;;;1339;P01331
P01332;ООО ДАНОВО;;;1340;P01332
P01333;ИЗДАТЕЛЬСТВО П-2;;;1341;P01333
P01334;ООО ХУДОЖЕСТВЕННАЯ ФАБРИКА МАСТЕРИЦА;;;1342;P01334
P01335;ООО РУССКИЕ КУКЛЫ;;;1343;P01335
P01336;ООО ГК АКМ;;;1344;P01336
P01337;ИП ДЬЯКОНОВА В. И.;;;1345;P01337
P01338;ООО ЮТЕКС;;;1346;P01338
P01339;ООО ТЕХИМПОРТ;;;1347;P01339
P01340;ИЗДАТЕЛЬСТВО ПЛАТНИК;;;1348;P01340
P01341;БИАР;;;1349;P01341
P01342;ОАО ПЕРВОМАЙСКИЙ СТЕКЛОЗАВОД;;;1350;P01342
P01343;ООО ХРУСТАЛЬНЫЙ ЗАВОД;;;1351;P01343
P01344;ИЧП КОНСТАНТИНОВ Ю.А.;;;1352;P01344
P01345;ООО АРТЕЛЬ;;;1353;P01345
P01346;ООО МАЙОЛИКА;;;1354;P01346
P01347;ОАО ПАВЛОВОПОСАДСКАЯ ПЛАТОЧНАЯ МАНУФАКТУРА;;;1355;P01347
P01348;ОАО ОРЕНШАЛЬ;;;1356;P01348
P01349;ООО БИОНТ ЛТД;;;1357;P01349
P01350;ООО АРТ МЕДИЯ;;;1358;P01350
P01351;ООО СКАЗКА;;;1359;P01351
P01352;ООО АРТТЕХНОЛОДЖИ;;;1360;P01352
P01353;ООО ВЕРНИСАЖ ФУТБОЛКИ;;;1361;P01353
P01354;ЗАО ФАРФОР ВЕРБИЛОК;;;1362;P01354
P01355;ООО ПАРМА ЛТД;;;1363;P01355
P01356;ООО ТЕПЛЫЙ ВЕТЕР;;;1364;P01356
P01357;ООО НОВАТОР;;;1365;P01357
P01358;ООО ТД МЕДНЫЙ ВСАДНИК;;;1366;P01358
P01359;HANGZHON TONGQING IMP&EXP CO.LTD;;;1367;P01359
P01360;ООО АЯКС - ПРЕСС;;;1368;P01360
P01361;НАНДЖИНГ ТЕКСТИЛЬС  ИМП/ЭКСП  КОРП. ЛТД;;;1369;P01361
P01362;ЗАО ПРОИЗВОДСТВЕННО- ХУДОЖЕСТВЕННАЯ МАСТЕРСКАЯ  ;;;1370;P01362
P01363;ЗАО ПРОИЗВОДСТВЕННО-ХУД.МАСТЕРСКАЯ РУССКИЕ КУКЛЫ;;;1371;P01363
P01364;ООО ФИРМА АРТСС;;;1372;P01364
P01365;ООО ПОСУДА;;;1373;P01365
P01366;ООО РУССКАЯ ЛАКОВАЯ МИНИАТЮРА;;;1374;P01366
P01367;ЗАО ИНТЕРТЕКСТИЛЬ КОРПОРЕЙШЕН;;;1375;P01367
P01368;ЗАО ТОРГОВЫЙ ДОМ КОЛЬЧУГ-МИЦАР;;;1376;P01368
P01369;ЗАО БУМИЗДЕЛИЯ;;;1377;P01369
P01370;ООО ОРЛАНДО;;;1378;P01370
P01371;LUXOTTICA S.R.L.;;;1379;P01371
P01372;CAROLE PLUS GOLDOAK HOUSE;;;1380;P01372
P01373;SILHOVETTE INTERNATIONAL SCHMIED AG;;;1381;P01373
P01374;MARCOLIN S.P.A.;;;1382;P01374
P01375;DE RIGO VISION S.P.A.;;;1383;P01375
P01376;MARCHON UK LIMITED;;;1384;P01376
P01377;MARCHON EUROPE B.V.;;;1385;P01377
P01378;BARBERINI S.P.A.;;;1386;P01378
P01379;NAKANISHI OPTICAL PRODUCTS CORPORATION;;;1387;P01379
P01380;SAFILO SPA;;;1388;P01380
P01381;SWAROVSKI AG;;;1389;P01381
P01382;SCORPIO DISTRIBUTORS LTD.;;;1390;P01382
P01383;LLADRO COMERCIAL S.A.;;;1391;P01383
P01384;IRISH DRESDEN LTD;;;1392;P01384
P01385;W.GOEBEL PORZELLANFABRIK GMBH;;;1393;P01385
P01386;CERAMICA GROUP SP.ZO.O;;;1394;P01386
P01387;COAIN S.R.O.;;;1395;P01387
P01388;GOEBEL PORZELLANMANUFAKTUR GMBH;;;1396;P01388
P01389;FELDSAM S.R.O.;;;1397;P01389
P01390;KONINKLIJKE PHILIPS ELEC. N.V. AND SWAROVSKI AG;;;1398;P01390
P01391;SWEDISH MATCH B.V.;;;1399;P01391
P01392;CUEVAS&TORANO S.A.;;;1400;P01392
P01393;BRITISH AMERICAN TOBACCO SWITZERLAND S.A.;;;1401;P01393
P01394;TABACALERA A.FUENTE Y CIA;;;1402;P01394
P01395;REEMTSMA CIGARETTENFABRIKEN GMBH;;;1403;P01395
P01396;IMPERIAL TOBACCO R.Y.O. MANUFACTURING;;;1404;P01396
P01397;CIDAV CORP., INC;;;1405;P01397
P01398;AGIO SIGARENFABRIEKEN N.V.;;;1406;P01398
P01399;BRITISH AMERICAN TOBACCO POLSKA SA;;;1407;P01399
P01400;Н.В. СУПЕРСМОКЕР ВИ.АЙ;;;1408;P01400
P01401;NICARAGUA AMERICAN TOBACCO S.A.(N.A.T.S.A.);;;1409;P01401
P01402;ФИЛИП МОРРИС ПРОДАКТС С.А.;;;1410;P01402
P01403;ЗАО БАТ-СПБ;;;1411;P01403
P01404;BRITISH AMERICAN TOBACCO GMBH;;;1412;P01404
P01405;Б.А.Т.-ПРИЛУКИ;;;1413;P01405
P01406;MATTEL EUROPE B.V.;;;1414;P01406
P01407;HASBRO SA;;;1415;P01407
P01408;HERITAGE PLAYING CARD COMPANY LTD.;;;1416;P01408
P01409;MAY TAT TOY PRODUCTS FTY.LTD;;;1417;P01409
P01410;LEGO SYSTEM A/S;;;1418;P01410
P01411;CHANG AN PLANT (CHINA);;;1419;P01411
P01412;RUSS BERRIE (UK) LIMITED;;;1420;P01412
P01413;CITYTOYS LTD;;;1421;P01413
P01414;REVELL GMBH & CO.,KG;;;1422;P01414
P01415;STE'NOUVEL LE MAJORETTE TOYS;;;1423;P01415
P01416;MAJORETTE (THAILAND) CO.,LTD;;;1424;P01416
P01417;MEGA BLOKS;;;1425;P01417
P01418;THE NOMAD COMPANY TM;;;1426;P01418
P01419;INTERNATIONAL BONTOY TOYS B.V;;;1427;P01419
P01420;PLAYMATES TOYS INC.;;;1428;P01420
P01421;BINNEY&SMITH LTD;;;1429;P01421
P01422;FAMOSA INTERNATIONAL LTD;;;1430;P01422
P01423;PLAY ALONG INC.;;;1431;P01423
P01424;WILD PLANET ENTERTAINMENT INC;;;1432;P01424
P01425;ROSE ART INDUSTRIES INC;;;1433;P01425
P01426;ZIZZLE;;;1434;P01426
P01427;PIONEER TOYS MANUFACTORY LIMITED;;;1435;P01427
P01428;P.T.INTERNATIONAL CO.,LTD;;;1436;P01428
P01429;PRODUCT DEVELOPMENT PARTNERS LTD;;;1437;P01429
P01430;GOLDEN HORSE ARTS&CRAFTS CO.,LTD;;;1438;P01430
P01431;JIEYANG CITY DONGDA PLAYTHING IND&COMMERCE CO LTD;;;1439;P01431
P01432;MOTORMAX TOY FACTORY LTD.;;;1440;P01432
P01433;SHANGHAI FIRST ARTS&CRAFTS CO.,LTD;;;1441;P01433
P01434;GAMZE;;;1442;P01434
P01435;QIDONG FIRST IMPORT&EXPORT CO.,LTD;;;1443;P01435
P01436;TRUDI S.P.A.;;;1444;P01436
P01437;JAKKS PASIFIC INC;;;1445;P01437
P01438;MAJORETTE TOYS;;;1446;P01438
P01439;BEIJING RAIN-LOTUS ART&GIFT CO., LTD;;;1447;P01439
P01440;CHERICOLE TRADEMARK CREATION, LTD;;;1448;P01440
P01441;DJECO;;;1449;P01441
P01442;SIEPER GMBH;;;1450;P01442
P01443;YONGKANG NANYANG HARDWARE PRODUCTS FACTORY;;;1451;P01443
P01444;FABRICAS AGRUPADAS DE MUNECAS DE ONIL,S.A.;;;1452;P01444
P01445;YANGZHOU ARRON TOYS CO.,LTD;;;1453;P01445
P01446;Z.L.Y.E. AGE GARMENT ACCES.ARTWARE CO.LTD;;;1454;P01446
P01447;AURORA WORLD INDONESIA CO.,LTD.;;;1455;P01447
P01448;MGA ENTERTAINMENT;;;1456;P01448
P01449;ПРЕМИУМ ЭНД КОЛЕКТИБЛЕКС ТРАДИНГ КО.ЛТД.;;;1457;P01449
P01450;KARLWAY DEVELOPMENT LTD;;;1458;P01450
P01451;AURORA WORLD JUNAN CO.,LTD;;;1459;P01451
P01452;SPIN MASTER LTD;;;1460;P01452
P01453;XIN YU ARTS TOYS CO.,LTD;;;1461;P01453
P01454;SHANTOU CHENGHAI GUANHUA IMP&EXP TRADE CO.,LTD;;;1462;P01454
P01455;MOOSE ENTERPRISE (INT) PTY LTD;;;1463;P01455
P01456;КИНДАО КСИН ЛИ ДА ТОЙЗ КАМПАНИ ЛИМИТЕД;;;1464;P01456
P01457;ООО СУПЕР БЭБИ;;;1465;P01457
P01458;PT. SUNG WON INDOJAYA;;;1466;P01458
P01459;TIANCHANG TIANYU TOYS CO, LTD;;;1467;P01459
P01460;QINGDAO GOLDEN BEAR CO.LTD;;;1468;P01460
P01461;KEEL TOYS LIMITED;;;1469;P01461
P01462;SHANTOU CITY DAXIANG PLASTIC TOY PRODUCTS CO,LTD;;;1470;P01462
P01463;COG LIMITED;;;1471;P01463
P01464;BRIO AB;;;1472;P01464
P01465;VITA PRODUCTION LIMITED;;;1473;P01465
P01466;LIAN XIN HARDWARE&PLASTIC TOYS FTY.LTD;;;1474;P01466
P01467;KATHAY TOYS MANUFACTURER (SHENZHEN) CO.,LTD;;;1475;P01467
P01468;XINGHUI AUTO MODEL CO.,LTD;;;1476;P01468
P01469;NEARING CO.,LTD;;;1477;P01469
P01470;JIEYANG DEFA INDASTRY CO.LTD;;;1478;P01470
P01471;ИП ЗАВИДОВ;;;1479;P01471
P01472;SHANTOU CUBICFUN TOYS INDUSTRIAL CO.,LTD;;;1480;P01472
P01473;LENADA LIGHT INDUSTRIES LTD;;;1481;P01473
P01474;GSC MONTERREY;;;1482;P01474
P01475;DRAGON I TOYS LTD;;;1483;P01475
P01476;STADLBAUER (HK) LIMITED;;;1484;P01476
P01477;WIENER SPIELKARTFABRIK FERD.PIATNIK &SOHNE;;;1485;P01477
P01478;SUN WING MIND INDUSTRIAL LTD;;;1486;P01478
P01479;SHANTOU CHENGHAI JIN JUN TOYS FACTORY;;;1487;P01479
P01480;MATTEL ASIA PACIFIC SOURSING LTD;;;1488;P01480
P01481;WINFIELD INDUSTRIAL LTD;;;1489;P01481
P01482;FOSHAN CITY NANHAI FORVARD WINSOME TOYS CO.LTD;;;1490;P01482
P01483;HASBRO IREALAND LTD;;;1491;P01483
P01484;TECH 4 KIDS;;;1492;P01484
P01485;BACARDI BOTTLING CORPORATION;;;1493;P01485
P01486;LEMADA LIGHT INDUSTRIES LTD;;;1494;P01486
P01487;MATTEL ASIA PACIFIC SOURSING LIMITED;;;1495;P01487
P01488;MEGA BRANDS CHINA LIMITED;;;1496;P01488
P01489;KIDZTECH TOYS MANUFACTURING LTD;;;1497;P01489
P01490;STADIBAUER MARKETING UND VERTRIEB GMBH;;;1498;P01490
P01491;BUZZ BEE TOYS INTERNATIONAL LTD;;;1499;P01491
P01492;QIAO TOU WING WAI METAL&PLASTIC MFY;;;1500;P01492
P01493;BINNEY&SMITH INC.EUROPE;;;1501;P01493
P01494;PT SUNG WON INDOJAYA;;;1502;P01494
P01495;LNB BUSINESS DEVELOPMENT LTD.;;;1503;P01495
P01496;ZERO GROUP LIMITED;;;1504;P01496
P01497;CONSULTANTS EUROPE BV;;;1505;P01497
P01498;THE CREATIVITY HUB LTD;;;1506;P01498
P01499;FIESTA CRAFTS LTD;;;1507;P01499
P01500;KIDS FIRST CO.LTD;;;1508;P01500
P01501;SANJA LTD;;;1509;P01501
P01502;ЗАО СТЕП ПАЗЛ;;;1510;P01502
P01503;SMOBY TOY SAS;;;1511;P01503
P01504;GOLDEN JOYTOT (CHINE) INTL.DEVELOPMENT CO.,LTD;;;1512;P01504
P01505;TOLO TOYS;;;1513;P01505
P01506;WITTY TOYS B.V.;;;1514;P01506
P01507;VF EUROPE B.V.B.A.(KIPLING);;;1515;P01507
P01508;WELLY DIE CASTING FTY LTD;;;1516;P01508
P01509;EARLY LIGHT INDUSTRIAL CO, LTD;;;1517;P01509
P01510;PACAL TOY LIMITED;;;1518;P01510
P01511;ФАБРИКАС АГРУПАДАС ДЕ МУПЕКАС ДЕ ОНИЛ С.А.К.;;;1519;P01511
P01512;ОАО ПЕРВАЯ ОБРАЗЦОВАЯ ТИПОГРАФИЯ;;;1520;P01512
P01513;ЗАО НПП ПОЛИОН-П;;;1521;P01513
P01514;ООО РОСМЭН-ЛИГА;;;1522;P01514
P01515;ООО МГП СПЕКТР;;;1523;P01515
P01516;ООО ИЗДАТЕЛЬСКИЙ ДОМ УМКА;;;1524;P01516
P01517;SHEN ZHEN GONG MING  WING CHEONG MANUCF. FACTORY;;;1525;P01517
P01518;ONWARD REVELL (HK) LTD;;;1526;P01518
P01519;FUN KINGDOM INDUSTRIES CO., LTD;;;1527;P01519
P01520;CHARLIE-KAO INDUSRTRY CO., LTD;;;1528;P01520
P01521;KID'S TOYS LIMITED;;;1529;P01521
P01522;HUAIAN CHANGCHENG TEACHING TOOLS LIMITED CO.;;;1530;P01522
P01523;ZHEJIANG TOP BRIGHT MANUFACTURING CORP.;;;1531;P01523
P01524;SHENZHEN LONGGANG AILIAN CHILIK TOY FACTORY;;;1532;P01524
P01525;NINGBO CHENGLU PAPER PRODUCTS MFG CO LTD;;;1533;P01525
P01526;LOICK BIOWERTSTOFF GMBH;;;1534;P01526
P01527;C&H TOY (CHAOHU) CO, LTD;;;1535;P01527
P01528;SUNJADE FULIDUO TOY FACTORY;;;1536;P01528
P01529;ЗАО ИПК ПОЛИТОН;;;1537;P01529
P01530;GUANGDONG ALPHA ANIMATION&CULTURE CO.,LTD;;;1538;P01530
P01531;ANDRONI GIOCATTOLI SRL;;;1539;P01531
P01532;ООО ВОЛШЕБНЫЙ ОСТРОВ;;;1540;P01532
P01533;YIN YU ARTS TOYS CO., LTD;;;1541;P01533
P01534;SHANTOU CITY YUAN YING TONG IMP&EXP TRADING CO,LT;;;1542;P01534
P01535;SYNERGY TRADING;;;1543;P01535
P01536;ООО С-ТРЕЙД;;;1544;P01536
P01537;TOY STATE INTERNATIONAL LIMITED;;;1545;P01537
P01538;ZHANGZHOU HUADAWEI ALLOY PLASTIC TOYS CO.,LTD;;;1546;P01538
P01539;HUNG HING OFF SET PRINTING CO LTD;;;1547;P01539
P01540;ТАМБОВСКИЙ ПОРОХОВОЙ ЗАВОД;;;1548;P01540
P01541;MACK&JACK TOYS LTD;;;1549;P01541
P01542;FOSHAN CITY NANHAI FORVARD WINSOME TOYS CO.LTD;;;1550;P01542
P01543;HAPPY WELL INTERNATIONAL ETERPRISE LIMITED;;;1551;P01543
P01544;APPLE TOYS DEVELOPMENT CO.,LTD;;;1552;P01544
P01545;KINGWELL PLASTIC FACTORY;;;1553;P01545
P01546;AYDYA LTD;;;1554;P01546
P01547;ADET SEWARD;;;1555;P01547
P01548;AUSTIN NICHOLS DISTILLING COMPANY;;;1556;P01548
P01549;BAUME&MERCIER;;;1557;P01549
P01550;BJ FITZPATRICK & Co LTD;;;1558;P01550
P01551;BEJAR PERFUMS S.L.;;;1559;P01551
P01552;BOLERO CONFECTIONARY OF THRACE S.A.;;;1560;P01552
P01553;BODEGAS VINADOS;;;1561;P01553
P01554;SHANGHAI TOY-ART ENTERPRISES LTD;;;1562;P01554
P01555;DESIGN GO LTD;;;1563;P01555
P01556;SHENZHEN WANRUIFENG INDUSTRY DEVELOPMENT CO.LTD;;;1564;P01556
P01557;VF EUROPE B.V.B.A. ;;;1565;P01557
P01558;JACQUES FAREL LIMITED;;;1566;P01558
P01559;BVLGARI TIME (SWITZERLAND) SA;;;1567;P01559
P01560;BREO;;;1568;P01560
P01561;BRITISH AMERICAN TABACCO POLSKA S.A.;;;1569;P01561
P01562;BODEGAS CAMPO VIEJO;;;1570;P01562
P01563;BODEGAS CADEVI S.A.;;;1571;P01563
P01564;CASIO EUROPE GMBH;;;1572;P01564
P01565;CATHY ENTERPRISES LTD;;;1573;P01565
P01566;CAVALLI S.P.A.;;;1574;P01566
P01567;CALVIN KLEIN COSMETICS;;;1575;P01567
P01568;COMPAGNIE DES MONTRES LONGINES FRANCILLON;;;1576;P01568
P01569;CELLIER DU VOSC;;;1577;P01569
P01570;COTY-LANCASTER SAM;;;1578;P01570
P01571;DAVIDE CAMPARI-MILANO S.P.A.;;;1579;P01571
P01572;DUBEY & SCHALDENBRAND SA;;;1580;P01572
P01573;DIO CORPORATION;;;1581;P01573
P01574;DEMERARA DISTILLERS LIMITED;;;1582;P01574
P01575;EDOX SWISS WATCHES SA;;;1583;P01575
P01576;EAST BASE;;;1584;P01576
P01577;EXPLOTACIONES HERMANOS DELGADO S.L.;;;1585;P01577
P01578;ESTEE LAUDER FAR EAST LTD.;;;1586;P01578
P01579;FOLLI FOLLIE WATCHES;;;1587;P01579
P01580;FOLLI FOLLIE S.A.;;;1588;P01580
P01581;FERRERO POLSKA SP.Z.O.O.;;;1589;P01581
P01582;FERRERO OHG M.B.H.;;;1590;P01582
P01583;GUESS - IBB B.V.;;;1591;P01583
P01584;GPH S.A.R.L.;;;1592;P01584
P01585;GO INTERNATIONAL LTD;;;1593;P01585
P01586;GROLSH INTERNATIONAL B.V.;;;1594;P01586
P01587;GUERLAIN S.A. FRANCE;;;1595;P01587
P01588;ООО КОМПАНИЯ КАРТЭ;;;1596;P01588
P01589;TROIKA GERMANY GMBH;;;1597;P01589
P01590;RAYMOND WEIL S.A.;;;1598;P01590
P01591;OMEGA LTD;;;1599;P01591
P01592;RADO WATCH CO. LTD.;;;1600;P01592
P01593;ZENITH INTERNATIONAL S.A.;;;1601;P01593
P01594;TAG HEUER SA;;;1602;P01594
P01595;VERTIME SA;;;1603;P01595
P01596;HANOVA LTD;;;1604;P01596
P01597;HIGHLAND PARK DISTILLERY LTD;;;1605;P01597
P01598;KOLBER SA;;;1606;P01598
P01599;KAM FUNG WATCH PRODUCTS LIMITED;;;1607;P01599
P01600;KRAFT FOODS SLOVAKIA;;;1608;P01600
P01601;LONGINES WATCH CO. FRANCILLON LTD.;;;1609;P01601
P01602;LA PRAIRIE INC.;;;1610;P01602
P01603;MASTERFOODS VEGHEL BV;;;1611;P01603
P01604;MHCS (МХСС);;;1612;P01604
P01605;MILUS INTERNATIONAL S.A.;;;1613;P01605
P01606;MONTRES PIERRE BALMAIN;;;1614;P01606
P01607;КАСИО КОМПЬЮТЕР КО.ЛТД.;;;1615;P01607
P01608;TECHNOMARINE S.A.;;;1616;P01608
P01609;MISAKI;;;1617;P01609
P01610;NEW DYNAMIC INTERNATIONAL LIMITED;;;1618;P01610
P01611;PATORN SPIRITS MEXICO S.A. DE C.V.;;;1619;P01611
P01612;PT FAR EAST LIMITED;;;1620;P01612
P01613;PUIG PRESTIGE BEAUTY-PACO RABANNE NINA RICCI;;;1621;P01613
P01614;PHILIP MORRIS GMBH;;;1622;P01614
P01615;ROAMER OF SWITZERLAND AG;;;1623;P01615
P01616;ROTARY WATCHES LTD ;;;1624;P01616
P01617;SCORPIO DISTRIBUTORS LTD;;;1625;P01617
P01618;SANRIO CO. LTD;;;1626;P01618
P01619;SEIKO WATCH CORPORATION;;;1627;P01619
P01620;SKAGEN DESIGNS LTD;;;1628;P01620
P01621;SWAROVSKI INTERNATIONAL DISTRIBUTION AG;;;1629;P01621
P01622;TIME&MORE E.K.;;;1630;P01622
P01623;THE GLENFIDDICH DISTILLERY LTD.;;;1631;P01623
P01624;THISCOMPANY;;;1632;P01624
P01625;TORINO DISTILLATI S.R.L;;;1633;P01625
P01626;TROGDEN ELASTIC THERAPY INCORPORATED;;;1634;P01626
P01627;VICTORINOX SWISS ARMY WATCH SA;;;1635;P01627
P01628;ZEADES MONTE CARLO;;;1636;P01628
P01629;VINA VENTISQUERO LTD.;;;1637;P01629
P01630;ZHEJIANG TONGDE IMPORTAND EXPORT CO.LTD;;;1638;P01630
P01631;ЗАО ФИЛИП МОРРИС ИЖОРА;;;1639;P01631
P01632;ООО ЧУПА ЧУПС РУС;;;1640;P01632
P01633;ООО КОНДИТЕРСКАЯ ФАБРИКА ПОБЕДА;;;1641;P01633
P01634;БОГОРОДСКАЯ ФАБРИКА;;;1642;P01634
P01635;ООО КРИСТАЛЛ;;;1643;P01635
P01636;;;;1646;P01636
P01637;;;;1647;P01637
P01638;;;;1648;P01638
P01639;;;;1649;P01639
P01640;;;;1650;P01640
P01641;;;;1651;P01641
P01642;Bburago;;;1653;
P01643;Crayola;;;1654;
P01644;Les Copains;;;1678;
P01645;Абрау Дюрсо;;;1681;
P01646;Greenfield;;;1682;
P01647;VERSACE;;;1684;
P01648;J.GALLIANO;;;1695;
P01649;Bourjois;;;1698;
P01650;Ruscavhouse;;;1699;
P01651;BAGGINI;;;1700;
P01652;VASHERON;;;1701;
P01653;CEDC;;;1702;
P01654;ERCI;;;1703;
P01655;Principe;;;1704;
P01656;Strochkov;;;1705;
P01657;TONUS;;;1706;
P01658;Kondi;;;1707;
P01659;DIAMOD;;;1708;
P01660;Ideal-Jewelry;;;1709;
P01661;TOVARITCH;;;1710;
P01662;A.PROVOCAT;;;1711;
P01663;ООО "Бирмингейм";;;1713;
P01664;ООО "ИнтерБир";;;1714;
P01665;Alion;;;1715;
P01666;Lefortovo;;;1716;
P01667;Talika;;;1718;
P01668;Adamas;;;1719;
P01669;Cacharel Silver;;;1720;
P01700;Maison Francis Kurkdjian;;;1721;
P01701;X-RAY;;;1722;
P01702;MC VIRTUTI;;;1725;
P01703;Сorozo;;;1726;
P01704;Morgan and Oates;;;1727;
P01705;JACOB & CO;;;1728;
P01706;Yaffo;;;1729;
P01707;AVTOGRAF;;;1730;
P01708;Арт Премьер;;;1734;
P01709;Bino Tiani;;;1735;
P01710;California wine;;;1737;
P01711;BOGATIRY;;;1738;
P01896;SWISS SMILE;;;1686;
P01897;Vodka Barrel;;;1697;
P01898;CELLCOSMET&CELLMEN;;;1717;
P01899;MARKA;;;1731;
P01900;LAMARTIS;;;1732;
P01901;CBarcelona;;;1733;
P01902;STATUS GROUP;;;1736;
P01903;Wolford;;;1739;
P01904;Альдзена;;;1740;
P01905;DUC d`O;;;1741;
P01906;UNITRON;;;1742;
P01907;Cocorose;;;1743;
P01908;ARCOROS;;;1744;
P01909;RICH;;;1745;
P01910;Alexandre J;;;1746;
P01911;OLDOINI;;;1747;
P01912;SQUARE;;;1751;
P01913;Kaganski Co.GmbH;;;1752;
P01914;CLIVE CHRISTIAN;;;1754;
P01915;Asgharali;;;1755;
P01916;AJMAL PERFUMES;;;1756;
P01917;ASH- Ashford Handels GmbH;;;1757;
P01918;Time Trade;;;1760;
P01919;Kenneth Cole;;;1761;
P01920;AJ Arabia;;;1763;
P01921;Trade House;;;1764;
P01922;Provans;;;1765;
P01923;Golden-Candies;;;1766;
P01924;SL ZAITSEV;;;1769;
P01925;RADLEY;;;1770;
P01926;PERRIS MONTE CARLO;;;1771;
P01927;KEIKO MECHERI;;;1772;
P01928;AVANZO;;;1773;
P01929;INTERTRADE EUROPE SARL;;;1774;
P01930;INTERTRADE EUROPE SRL;;;1775;
P01931;SENTRAL DESIGNSTUDIO AB/ INTERTRADE EUROPE;;;1776;
P01932;GLOBAL ACQUA INVERSIONES SL;;;1777;
P01933;Louis Roederer;;;1778;
P01934;Godet Freres;;;1779;
P01935;Bottega;;;1780;
P01936;Freixenet;;;1781;
P01937;Absente 55;;;1782;
P01938;Brunhilde di Mara de Guidi;;;1783;
P01939;Intercosma West S.a.s.;;;1784;
P01940;MJ;;;1785;
P01941;Oro Gold;;;1786;
P01942;Pokrovskiy Prynick;;;1787;
P01943;МИРАНИ;;;1788;
P01944;12 parfumers;;;1790;
PALEKH;Палех;;;286;P00324
PASHMA;PASHMA;;;1663;
PATONS;PATONS;;;287;P00325
PATRON;PATRON SPIRITS COMPANY;;;288;P00326
PAUL SAPIN;Paul Sapin;;;289;P00327
PECCATO;PECCATO;;;1723;
PEPSI;Pepsico Holdings;;;290;P00328
PERE MAGLO;PERE MAGLOIRE;;;291;P00329
PETERSENS;PETERSENS;;;292;P00330
PIAGET;Piaget;;;293;P00331
PIATNIK;Piatnik;;;294;P00332
PIQUADRO;Piquadro;;;295;P00333
PM;Philip Morris;;;296;P00334
POLICE;Police;;;297;P00335
POLIGLOT;Poliglot Travel Guides;;;298;P00336
POLLINI;Pollini;;;299;P00337
POROG;PoRog;;;300;P00338
PPM;Павловопосадская мануфактура;;;301;P00339
PREMIER;Premier Portfolio;;;302;P00340
PROCESSING;Processing;;;1724;
PRUDENCE;Prudence;;;303;P00341
PUIG;Puig Group;;;304;P00342
R.B.R;ROUGE BUNNY ROUGE;;;305;P00343
R.BALESTRA;Renato Balestra;;;306;P00344
R_CHOCLATE;Russky Choclate;;;307;P00345
R_DUBUIS;Roger Dubuis;;;308;P00346
RANCE_C;Rance_C;;;1767;
RB;Roberto Bravo;;;430;P00348
RC;Roberto Coin;;;310;P00349
RED BULL;Red Bull;;;460;P00350
REEMSTMA;Reemstma Tobacco;;;311;P00351
REMCOINTR;Remy Cointreau;;;312;P00352
RIMOWA;Rimowa;;;313;P00353
ROBIN RUTH;ROBIN RUTH;;;314;P00354
RODIAL;RODIAL;;;484;
ROECKL;Roeckl;;;315;P00355
ROSE_CO;ROSE&Co;;;1658;
RSCHRECKER;Regina Schrecker;;;316;P00356
RSOUVENIRS;ООО "Русские Сувениры";;;459;P00357
RUS_AMBER;Russian Amber;;;317;P00358
RUS_DIAM;Russian Diamond Vodka;;;318;P00359
RUS_STD;ООО "Русский Стандарт Водка";7703286148;785050001;319;P00360
RUSS;Russ;;;320;P00361
RUSSBERRIE;Russ Berrie;;;321;P00362
RVK;RVK;;;1645;
S_PRESS;SaleSW_AGs Press;;;322;P00363
S_RYKIEL;Sonia Rykiel;;;323;P00364
SAFILO;Safilo;;;324;P00365
SAIMAA LTD;Saimaa LTD;;;465;P00366
SALVADORD;Salvador Dali;;;1688;
SAMSONITE;SAMSONITE;;;325;P00367
SANDARA;Sandara;;;326;P00368
SANDARA L;Sandara Luxe;;;327;P00369
SCATOLA;Scatola;;;328;P00370
SCH&FR;Schchard & Friese;;;425;P00371
SEEBERGER;Seeberger;;;329;P00372
SEIKO;SEIKO;;;490;
SEL_BEAUTY;SELECTIVE BEAUTY;;;330;P00373
SEVIGNE;SEVIGNE;;;1657;
SFERRAGAMO;Salvatore Ferragamo;;;331;P00374
SH;Stefan Hafner;;;332;P00375
SHABLOOL;Shablool;;;333;P00376
SHAIKH;Shaikh;;;334;P00377
SHAMROCK;Shamrock Gift company;;;335;P00378
SHANGHAICO;ShanghaiCo;;;1667;
SHISEIDO;Shiseido;;;336;P00379
SILHOUETTE;Silhouette Eyewear;;;337;P00380
SILLAGE;SILLAGE;;;489;
SISLEY;Sisley;;;338;P00381
SKAGEN;Skagen;;;339;P00382
SL ZAITSEV;Слава Зайцев;;;1768;
SMART;Smart;;;340;P00383
SOLATREX;Solatrex;;;341;P00384
SOUVENIRS;Souvenirs;;;342;P00385
SOVER-M;Sover-M;;;343;P00386
SOVER;Sover;;;344;P00387
SPINMASTER;Spin Master;;;345;P00388
ST_BREND;St Brendans;;;346;P00389
ST_DUPONT;ST DUPONT;;;347;P00390
STARBROOK;Starbrook Conf;;;348;P00391
STETSON;Stetson;;;349;P00392
STING;Sting;;;350;P00393
STOLOTCA;Столица;;;351;P00394
STORCK;Storck Conf;;;352;P00395
STS;STS;;;353;P00396
SULA;Sula;;;354;P00397
SW_AG;Swarovski AG;;;355;P00398
SWEET_TALK;Sweet Talk Conf;;;356;P00399
T_HEUER;Tag Heuer;;;357;P00400
T_SABO;T.SABO;;;358;P00401
TAF TOYS;Taf Toys;;;359;P00402
TAG;TAG;;;464;P00403
TESSERON;Tesseron;;;1789;
TEXIER;TEXIER;;;360;P00404
TEXIER SA;TEXIER SA;;;1679;
THE ONE;THE ONE;;;1694;
THIS COMP.;This Company;;;361;P00405
TIGER EYE;Tiger eye;;;456;P00406
TIMEMARK;Timemark Watches;;;362;P00407
TK GRANT-V;ТК GRAT-VEST;;;363;P00408
TOMASSINI;Tomassini;;;364;P00409
TOMMY;Tommy;;;365;P00410
TONGFU;Tongfu;;;366;P00411
TOSCOW;TOSCOW;;;1668;
TOY WATCH;Toy Watch;;;367;P00412
TOYDICO;Toydico;;;368;P00413
TRAFALGAR;Trafalgar Foods;;;369;P00414
TRANSVITAL;TRANSVITAL;;;483;
TRD_CRAFT;TRD_CRAFT;;;370;P00415
TREEOFLIFE;TreeofLife;;;1655;
TRI;Travel Retail Innovations;;;371;P00416
TRUDI;Trudi;;;372;P00417
TRUNKI;;;;491;
TUMI;Tumi;;;373;P00418
U-BOAT;U-Boat;;;374;P00419
UDARNITSA;UDARNITSA;;;375;P00420
UN;Ulysse Nardin;;;376;P00421
UNDERBERG;Underberg;;;377;P00422
UNITEDCONF;United Confectioners;;;378;P00423
V-BREQUIN;Vilebrequin;;;379;P00424
V.WESTWOOD;V.WESTWOOD;;;1676;
VALORA TRA;VALORA Trade Denmark AS;;;380;P00425
VAN MELLE;Van Melle;;;431;P00426
VARTA;Varta;;;381;P00427
VERSUS;VERSUS;;;1691;
VERTU;Vertu;;;382;P00428
VICHE;SAS MAISON DE LA VODKA;;;1762;
VICTORINOX;Victorinox;;;383;P00429
VIP WATCH;VIP Watches;;;384;P00430
VIVA;VIVA;;;385;P00431
W_BRANDS;World Brands;;;386;P00432
W_GRANTS;William Grants;;;387;P00433
W_M;Whyte & Mackay;;;388;P00434
WELDER;Welder;;;389;P00435
WELLY;Welly;;;390;P00436
WHITE GOL2;ООО "Водочная Артель ЯТЬ";7715557480;771501001;441;P00437
WHITE GOL3;ООО Винно-коньячный "РОСАРМ";5041013706;504101001;442;P00438
WHITE GOL4;ООО "АЗИМУТ ПЛЮС";3651006826;470701001;443;P00439
WHITE GOL5;ООО "Завод Золотая рожь";7724809254;772401001;447;P00440
WHITE GOLD;ЗАО "БЕЛОЕ ЗОЛОТО";7730572846;402502001;391;P00441
WOODYSCOVE;Woodyscovery;;;1656;
WYLER;Wyler;;;392;P00442
YOKO;Yoko;;;429;P00443
YSL;Yves Saint Laurent;;;393;P00444
YSLGROUP;Yves Saint Laurent Group;;;394;P00445
ZAPFCREAT;Zapf Creation AG;;;395;P00446
ZEST;Zest;;;468;P00447
ZOOBLES;Zoobles;;;396;P00448
ZVEZDA;Звезда;;;397;P00449
АЙ_ЭЛ_ЭСГЛ;ООО "АЙ-ЭЛ-ЭС ГЛОБАЛВИН";5030052372;503001001;398;P00450
АК-СЕРВИС;АК-Сервис;;;475;P00451
АЛЬ_ТРЕЙД;ООО "Аль-Трейд";7716516350;771601001;415;P00452
АРТЕЛЬ;Артель;;;471;P00453
БАКАРДИРУС;ООО "Бакарди Рус";7706244940;771001001;399;P00454
БАЛТИКА;ОАО "Пивоваренная Компания "Балтика";;;1712;
БИГ;ООО "БИГ";7727534914;772401001;400;P00455
БОНА;Бона;;;401;P00456
ВЕЙВС;ЗАО Компания ВЕЙВС;;;402;P00457
ВЕРНИСАЖ;ООО Вернисаж;;;403;P00458
ДЕНВЬЮ_ЛИМ;ЗАО "Денвью Лимитэд";7719000884;772801001;404;P00459
ДИСТР_ШЕН;ЗАО "Д Дистрибьюшен";7705716967;774850001;405;P00460
ДЫМОВ;Дымов;;;446;P00461
ИМПЕРИАЛ;Империал;;;470;P00462
ИНТЕРКОР;ООО "Интертекстиль Корпорейшн";;;476;P00463
ИП КУЛЕШОВ;ИП КУЛЕШОВ;;;448;P00464
МАРС;Марс;;;406;P00465
МИРП;Мир платков;;;1674;
МОЕТ_ХЕН_Р;ООО "Моет Хеннесси Рус";7707706700;770201001;407;P00466
ПИВГОРОД С;ООО "ПИВГОРОД С";7717131264;771701001;449;P00467
ПРИТЯЖЕНИЕ;ООО "Притяжение";;;492;
ПРРУСЬ;ЗАО "П.Р.РУСЬ";7729104184;770401001;408;P00468
РУСТ ИНКОР;ЗАО "РУСТ ИНКОРПОРЭЙТЭД ";7703058663;997350001;409;P00469
РЧФ;ООО "Рязанская чайная фабрика";;;481;P00470
С-ТРЕЙД;ООО "С-Трейд";;;1758;
СHUPACHUPS;Сhupa-chups;;;432;P00471
САКС;ООО "САКС Игрушки";;;1748;
СТИФ;Стиф;;;410;P00472
СУВЕНИР;ЗАО "СУВЕНИР";;;411;P00473
СУВЕНИР54;Сувенир 54;;;450;P00474
ТДНЕМИРОФФ;ООО "Торговый Дом "Немирофф";7724255045;772401001;412;P00475
ХЕЙНЕКЕН;ООО "Объединенные Пивоварни Хейнекен";7802118578;781103001;414;P00476
ХЕЙНЕКЕН1;ООО "ОПХ";7802118578;781103001;445;P00477
ЭТАЛОН;Эталон;;;466;P00478
ЮНИТОЙСМСК;ООО "ЮНИТОЙС МСК";;;482;P00479
ЯРОСЛАВНА;Ярославна;;;413;P00480
