GLOSSARY_ID_DF;SWS_DF;GLOSSARY_ID_DP;SWS_DP
45122145;1 TOY;16223292;1 TOY
45122146;ABERLOUR;;ABERLOUR
45122147;ABSOLUT;;ABSOLUT
45122148;SMIRNOFF;;SMIRNOFF
45122149;GORDONS;16223081;GORDONS
45122150;BACARDI;16223084;BACARDI
45122151;CAPTAIN MORGAN;;CAPTAIN MORGAN
45122152;BEEFEATER;;BEEFEATER
45122153;FAMOUS GROUSE;;FAMOUS GROUSE
45122154;BALLANTINES;;BALLANTINES
45122155;STAR TIME;;STAR TIME
45122157;Chanel;16222685;Chanel
45122158;JEAN PAUL GAULTIER;;JEAN PAUL GAULTIER
45122160;DAVIDOFF;;DAVIDOFF
45122161;JAMESON;16223086;JAMESON
45122163;J&B;;J&B
45122164;JW;16223255;JW
45122165;GLENFIDDICH;;GLENFIDDICH
45122166;GLENLIVET;;GLENLIVET
45122167;TEACHER'S;;TEACHER'S
45122168;CHIVAS;16223085;CHIVAS
45122169;WHYTE&MACKAY;;WHYTE&MACKAY
45122171;CAMUS;;CAMUS
45122172;LONG JOHN;;LONG JOHN
45122173;TULLAMORE;;TULLAMORE
45122174;FINLANDIA;;FINLANDIA
45122175;REMY MARTIN;16223221;REMY MARTIN
45122176;MARTELL;16223216;MARTELL
45122177;METAXA;;METAXA
45122179;GIORGIO ARMANI;16223319;GIORGIO ARMANI
45122180;GIVENCHY;16222723;GIVENCHY
45122181;SWAROVSKI;16222772;SWAROVSKI
45122182;MALIBU;;MALIBU
45122183;GUERLAIN;16222725;GUERLAIN
45122184;OTARD;;OTARD
45122185;RUSSIAN AMBER;;RUSSIAN AMBER
45122186;J_BEAM;16223079;J_BEAM
45122187;BAILEYS;16223082;BAILEYS
45122188;NESTEA;16223091;NESTEA
45122190;LIPTON;;LIPTON
45122191;CAMPARI;16223076;CAMPARI
45122192;TEXIER;;TEXIER
45122193;LANSON;;LANSON
45122194;J7;;J7
45122195;TROPICANA;;TROPICANA
45122196;DRAMBUIE;;DRAMBUIE
45122197;COINTREAU;16223083;COINTREAU
45122198;DESIGN GO;16223218;DESIGN GO
45122199;GUYLIAN;;GUYLIAN
45122200;Lancome;16222632;Lancome
45122201;DUNHILL;16222714;DUNHILL
45122202;WINSTON;;WINSTON
45122203;MARLBORO;;MARLBORO
45122205;VOGUE;;VOGUE
45122206;ROTHMANS;;ROTHMANS
45122207;WEST;;WEST
45122208;PARLIAMENT;;PARLIAMENT
45122210;MILKA;;MILKA
45122211;MILD SEVEN;;MILD SEVEN
45122212;KENT;;KENT
45122213;SANDEMAN;;SANDEMAN
45122214;MARTINI;16223077;MARTINI
45122215;MUMM;;MUMM
45122217;J_DANIELS;16223078;J_DANIELS
45122218;ROYAL SALUTE;;ROYAL SALUTE
45122219;OLMECA;16223087;OLMECA
45122220;HINE;;HINE
45122221;HERMES;16223071;HERMES
45122222;HENNESSY;16223101;HENNESSY
45122224;CACHAREL;16222703;CACHAREL
45122225;SPRITE;16223093;SPRITE
45122226;FANTA;16223094;FANTA
45122227;COCA COLA;16223088;COCA COLA
45122228;PICASSO;16222746;PICASSO
45122232;MONTECRISTO;;MONTECRISTO
45122233;TOBLERONE;16223145;TOBLERONE
45122234;LAURENT PERRIER;;LAURENT PERRIER
45122235;MEUKOW;;MEUKOW
45122236;COHIBA;16223097;COHIBA
45122237;HOYO;16223214;HOYO
45122238;PARTAGAS;;PARTAGAS
45122239;FRAPIN;;FRAPIN
45122240;R1;;R1
45122242;ROMEO Y JULIETA;;ROMEO Y JULIETA
45122243;SHERIDANS;;SHERIDANS
45122244;PAVILLONS DE SAINT-ESTEPHE;;PAVILLONS DE SAINT-ESTEPHE
45122245;CHATEAU MOULIN DE SAINT VINCENT;;CHATEAU MOULIN DE SAINT VINCENT
45122246;CHATEAU BATAILLEY;;CHATEAU BATAILLEY
45122247;CHATEAU BEAU-SITE;;CHATEAU BEAU-SITE
45122248;CAMPO VIEJO;;CAMPO VIEJO
45122249;MARQUES DE VILLAMAGNA;;MARQUES DE VILLAMAGNA
45122250;GUCCI;16222724;GUCCI
45122252;CLARINS;16222710;CLARINS
45122254;CARRERA Y CARRERA;;CARRERA Y CARRERA
45122256;FOSSIL;;FOSSIL
45122257;FAZER;;FAZER
45122258;MERCI;16223176;MERCI
45122259;STORCK;16223177;STORCK
45122260;LINDT;16223149;LINDT
45122261;FERRERO;;FERRERO
45122262;RAYMOND WEIL;;RAYMOND WEIL
45122263;CARTIER;;CARTIER
45122264;BOMBAY SAPPHIRE;;BOMBAY SAPPHIRE
45122265;KENZO;16222736;KENZO
45122266;CLINIQUE;16222969;CLINIQUE
45122267;DOM PERIGNON;;DOM PERIGNON
45122270;FREY WILLE;16223057;FREY WILLE
45122273;AVO;;AVO
45122275;MAJORICA;;MAJORICA
45122276;BANG&OLUFSEN;;BANG&OLUFSEN
45122277;DKNY;;DKNY
45122278;J.P.CHENET;;J.P.CHENET
45122279;–”—— »… —“¿Õƒ¿–“;;–”—— »… —“¿Õƒ¿–“
45122282;BEAU RIVAGE;;BEAU RIVAGE
45122283;NESTLE;;NESTLE
45122284;AFTER_8;;AFTER_8
45122285;TISSOT;;TISSOT
45122286;VEUVE CLICQUOT PONSARDIN;;VEUVE CLICQUOT PONSARDIN
45122287;LONGINES;;LONGINES
45122288;HELENA RUBINSTEIN;16222729;HELENA RUBINSTEIN
45122289;CHATEAU HAUT-MADRAC;;CHATEAU HAUT-MADRAC
45122290;CHATEAU TROTTE VIEILLE;;CHATEAU TROTTE VIEILLE
45122291;AMARULA;;AMARULA
45122292;SAMSONITE;16222841;SAMSONITE
45122293;LAS CAMPANAS;;LAS CAMPANAS
45122295;CAMEL;;CAMEL
45122296;SAUZA;;SAUZA
45122297;THIERRY MUGLER;;THIERRY MUGLER
45122300;GRIFFIN'S;;GRIFFIN'S
45122301;ZENITH;;ZENITH
45122303;KAZUMIAN;;KAZUMIAN
45122304;ISLE OF JURA;;ISLE OF JURA
45122305;JACOB'S CREEK;;JACOB'S CREEK
45122306;RADO;;RADO
45122307;BLAVOD;;BLAVOD
45122308;HAVANA CLUB;;HAVANA CLUB
45122309;LANVIN;16222740;LANVIN
45122310;TAG HEUER;;TAG HEUER
45122311;SMARTIES;;SMARTIES
45122312;J_DESTR;16223143;J_DESTR
45122313;CHATEAU LA BOUADE;;CHATEAU LA BOUADE
45122314;CHATEAU CAPET GUILLIER;;CHATEAU CAPET GUILLIER
45122315;KIPLING;;KIPLING
45122316;BAUME&MERCIER;;BAUME&MERCIER
45122317;ZINO;;ZINO
45122321;OMEGA;;OMEGA
45122322;JAKKS PACIFIC;16222657;JAKKS PACIFIC
45122323;DALWHINNIE;;DALWHINNIE
45122324;TALISKER;;TALISKER
45122325;LE MEDOC DE PORT ROYAL;;LE MEDOC DE PORT ROYAL
45122326;PONTAC LYN;;PONTAC LYN
45122327;CHATEAU LAMOTHE GUIGNARD;;CHATEAU LAMOTHE GUIGNARD
45122329;SKITTLES;16223155;SKITTLES
45122330;RS_IMPERIA;;RS_IMPERIA
45122331;CINZANO;;CINZANO
45122332;SENNHEISER;16223180;SENNHEISER
45122333;MIRABELL;16223144;MIRABELL
45122334;LA_PRA;16223072;LA_PRA
45122335;V_R;16222758;V_R
45122336;PRADA;16222747;PRADA
45122337;MOSCHINO;16222625;MOSCHINO
45122339;GREY GOOSE;;GREY GOOSE
45122340;SHISEIDO;;SHISEIDO
45122341;DUBEY&SCHALDENBRAND;;DUBEY&SCHALDENBRAND
45122343;GUESS;16223127;GUESS
45122344;CALVIN KLEIN - COTY;16222709;CALVIN KLEIN - COTY
45122345;L'OCCITANE;16222743;L'OCCITANE
45122346;BERNEROY;;BERNEROY
45122348;GODIVA;16223126;GODIVA
45122349;SKROSS;;SKROSS
45122351;VERSACE;16222624;VERSACE
45122352;PINNACLE;;PINNACLE
45122353;LAPPONIA;;LAPPONIA
45122355;ADIDAS;;ADIDAS
45122356;DON JULIO;;DON JULIO
45122357;CIROC;;CIROC
45122358;NRODRIGUES;16222991;NRODRIGUES
45122359;HASBRO;16223005;HASBRO
45122360;LANCASTER;16222739;LANCASTER
45122361;BALVENIE;;BALVENIE
45122362;RUSS;;RUSS
45122363;SOBRANIE;;SOBRANIE
45122364;PIPER HEIDSIECK;;PIPER HEIDSIECK
45122365;PATRON;;PATRON
45122366;SWISS TRAVEL PRODUCTS;;SWISS TRAVEL PRODUCTS
45122367;LLADRO;;LLADRO
45122368;LA MER;;LA MER
45122369;TRUST;;TRUST
45122371;BELUGA;16223080;BELUGA
45122372;LANCEL;;LANCEL
45122373;GLENMORANGIE;;GLENMORANGIE
45122374;ARDBEG;;ARDBEG
45122375;GOEBEL;;GOEBEL
45122376;FENDI;16222719;FENDI
45122377;XUXU;;XUXU
45122379;KINDER CHOCOLATE;;KINDER CHOCOLATE
45122380;MAKERS MARK;;MAKERS MARK
45122381;DIESEL;;DIESEL
45122382;COTE D'OR;;COTE D'OR
45122383;CHLOE;16222708;CHLOE
45122384;QUALITY STREET;;QUALITY STREET
45122385;MONDORO;;MONDORO
45122386;DALMORE;;DALMORE
45122387;CHATELLE NAPOLEON;;CHATELLE NAPOLEON
45122388;MARS;16223154;MARS
45122389;SNICKERS;16223157;SNICKERS
45122390;TWIX;16223158;TWIX
45122391;BOUNTY;16223156;BOUNTY
45122392;CAOL ILA;;CAOL ILA
45122393;WWF PLUSH COLLECTION;16223006;WWF PLUSH COLLECTION
45122394;MAGERIT;;MAGERIT
45122395;LONGCHAMP;16223060;LONGCHAMP
45122396;JUST;16223014;JUST
45122397;PUCCI;;PUCCI
45122398;MJ;16222712;MJ
45122399;GLAMOUR;;GLAMOUR
45122400;MALTESERS;16223153;MALTESERS
45122401;CELEBRATIONS;;CELEBRATIONS
45122402;SISLEY;16222692;SISLEY
45122403;CHAPELLE DE LA TRINITE;;CHAPELLE DE LA TRINITE
45122404;MOULIN DE PAUMIRAC;;MOULIN DE PAUMIRAC
45122405;GLENROTHES;;GLENROTHES
45122406;PERE MAGLOIRE;;PERE MAGLOIRE
45122407;HAMMER&SOHNE;;HAMMER&SOHNE
45122408;JOHN RICHMOND;16222735;JOHN RICHMOND
45122410;KINDER SURPRISE;;KINDER SURPRISE
45122411;KIEHL'S;;KIEHL'S
45122412;AGATHA RUIZ DE LA PRADA;;AGATHA RUIZ DE LA PRADA
45122413;TIC TAC;;TIC TAC
45122414;AKG;;AKG
45122415;HENDRICK'S;;HENDRICK'S
45122416;MOLINARI;;MOLINARI
45122417;HIGHLAND PARK;;HIGHLAND PARK
45122418;ZACAPA;;ZACAPA
45122419;EMTEC;;EMTEC
45122420;SONIA RYKIEL;16223235;SONIA RYKIEL
45122421;MATTEL;16222791;MATTEL
45122424;OAKLEY;;OAKLEY
45122426;POLICE;16223169;POLICE
45122427;ESCADA;16222634;ESCADA
45122428;BLUMARINE;;BLUMARINE
45122429;NUTELLA;;NUTELLA
45122430;EMPORIO ARMANI;;EMPORIO ARMANI
45122431;SKAGEN;;SKAGEN
45122433;SILHOUETTE;;SILHOUETTE
45122434;VALENTINO;16222759;VALENTINO
45122435;SERGE LUTENS;;SERGE LUTENS
45122438;DONNA KARAN;;DONNA KARAN
45122439;¡¿¡¿≈¬— »…;;¡¿¡¿≈¬— »…
45122442;MONTALE;16222731;MONTALE
45122443;AMOUAGE;16222664;AMOUAGE
45122444;OKKI;16222686;OKKI
45122445;MEMO;16222646;MEMO
45122447;BALLY;;BALLY
45122448;CARON;16222641;CARON
45122450;TUMI;;TUMI
45122452;VDOHNOVENIE;16223164;VDOHNOVENIE
45122454;ÃŒ— ¬¿;;ÃŒ— ¬¿
45122455;RANCE;16222715;RANCE
45122456;LES CONTES;16222741;LES CONTES
45122457;KORLOFF;16222738;KORLOFF
45122458;HISTOIRES DE PARFUM;16222727;HISTOIRES DE PARFUM
45122461;BRACCIALINI;;BRACCIALINI
45122462;SAIMAA;;SAIMAA
45122463;DROVA;;DROVA
45122464;¿ Ã;16222640;¿ Ã
45122465;LAPHROAIG;;LAPHROAIG
45122469;BBURAGO;16222975;BBURAGO
45122470;CARRERA RC;;CARRERA RC
45122471;FAMOSA;16222660;FAMOSA
45122472;MEGA BLOKS;16222977;MEGA BLOKS
45122473;Trudi;16222659;Trudi
45122474;BEBELINO;16223013;BEBELINO
45122475;FRANCK BOCLET;16222722;FRANCK BOCLET
45122476;SILLAGE;16222695;SILLAGE
45122477;SWISS MILITARY;16223168;SWISS MILITARY
45122478;MACKINLAY'S;;MACKINLAY'S
45122479;HOUBIGANT;16222728;HOUBIGANT
45122480;–¿— ¿“;;–¿— ¿“
45122481;PHOTOFAST;16223120;PHOTOFAST
45122482;ELARI;16223119;ELARI
45122483;BENBAT;16222998;BENBAT
45122484;RUGGEAR;16223121;RUGGEAR
45122486;SEVIGNE;16222642;SEVIGNE
45122487;ROSE_CO;16222751;ROSE_CO
45122488;BISQUIT;;BISQUIT
45122489;TALIKA;16222755;TALIKA
45122490;VICTORINOX;;VICTORINOX
45122491;SWISS SMILE;16222754;SWISS SMILE
45122492;PAUL&SHARK;;PAUL&SHARK
45122493;IAIN SINCLAIR;16223217;IAIN SINCLAIR
45122494;JAMES BOND;16222733;JAMES BOND
45122495;GANCIA;;GANCIA
45122497;V. WESTWOOD;;V. WESTWOOD
45122498;LACROIX;;LACROIX
45122499;MANTERO;;MANTERO
45122500;TAMBER;;TAMBER
45122501;GF FERRE;;GF FERRE
45122502;INVERNI;;INVERNI
45122503;VERSACE COLLECTION;;VERSACE COLLECTION
45122504;BRIDGE;16223000;BRIDGE
45122505;FASHION ANGELS;16223004;FASHION ANGELS
45122506;LA FONTAINE;;LA FONTAINE
45122508;Œ«≈–— »… —”¬≈Õ»–;16223137;Œ«≈–— »… —”¬≈Õ»–
45122509;»Ãœ≈–»¿À;;»Ãœ≈–»¿À
45122510;Versus;16223189;Versus
45122511;CRAYOLA;16222655;CRAYOLA
45122512;CASIO;16223103;CASIO
45122513;SYLVANIAN FAMILIES;16223240;SYLVANIAN FAMILIES
45122514;CHUGGINGTON;16223238;CHUGGINGTON
45122515;TOMMY HILFIGER;16223066;TOMMY HILFIGER
45122516;SCUDFERRARI;16223178;SCUDFERRARI
45122517;THE ONE;16223184;THE ONE
45122518;AGATHA;16223114;AGATHA
45122519;MEVIUS;;MEVIUS
45122520;¡¿… ¿À;;¡¿… ¿À
45122522;LES COPAINS BLUE;;LES COPAINS BLUE
45122523;KREMLIN AWARD;;KREMLIN AWARD
45122524;œ”“»Õ ¿;;œ”“»Õ ¿
45122525;ICE ICEBERG;;ICE ICEBERG
45122526;∆”–¿¬À»;;∆”–¿¬À»
45122527;FURLA;16223058;FURLA
45122528;PERRIER JOUET;;PERRIER JOUET
45122529;PAL ZILERI;;PAL ZILERI
45122531;–Œ“ ‘–ŒÕ“;16223344;–Œ“ ‘–ŒÕ“
45122533;PAL ZILERI PRINCIPE;;PAL ZILERI PRINCIPE
45122534;TIMBERLAND;;TIMBERLAND
45122535;DSQUARED;;DSQUARED
45122536;“ŒÕ”—;;“ŒÕ”—
45122537;¬¿À≈Õ »;;¬¿À≈Õ »
45122538;“Œ¬¿–»Ÿ;;“Œ¬¿–»Ÿ
45122539;«ŒÀŒ“¿ﬂ –Œ——»ﬂ;16223140;«ŒÀŒ“¿ﬂ –Œ——»ﬂ
45122540;TREFL;16223018;TREFL
45122541;KODKOD;16222980;KODKOD
45122542;MOOSE;16222978;MOOSE
45122543;GOURJI;;GOURJI
45122544;TEXIMPORT;16223106;TEXIMPORT
45122545;CHOPARD;16223192;CHOPARD
45122546;ZEGNA;;ZEGNA
45122547;LOEWE;16223070;LOEWE
45122549;PIERRE BALMAIN;;PIERRE BALMAIN
45122550;JAGERMEISTER;;JAGERMEISTER
45122553;BELVEDERE;;BELVEDERE
45122554;PAL ZILERI CONCEPT;;PAL ZILERI CONCEPT
45122555;ALEXANDER MCQUEEN;;ALEXANDER MCQUEEN
45122556;CARRERA;16222654;CARRERA
45122560;÷¿–— ¿ﬂ «ŒÀŒ“¿ﬂ;;÷¿–— ¿ﬂ «ŒÀŒ“¿ﬂ
45122561;÷¿–— ¿ﬂ Œ–»√»Õ¿À‹Õ¿ﬂ;;÷¿–— ¿ﬂ Œ–»√»Õ¿À‹Õ¿ﬂ
45122562;ERMENEGILDO ZEGNA;;ERMENEGILDO ZEGNA
45122563;CELLCOSMET;;CELLCOSMET
45122564;MAISON MARTIN MARGIELA;;MAISON MARTIN MARGIELA
45122565;ARTURO FUENTE;;ARTURO FUENTE
45122566;TSARINE;;TSARINE
45122567;ELIE SAAB;;ELIE SAAB
45122568;À≈√≈Õƒ¿  –≈ÃÀﬂ;;À≈√≈Õƒ¿  –≈ÃÀﬂ
45122569;X-RAY PROFUMO;16222760;X-RAY PROFUMO
45122571;LAUBADE;;LAUBADE
45122573;GLEN ELGIN;;GLEN ELGIN
45122576;¿ —≈——”¿– ‘”–;16223053;¿ —≈——”¿– ‘”–
45122577;Ã≈ƒ¬≈ƒ‹;;Ã≈ƒ¬≈ƒ‹
45122578;RAMON MOLVIZAR;16222750;RAMON MOLVIZAR
45122579;MASQUE;16222744;MASQUE
45122580;—“¿–À≈…;;—“¿–À≈…
45122581;PAL ZILERI LAB;;PAL ZILERI LAB
45122582;PAL ZILERI SARTORIALE;;PAL ZILERI SARTORIALE
45122583;LES COPAINS;;LES COPAINS
45122584;VIVID;16222981;VIVID
45122585;MAUI TOYS;;MAUI TOYS
45122587;SINGLETON;;SINGLETON
45122588;TOP STYLE;;TOP STYLE
45122596;DELSEY;16223052;DELSEY
45122597;NEMIROFF;;NEMIROFF
45122598;BOLLINGER;;BOLLINGER
45122599;DELAMAIN;;DELAMAIN
45122600; ¿”‘‘Ã¿Õ;; ¿”‘‘Ã¿Õ
45122601;Ã—- ’ŒÀƒ»Õ√;;Ã—- ’ŒÀƒ»Õ√
45122602;ECTACO;;ECTACO
45122603;Ã¿——¿Õƒ–¿;;Ã¿——¿Õƒ–¿
45122604;SISI;16223434;SISI
45122606;»Ãœ≈–¿“Œ–— ¿ﬂ  ŒÀÀ≈ ÷»ﬂ;;»Ãœ≈–¿“Œ–— ¿ﬂ  ŒÀÀ≈ ÷»ﬂ
45122607;VAN GILS;;VAN GILS
45122608;MANAKAS;;MANAKAS
45122609;BARAKA;;BARAKA
45122610;ORO VITCHENZA;;ORO VITCHENZA
45122611; –»—“¿ÀÀ;; –»—“¿ÀÀ
45122612;GROLSH;16223099;GROLSH
45122613;—≈¬≈–Œ-¬Œ—“Œ◊Õ¿ﬂ  ŒÃœ¿Õ»ﬂ —¬ ;16223116;—≈¬≈–Œ-¬Œ—“Œ◊Õ¿ﬂ  ŒÃœ¿Õ»ﬂ —¬ 
45122614;YVES LAMBERT;;YVES LAMBERT
45122615;CHATEAU MAGENCE;;CHATEAU MAGENCE
45122619;CHATEAU RIEUSSEC;;CHATEAU RIEUSSEC
45122620;LA LAGUNE;;LA LAGUNE
45122621;RAUZAN-SEGLA;;RAUZAN-SEGLA
45122622;CHATEAU MOUTON ROTHSCHILD;;CHATEAU MOUTON ROTHSCHILD
45122623;PICHON COMTESSE;;PICHON COMTESSE
45122624;PAPE CLEMENT;;PAPE CLEMENT
45122625;HAUT-BAILLY;;HAUT-BAILLY
45122626;CHATEAU LATOUR-MARTILLAC;;CHATEAU LATOUR-MARTILLAC
45122627;CHATEAU PAVIE;;CHATEAU PAVIE
45122628;CHATEAU LAGRANGE;;CHATEAU LAGRANGE
45122629;LEOVILLE POYFERRE;;LEOVILLE POYFERRE
45122630;CREMANT DE LOIRE;;CREMANT DE LOIRE
45122631;LAGREZETTE;;LAGREZETTE
45122632;LE PIGEONNIER;;LE PIGEONNIER
45122633;LE PARVIS;;LE PARVIS
45122634;SAMORENS;;SAMORENS
45122635;PYRENE;;PYRENE
45122636;BAILLAURY;;BAILLAURY
45122637;CHATEAU TOUR DU ROC;;CHATEAU TOUR DU ROC
45122638;MARQUIS DU LUS;;MARQUIS DU LUS
45122639;FRANSAC;;FRANSAC
45122640;CACHET NOIR;;CACHET NOIR
45122641;VIEUX;;VIEUX
45122642;COEUR DE LION;;COEUR DE LION
45122643;POLAR;;POLAR
45122644;CUESTA-REY;;CUESTA-REY
45122645;CHATEAU MARGAUX;;CHATEAU MARGAUX
45122646;MARGAUX;;MARGAUX
45122647;PHILIPS;16223163;PHILIPS
45122648;MAJORETTE;16223285;MAJORETTE
45122649;PIANEGONDA;;PIANEGONDA
45122650;CHATEAU PALMER;;CHATEAU PALMER
45122651;MARQUES DE IRUN;;MARQUES DE IRUN
45122652;VINA HERMINIA;;VINA HERMINIA
45122653;LUIS CABALLERO;;LUIS CABALLERO
45122655;CLEMENTONI;16223002;CLEMENTONI
45122656;H.UPMANN;;H.UPMANN
45122657;TRINIDAD;;TRINIDAD
45122658;PORTOLANO;16223063;PORTOLANO
45122659;DOVE;;DOVE
45122660;DESIGNER SHAIK;16223047;DESIGNER SHAIK
45122662;ESCENTRIC MOLECULES;16222718;ESCENTRIC MOLECULES
45122663;XENTA;;XENTA
45122664;BOLIVAR;;BOLIVAR
45122665;LES ENFANTS;;LES ENFANTS
45122666;CHABLIS;;CHABLIS
45122667;CHABLIS VIEILLES VIGNES;;CHABLIS VIEILLES VIGNES
45122668;PINOT NOIR;;PINOT NOIR
45122669;NUITS-SAINT-GEORGES;;NUITS-SAINT-GEORGES
45122670;POMMARD;;POMMARD
45122671;AUTOTIME;;AUTOTIME
45122672;GAMZE;;GAMZE
45122673;ST.-REMY;;ST.-REMY
45122674;TERRANOBLE;;TERRANOBLE
45122675;¡ŒÕ¿;16223135;¡ŒÕ¿
45122676;◊≈–ÕŒ≈ «ŒÀŒ“Œ;;◊≈–ÕŒ≈ «ŒÀŒ“Œ
45122677;DENN;;DENN
45122678;LEONARD;;LEONARD
45122679;–”—— ¿ﬂ » –¿;;–”—— ¿ﬂ » –¿
45122680;KARL LAGERFELD;;KARL LAGERFELD
45122681;ENERGIZER;;ENERGIZER
45122682;PIATNIK;16223020;PIATNIK
45122683;œŒ¡≈ƒ¿;16223136;œŒ¡≈ƒ¿
45122684;JANEKE;16223059;JANEKE
45122685;THE BEAUTIFUL MIND SERIES VOL-1;;THE BEAUTIFUL MIND SERIES VOL-1
45122686;“≈’ÕŒœ¿– ;16223016;“≈’ÕŒœ¿– 
45122687;DALMATIN;;DALMATIN
45122688;ANNA CLUB PLUSH;;ANNA CLUB PLUSH
45122689;TACTIC;16222979;TACTIC
45122690;÷¿–— Œ≈ —≈ÀŒ;;÷¿–— Œ≈ —≈ÀŒ
45122691;FANCY;16223003;FANCY
45122692;FERRE MILANO;;FERRE MILANO
45122693;LIMONCELLO;;LIMONCELLO
45122694;¬≈ƒ¿;;¬≈ƒ¿
45122696;œŒ—ŒÀ‹— ¿ﬂ;;œŒ—ŒÀ‹— ¿ﬂ
45122697;ARARAT;;ARARAT
45122698;JOSE CUERVO;;JOSE CUERVO
45122699;ICEBERG;16222730;ICEBERG
45122700;O'NEILL;;O'NEILL
45122701;LOGIC3;;LOGIC3
45122702;CHERICOLE;;CHERICOLE
45122703;DJECO;16223301;DJECO
45122704;SIKU;;SIKU
45122705;ƒ”ƒ ¿;;ƒ”ƒ ¿
45122706;MOSKOVSKYI BRANDY;;MOSKOVSKYI BRANDY
45122707;ƒ” ¿“;;ƒ” ¿“
45122708;SOVETSKOE;;SOVETSKOE
45122709;TECHNOMARINE;16223185;TECHNOMARINE
45122710;MOSKOVSKAYA;;MOSKOVSKAYA
45122711;ƒ¬Œ…Õ¿ﬂ «ŒÀŒ“¿ﬂ;;ƒ¬Œ…Õ¿ﬂ «ŒÀŒ“¿ﬂ
45122712;TRIDENT;;TRIDENT
45122713;CHATEAU CHEVAL BLANC;;CHATEAU CHEVAL BLANC
45122714;¡≈À€…  Àﬁ◊;;¡≈À€…  Àﬁ◊
45122715;DIE-CAST METAL&PLASTIC;;DIE-CAST METAL&PLASTIC
45122716;CEPIA;;CEPIA
45122717;LAVA;;LAVA
45122718;JULIETTE HAS A GUN;16223211;JULIETTE HAS A GUN
45122719;AURORA;16223026;AURORA
45122720;WELLY;16222995;WELLY
45122721;DISNEY;16223256;DISNEY
45122723;HELLO KITTY;16222726;HELLO KITTY
45122724;BAKUGAN;16223279;BAKUGAN
45122725;ZOOBLES;16223276;ZOOBLES
45122726; –”∆ ¿ » ¡Œ◊ ¿;; –”∆ ¿ » ¡Œ◊ ¿
45122727;REMINGTON;;REMINGTON
45122728;CUABA;;CUABA
45122729;Õ¿ÿ ¿¬“Œœ–ŒÃ;;Õ¿ÿ ¿¬“Œœ–ŒÃ
45122730;THE SINGLETON OF DUFFTOWN;;THE SINGLETON OF DUFFTOWN
45122731;ÃŒÕ≈“Õ€… ƒ¬Œ–;16223141;ÃŒÕ≈“Õ€… ƒ¬Œ–
45122732;GRAND MARNIER;;GRAND MARNIER
45122733;BLACK VELVET;;BLACK VELVET
45122734;SVEDKA;;SVEDKA
45122735;KWEICHOW MOUTAI;;KWEICHOW MOUTAI
45122736;CHATEAU DE MARGAUX;;CHATEAU DE MARGAUX
45122737;CHATEAU HAUT VINOGLE SEGUIN;;CHATEAU HAUT VINOGLE SEGUIN
45122738;DANZKA;;DANZKA
45122739;CHURCHILLS;16223117;CHURCHILLS
45122740;XQ TOYS;16223309;XQ TOYS
45122741; »–Œ¬— ¿ﬂ Ã¿“–≈ÿ ¿;; »–Œ¬— ¿ﬂ Ã¿“–≈ÿ ¿
45122742;BOLS;;BOLS
45122743;BRATZ;16223290;BRATZ
45122744;KORKUNOV;;KORKUNOV
45122745;SANTIAGO DE CUBA;;SANTIAGO DE CUBA
45122746;POLO;16223147;POLO
45122747;RALPH;16223148;RALPH
45122748;‘¿–‘Œ– ¬≈–¡»ÀŒ ;;‘¿–‘Œ– ¬≈–¡»ÀŒ 
45122749;œ¿–Ã¿;16223190;œ¿–Ã¿
45122750;OMSA;16223430;OMSA
45122751;GRIFF;16223432;GRIFF
45122771;AVALANCHE;16223102;AVALANCHE
45122772;TIME DESIGN;;TIME DESIGN
45122773;LUIS MARTINES;;LUIS MARTINES
45122774;E.PUCCI;;E.PUCCI
45122775;MOMODESIGN;;MOMODESIGN
45122776;CALVET;;CALVET
45122777;CHATEAU BOIS PERTUIS;;CHATEAU BOIS PERTUIS
45122778;CHATEAU RELAIS DU CHEVAL BLANC;;CHATEAU RELAIS DU CHEVAL BLANC
45122779;CHATEAU PONTET NIVELLE;;CHATEAU PONTET NIVELLE
45122780;CHATEAU DU BOIS CHANTANT;;CHATEAU DU BOIS CHANTANT
45122781;CHATEAU TOUR DE PERRIGAL;;CHATEAU TOUR DE PERRIGAL
45122782;CHATEAU CAP L`OUSTEAU;;CHATEAU CAP L`OUSTEAU
45122783;CHATEAU CLAIR MOULIN;;CHATEAU CLAIR MOULIN
45122784;BOIS DU RICHE;;BOIS DU RICHE
45122785;LA ROSE BEL AIR;;LA ROSE BEL AIR
45122786;CHEVALIERS DE L`ORDRE;;CHEVALIERS DE L`ORDRE
45122787;HAUTS DE SAINT-ESTEPHE;;HAUTS DE SAINT-ESTEPHE
45122788;PAVILLON DU GLANA;;PAVILLON DU GLANA
45122789;CHATEAU PONTET-CHAPPAZ;;CHATEAU PONTET-CHAPPAZ
45122790;CHATEAU BELLEVUE DE GALVESSE;;CHATEAU BELLEVUE DE GALVESSE
45122791;NICI;16222974;NICI
45122792;BEN 10;16223291;BEN 10
45122793;PHILIPPE MATIGNON;16223431;PHILIPPE MATIGNON
45122794;PROTOS;;PROTOS
45122796;UNIT;;UNIT
45122797;CUTTY SARK;;CUTTY SARK
45122798;FILA;16223170;FILA
45122799;Ã≈ƒÕ€… ¬—¿ƒÕ» ;;Ã≈ƒÕ€… ¬—¿ƒÕ» 
45122800;WERTHERS;;WERTHERS
45122801;LUCKY STRIKE;;LUCKY STRIKE
45122802;BELLA SARA;16223304;BELLA SARA
45122803;CELLCOSMET&CELLMEN;;CELLCOSMET&CELLMEN
45122804;CELLMEN;;CELLMEN
45122805;Ã¿ÿ¿ » Ã≈ƒ¬≈ƒ‹;16223303;Ã¿ÿ¿ » Ã≈ƒ¬≈ƒ‹
45122806;THE ART OF SHAVING;;THE ART OF SHAVING
45122807;ROBIN RUTH;;ROBIN RUTH
45122808;KINDER BUENO;;KINDER BUENO
45122809;BRIO;;BRIO
45122810;AIR HOGS;16223293;AIR HOGS
45122811;UMKA;16223246;UMKA
45122812;BECHEROVKA;;BECHEROVKA
45122813;GAULOISES;;GAULOISES
45122814;GALLIANO;16223161;GALLIANO
45122815;“–¿œ≈«Õ» Œ‘‘;;“–¿œ≈«Õ» Œ‘‘
45122816;œ≈–¬¿ﬂ √»À‹ƒ»ﬂ;;œ≈–¬¿ﬂ √»À‹ƒ»ﬂ
45122817;–¿ƒ¿;;–¿ƒ¿
45122818;÷≈À‹—»…;;÷≈À‹—»…
45122819;KEEL TOYS;16223280;KEEL TOYS
45122820;PAL ZILERI BEACHWEAR;;PAL ZILERI BEACHWEAR
45122821;MISSONI;;MISSONI
45122822;MONTROUGE;;MONTROUGE
45122823;LA GRAVELLE;;LA GRAVELLE
45122824;LA FLEUR DU BARRIL;;LA FLEUR DU BARRIL
45122825;HAUT GOUJON;;HAUT GOUJON
45122826;DU BARRAILH;;DU BARRAILH
45122827;HAUT GRAVET;;HAUT GRAVET
45122828;JANDER;;JANDER
45122829;D'OURBENAC;;D'OURBENAC
45122830;NAPKIN;;NAPKIN
45122831;MANCERA;;MANCERA
45122832;GLENGOYNE;;GLENGOYNE
45122833;VITAOXYV;;VITAOXYV
45122834;AULDEY;16223281;AULDEY
45122835;«¿“≈…Õ» »;;«¿“≈…Õ» »
45122836;EDOX;16223122;EDOX
45122837;TRUNKI;;TRUNKI
45122838;CHATEAU LESTAGE SIMON;;CHATEAU LESTAGE SIMON
45122839;CHATEAU HAUT-MOULEYRE;;CHATEAU HAUT-MOULEYRE
45122840;»√–¿≈Ã ¬Ã≈—“≈;16223277;»√–¿≈Ã ¬Ã≈—“≈
45122841;RASTAR;16223286;RASTAR
45122842;KINDER SCHOKO-BONS;;KINDER SCHOKO-BONS
45122843;COG;16223282;COG
45122844;TERRONIO;;TERRONIO
45122845;ALCOM ACTIVE;;ALCOM ACTIVE
45122846;ORBIT;16223215;ORBIT
45122847;WRIGLEY'S;;WRIGLEY'S
45122848;HUBBA BUBBA;;HUBBA BUBBA
45122849;EASTPAK;;EASTPAK
45122850;JACQUES FAREL;;JACQUES FAREL
45122851;ORI;;ORI
45122852;MONSTER;;MONSTER
45122853;HERRADURA;;HERRADURA
45122854;KING ROBERT;;KING ROBERT
45122855;SMOKEHEAD;;SMOKEHEAD
45122856;CELLULARLINE;16223179;CELLULARLINE
45122857;∆»√”À»;;∆»√”À»
45122858;MINTTU;;MINTTU
45122859;CACIQUE MOJITO;;CACIQUE MOJITO
45122860;ƒ¬Œ…Õ¿ﬂ ¡≈À¿ﬂ;;ƒ¬Œ…Õ¿ﬂ ¡≈À¿ﬂ
45122861;ƒŒ¡–€…;16223092;ƒŒ¡–€…
45122862;NANO SPEED;16223306;NANO SPEED
45122863;LEROCK;;LEROCK
45122864;TONGDE;;TONGDE
45122865;JOY TOY;16223283;JOY TOY
45122866;TOY STATE;16223278;TOY STATE
45122867;GU YUE LONG SHAN;;GU YUE LONG SHAN
45122868;PYRAT;;PYRAT
45122870;JUDITH LEIBER;;JUDITH LEIBER
45122871;PRO ENGINE;;PRO ENGINE
45122872;DEFA;16223295;DEFA
45122873;SHINER TOYS;;SHINER TOYS
45122874;JESSIE;16223307;JESSIE
45122875;JUNFA;16223284;JUNFA
45122876;HAPPY WELL;;HAPPY WELL
45122877;ABLE STAR;;ABLE STAR
45122878;SMART KID;16223310;SMART KID
45122879;LI'L WOODZEEZ;16223302;LI'L WOODZEEZ
45122880;KRUG;;KRUG
45122881;SHUI JING FANG;;SHUI JING FANG
45122882;KINSKI;;KINSKI
45122883;GUMMY CANDY;16223139;GUMMY CANDY
45122884;MOUNT GAY;;MOUNT GAY
45122885;SIMBA;16223305;SIMBA
45122886;DICKIE TOYS;16223308;DICKIE TOYS
45122887;COCOROSE;;COCOROSE
45122888;MONKEY SHOULDER;;MONKEY SHOULDER
45122890;OPI;;OPI
45122891;FILODORO;16223433;FILODORO
45122892;PERSOL;;PERSOL
45122893;PINKY;;PINKY
45122894;BRAUN;;BRAUN
45122895;CERRUTI;16222707;CERRUTI
45122897;MAMBA;;MAMBA
45122898;UNGAVA;;UNGAVA
45122899;«»ÃÕﬂﬂ ƒŒ–Œ√¿;;«»ÃÕﬂﬂ ƒŒ–Œ√¿
45122900;WHITE GOLD;;WHITE GOLD
45122901;Õ≈‘“‹;;Õ≈‘“‹
45122902;NUVO;;NUVO
45122903;REVELL;;REVELL
45122905;ZVER;;ZVER
45122906;TORRE OF TUSCANY;16222757;TORRE OF TUSCANY
45122907;TECH 4 KIDS;16223412;TECH 4 KIDS
45122908;PUSTEFIX;16223296;PUSTEFIX
45122909;PERNOD;;PERNOD
45122910;REWARD TOYS;16223015;REWARD TOYS
45122911;BRIGHT STARTS;16223245;BRIGHT STARTS
45122913;SKULLCANDY;16223342;SKULLCANDY
45122914;PANASONIC;16223166;PANASONIC
45122915;REALTOY;16223017;REALTOY
45122916;LAMARTIS;;LAMARTIS
45122949;MATRIOSHKA;16223112;MATRIOSHKA
45122972;STATUS GROUP;;STATUS GROUP
45122975;TOD'S;;TOD'S
45122976;TOM_FORD;16222884;TOM_FORD
45122981;RAY_BAN;16223172;RAY_BAN
45123015;TRAD CRAFT;16223345;TRAD CRAFT
45123016;BOGATIRY;;BOGATIRY
45123018;«≈À≈Õ¿ﬂ Ã¿– ¿;;«≈À≈Õ¿ﬂ Ã¿– ¿
45123051;L&M;;L&M
45123071;MUGLER;;MUGLER
45123074;E_LAUDER;16222967;E_LAUDER
45123076;YSL;16222742;YSL
45123077;Biotherm;16222696;Biotherm
45123106;M&M;16223152;M&M
45123110;SONIA BYE;16223234;SONIA BYE
45123136;MAMONT;;MAMONT
45123137;SOUVENIRS;16223104;SOUVENIRS
45123145;DILAN;16223138;DILAN
45123154;CLOUDZ;16222652;CLOUDZ
45123165;DOLLS;;DOLLS
45123166;BELLS;;BELLS
45123170;APEROL;;APEROL
45123175;FUNRISE;16222656;FUNRISE
45123176;MONDO;16222658;MONDO
45123190;EGGS;16223108;EGGS
45123196;DUC d`O;;DUC d`O
45123206;GRANTS;;GRANTS
45123209;UNITRON;16223435;UNITRON
45123258;TARELKI;16223109;TARELKI
45123317;BVLGARI;16222701;BVLGARI
45123322;ARCOROS;;ARCOROS
45123349;WHITE HORSE;;WHITE HORSE
45123350;ST_EXPR;;ST_EXPR
45123352;BUSHMILLS;;BUSHMILLS
45123377;LEGO;16222678;LEGO
45123393;HAMA;16223340;HAMA
45123394;INNERGIE;;INNERGIE
45123395;SONY;16223341;SONY
45123418;KIT_KAT;;KIT_KAT
45123419;GZHEL;16223111;GZHEL
45123420;SEMENOVO;;SEMENOVO
45123423;LACOSTE;16222635;LACOSTE
45123425;RICH;16222687;RICH
45123427;BODY SHOP;16222669;BODY SHOP
45123428;BURBERRY;16222700;BURBERRY
45123468;HOHLOMA;;HOHLOMA
45123488;DUPONT;;DUPONT
45123491;P_RABANNE;16222697;P_RABANNE
45123499;ABRAU-DURSO;;ABRAU-DURSO
45123500;GEORGIA;;GEORGIA
45123501;AQUA;;AQUA
45123502;BON AQUA;16223089;BON AQUA
45123503;BRUICHLADDICH;;BRUICHLADDICH
45123504;BURN;;BURN
45123505;CALIFORNIA WINE;;CALIFORNIA WINE
45123507;PERRIER;16223479;PERRIER
45123509;EVERVESS;;EVERVESS
45123510;PEPSI;;PEPSI
45123511;SCHWEPPES;16223095;SCHWEPPES
45123512;VITTEL;;VITTEL
45123513;GLAVSPIRT;;GLAVSPIRT
45123516;WOLFORD;;WOLFORD
45123518;THIMBLE;;THIMBLE
45123519;PECCATO;16222717;PECCATO
45123527;SPIN MASTER;16223019;SPIN MASTER
45123528;KIDZTECH;16222976;KIDZTECH
45123529;LALALOOPSY;16223271;LALALOOPSY
45123530;MOXIE;16223269;MOXIE
45123531;NO BRAND;16222761;NO BRAND
45123557;LIFETRONS;16223151;LIFETRONS
45123562;CANADIAN;;CANADIAN
45123564;COURVOISIER;;COURVOISIER
45123571;ALEXANDRE J;16222784;ALEXANDRE J
45123573;ALYSON OLDOINI;16222785;ALYSON OLDOINI
45123612;ALFA-ALYANCE;;ALFA-ALYANCE
45123613;A.V. JEWELRY OF NY;;A.V. JEWELRY OF NY
45123614;CARAN D'ARCHE;;CARAN D'ARCHE
45123615;DYRBERG KERN;16223118;DYRBERG KERN
45123616;IBB;;IBB
45123617;LA MARQUISE;;LA MARQUISE
45123618;IDEAL;;IDEAL
45123619;MEIRAT T;;MEIRAT T
45123620;NOUVELLE BAGUE;;NOUVELLE BAGUE
45123621;ROBERTO BRAVO;;ROBERTO BRAVO
45123646;FEDOSKINO;;FEDOSKINO
45123647;HOLUY;;HOLUY
45123648;PALEKH;;PALEKH
45123649;LEKSIKOV;16223406;LEKSIKOV
45123655;DRAGON;16222996;DRAGON
45123660;VOOV;16223043;VOOV
45123661;SPINMASTER (SPY GEAR);;SPINMASTER (SPY GEAR)
45123662;FILLY;16222997;FILLY
45123663;FLYING FAIRY;16223272;FLYING FAIRY
45123694;MSTERA;;MSTERA
45123723;PPM;16223346;PPM
45123724;SHAMROCK GIFT;16222843;SHAMROCK GIFT
45123725;ART LAIN;;ART LAIN
45123727;POLIGLOT;16223191;POLIGLOT
45123728;MAXI TOYS;16223009;MAXI TOYS
45123729;SOCHI.RU 2014;16223008;SOCHI.RU 2014
45123731;KUKLI MASLENNIKIVOY;;KUKLI MASLENNIKIVOY
45123749;BYREDO;16222850;BYREDO
45123750;K by KILIAN;16222851;K by KILIAN
45123767;MARKA;;MARKA
45123802;VERSACE - EUROITALIA;16222713;VERSACE - EUROITALIA
45123835;RLAUREN;16223069;RLAUREN
45123846;CD;;CD
45123849;N_RICCI;16222745;N_RICCI
45123857;– ;;– 
45123859;TRAVALO;16223220;TRAVALO
45123860;DVD;;DVD
45123864;DIOR;16222706;DIOR
45123867;STROCHKOV;;STROCHKOV
45123868;T_SABO;;T_SABO
45123873;COMBINACIONES;;COMBINACIONES
45123874;DEWARS;;DEWARS
45123875;MACALLAN;;MACALLAN
45123888;SQUARE;;SQUARE
45123898;CLARISONIC;;CLARISONIC
45123976;Armani;16222693;Armani
45123991;CODELLO;16222863;CODELLO
45124015;DANOVA SOUVENIRS;16223350;DANOVA SOUVENIRS
45124024;CAVIAR;;CAVIAR
45124025;UNITEDCONF;16222665;UNITEDCONF
45124026;MEDIA PRESS;16223110;MEDIA PRESS
45124027;CRAB MEAT;;CRAB MEAT
45124028;CANON;;CANON
45124031;ESTERK LUX PARFUME;;ESTERK LUX PARFUME
45124032;BALDESSARINI;16222694;BALDESSARINI
45124033;AZZARO;;AZZARO
45124036;SCANNON/GUCCI;;SCANNON/GUCCI
45124040;GILLETTE;;GILLETTE
45124041;NOVII SVET;;NOVII SVET
45124043;IRISH MIST;;IRISH MIST
45124044;KNAPPOGUE;;KNAPPOGUE
45124045;LOREAL_MM;16222690;LOREAL_MM
45124046;LA SOURCE;;LA SOURCE
45124047;LA MARQUISEL;;LA MARQUISEL
45124049;MS;;MS
45124053;PUNCH;;PUNCH
45124054;PRUDENCE;16222748;PRUDENCE
45124058;RUINART;;RUINART
45124059;SPASSKAYA TOWER;;SPASSKAYA TOWER
45124060;SILKCUT;;SILKCUT
45124069;HILFIGER;;HILFIGER
45124070;TRANSCEND;;TRANSCEND
45124071;TOUS;;TOUS
45124072;UNO;;UNO
45124074;MOUTAI;;MOUTAI
45124075;RS_PLATINUM;;RS_PLATINUM
45124087;CUBICFUN;16223027;CUBICFUN
45124088;Rio;16223028;Rio
45124090;SIMA-LAND;;SIMA-LAND
45124096;∆Œ—“Œ¬Œ;;∆Œ—“Œ¬Œ
45124117;BUZZ BEE TOYS;16222999;BUZZ BEE TOYS
45124118;SAVVI;16223049;SAVVI
45124170;ZYR;;ZYR
45124171;TSARSKAYA;16223100;TSARSKAYA
45124182;CLIVE CHRISTIAN;16223209;CLIVE CHRISTIAN
45124183;ASGHARALI;16223210;ASGHARALI
45124189;AJMAL;16223213;AJMAL
45124202;DESIGUAL;16223056;DESIGUAL
45124207;C_HERRERA;16222702;C_HERRERA
45124208; ŒÕ‘¿›À‹;16223231; ŒÕ‘¿›À‹
45124214;ASHFORD;;ASHFORD
45124230;HAIG;;HAIG
45124233;ZAKKA;16223895;ZAKKA
45124234;ODOYO;16223494;ODOYO
45124235;LEPOW;;LEPOW
45124236;WESC;16223882;WESC
45124237;ECHO;;ECHO
45124238;SMS AUDIO;;SMS AUDIO
45124252;MOMAX;16223338;MOMAX
45124284;DRACCO;16223239;DRACCO
45124291;OVERSEAS;;OVERSEAS
45124309;POWER RANGERS;16223257;POWER RANGERS
45124323;MIWORLD;16223261;MIWORLD
45124327;ISSEYMIY;16222993;ISSEYMIY
45124332;COCCINELLE;;COCCINELLE
45124347;CRASHLINGS;16223274;CRASHLINGS
45124356;DAILRADE;;DAILRADE
45124368;SUNJADE;;SUNJADE
45124386;GLENKINCHI;;GLENKINCHI
45124390;CARDHU;;CARDHU
45124408;Multi-Pulti;16223336;Multi-Pulti
45124409;GALAXY;16223337;GALAXY
45124464;KDLAB ARAREE;;KDLAB ARAREE
45124477;MOTORMAX;16223351;MOTORMAX
45124478;RAVENSBURGER;;RAVENSBURGER
45124490;MAUI_JIM;16223171;MAUI_JIM
45124491;CAVALLI_J;16223160;CAVALLI_J
45124492;MBLANC;;MBLANC
45124493;CAVALLI_R;16223162;CAVALLI_R
45124537;RS_GOLD;;RS_GOLD
45124546;S_FERRAGAMO;16222721;S_FERRAGAMO
45124571;ARMANI_GIO;;ARMANI_GIO
45124572;DOLCE_GAB;16222633;DOLCE_GAB
45124573;ARMANI_EMP;;ARMANI_EMP
45124574;M_KORS;;M_KORS
45124575;RAY_BAN_JUNIOR;;RAY_BAN_JUNIOR
45124576;TIFFANY;;TIFFANY
45124583;VICHE;;VICHE
45124588;CARRERA KIDS;;CARRERA KIDS
45124589;J_CHOO;16223073;J_CHOO
45124636;AJ ARABIA;;AJ ARABIA
45124655;HAPPY PLUGS;16223387;HAPPY PLUGS
45124670;WINE;;WINE
45124671;NORMANDY;;NORMANDY
45124724;BALENCIAGA;16223485;BALENCIAGA
45124726;LA TWEEZ;16223054;LA TWEEZ
45124732;ZAINI;16223408;ZAINI
45124848;HEINEKEN;;HEINEKEN
45124849;MOET_CH;16223253;MOET_CH
45124854;TINTAMAR;16223222;TINTAMAR
45124855;MORGAN&OATES;16223061;MORGAN&OATES
45124856;TROIKA;;TROIKA
45124857;KYUTEC;16223128;KYUTEC
45124858;ESTER BIJOUX;16223123;ESTER BIJOUX
45124859;LUNAVIT;16223131;LUNAVIT
45124860;GOLD SILK;;GOLD SILK
45124861;TOSCOW;16223182;TOSCOW
45124862;SOSOMA;16223132;SOSOMA
45124863;LA CHANCE;16223133;LA CHANCE
45124865;BROSWAY;16223115;BROSWAY
45124866;FERVOR;16223175;FERVOR
45124867;UNO DE;;UNO DE
45124868;CAROLEE;16223130;CAROLEE
45124869;ANTWERP DESIGN;;ANTWERP DESIGN
45124870;ANTICA MURRINA;;ANTICA MURRINA
45124875;ZIP STAR;;ZIP STAR
45124876;DOOWELL;;DOOWELL
45124877;NANODOTS;16223023;NANODOTS
45124878;Jacque Lemans;16223146;Jacque Lemans
45124879;EARNSHAW;16223134;EARNSHAW
45124881;AVIATOR;16223173;AVIATOR
45124882;MANOIR;16223174;MANOIR
45124883;ROAMER;;ROAMER
45124884;ICE WATCH;16223142;ICE WATCH
45124885;SEIKO;16223187;SEIKO
45124886;BREO;;BREO
45124887;ROTARY;;ROTARY
45124890;PARIS HILTON;;PARIS HILTON
45124918;BOSS_HUGO;16222699;BOSS_HUGO
45125004;CDI;16223021;CDI
45125006;MGAE;16223273;MGAE
45125020;J_COUTURE;16222734;J_COUTURE
45125021;PASHMA;16223055;PASHMA
45125033;TAF TOYS;16223275;TAF TOYS
;BINO TIANI;16222629;BINO TIANI
;VASHERON;16222637;VASHERON
;GIORGIO FEDON;16222638;GIORGIO FEDON
;ZEST;16222639;ZEST
;A.BANDERAS;16222688;A.BANDERAS
;ALVIERO MARTINI;16222689;ALVIERO MARTINI
;AGENT PROVOCATEUR;16222691;AGENT PROVOCATEUR
;BOBBI BROWN;16222698;BOBBI BROWN
;Carner Barcelona;16222705;Carner Barcelona
;FERAUD;16222720;FERAUD
;JV;16222732;JV
;KIMMI;16222737;KIMMI
;BRIC'S;16222767;BRIC'S
;LAMARTHE;16222768;LAMARTHE
;SCHCHARD&FRIESE;16223051;SCHCHARD&FRIESE
;BAGGINI;16223062;BAGGINI
;SEEBERGER;16223064;SEEBERGER
;STETSON;16223065;STETSON
;SALVADORD;16223074;SALVADORD
;BAR PRODUCT;16223090;BAR PRODUCT
;Kondi;16223098;Kondi
;FABER CASTELL;16223124;FABER CASTELL
;FOLLI FOLLIE;16223125;FOLLI FOLLIE
;MISAKI;16223159;MISAKI
;«ŒÀŒ“Œ… —¿ƒ;16223188;«ŒÀŒ“Œ… —¿ƒ
;ARTSHAVING;16223252;ARTSHAVING
;ZAPF;16223260;ZAPF
;LITTLE TIKES;16223270;LITTLE TIKES
;MONSUNO;16223294;MONSUNO
;Kenneth Cole;16223335;Kenneth Cole
;Valentino Orlandi;16223404;Valentino Orlandi
;LAMBORGINI;16223405;LAMBORGINI
;SLAVA ZAITSEV LUXURY;16223505;SLAVA ZAITSEV LUXURY
45125161;ABSENTE 55;;ABSENTE 55
45125191;AGONIST;;AGONIST
45122185;AMBER;;AMBER
45125133;B00999;16223544;B00999
45125127;B01097;;B01097
45125340;B01160;;B01160
45125384;B01265;;B01265
45125339;B01449;;B01449
45125431;BONCOURT;;BONCOURT
45125438;BOSS;;BOSS
45125158;BOTTEGA;;BOTTEGA
45125244;BOTTEGA VENETA;16223609;BOTTEGA VENETA
45125245;CK;16223610;CK
45125416;CLEMENT;;CLEMENT
45125156;DEBRISE DULAC;;DEBRISE DULAC
45122328;DELETE!;;DELETE!
45125053;DIAGEO;;DIAGEO
45125192;EIGHT BOB;16223702;EIGHT BOB
45125221;F_ROCHER;;F_ROCHER
45125160;FREIXENET;;FREIXENET
45125322;GIRLIE STYLE;;GIRLIE STYLE
45125157;GODET FRERES SA;;GODET FRERES SA
45125162;HARDY;;HARDY
45125415;JANNEAU;;JANNEAU
45125417;JM;;JM
45125128;KEIKO MECHERI;16223540;KEIKO MECHERI
45125222;KINDER;;KINDER
45125154;LOUIS ROEDERER;;LOUIS ROEDERER
45125246;MARC JACOBS;16223612;MARC JACOBS
45125163;MAXXIUM;;MAXXIUM
45125155;MOZART;;MOZART
45125286;ORO GOLD;16223628;ORO GOLD
45125125;PAW PATROL;16223537;PAW PATROL
45125129;PERRIS MONTE CARLO;16223542;PERRIS MONTE CARLO
45125052;R_MARTIN;;R_MARTIN
45125190;ROADS;;ROADS
45124075;RS_PLAT;;RS_PLAT
45124583;SAS MAISON DE LA VODKA;;SAS MAISON DE LA VODKA
45125347;SHISEIDO;16223583;SHISEIDO
45125189;SOOUD;;SOOUD
45125249;SUDIO;16223613;SUDIO
45125429;TESSERON;;TESSERON
45125210;TOYSTATE;16223573;TOYSTATE
45125440;VENUS;;VENUS
45125293;VIKTOR & ROLF;16223629;VIKTOR & ROLF
45125159;WBDF HIBBERTS;;WBDF HIBBERTS
45125211;XQ;16223572;XQ
45125213;√Œ–Œƒ Ã¿—“≈–Œ¬;16223575;√Œ–Œƒ Ã¿—“≈–Œ¬
45122594; –¿—Õ¿ﬂ ÿ¿œŒ◊ ¿;; –¿—Õ¿ﬂ ÿ¿œŒ◊ ¿
45122532; –≈ÃÀ≈¬— »≈;; –≈ÃÀ≈¬— »≈
45122706;ÃŒ— Œ¬— »…;;ÃŒ— Œ¬— »…
45125302;œŒ –Œ¬— »…;16223633;œŒ –Œ¬— »…
;GIULIETTA CAPULETI;16223567;GIULIETTA CAPULETI
;KIPLING ( »œÀ»Õ√);16223648;KIPLING ( »œÀ»Õ√)
;M.BLANC;16223558;M.BLANC
;MIMMINA FLOWER;16223568;MIMMINA FLOWER
;NARVIN;16223630;NARVIN
;RADLEY;16223549;RADLEY
;TRASH PACK;16223011;TRASH PACK
;EXCELLANCE MOSCOW;16223704;EXCELLANCE MOSCOW
45125469;OREO;;OREO
45125472;12 PARFUMERS;16223710;12 PARFUMERS
45125490;JOSEPH FAIVELEY;;JOSEPH FAIVELEY
45125496;LOCCITANE;;LOCCITANE
45125508;NEDENBURG;;NEDENBURG
45125489;TUNINA;;TUNINA
45125509;TWO OCEANS;;TWO OCEANS
45125491;¿À‹ƒ«≈Õ¿;;¿À‹ƒ«≈Õ¿
;SEMENOVO;16223712;SEMENOVO
45125516;V.WESTWOOD;;V.WESTWOOD
45125523;AGENT18;16223720;AGENT18
45125536;ALAIA;;
45125758;ANGRY BIRDS;;
45125583;ASI;16223740;ASI
45125589;CDLM;16223744;CDLM
45122166;GLENLIVET;;
45125578;HANDGUM;16223733;HANDGUM
45125735;INSIDE OUT;16223795;INSIDE OUT
45125584;MILKA - 189;;
45125551;MORTLACH;;
45125508;NEDERBURG;;
45125588;NESTLE SWISS;;
45125760;PLUSH APPLE;;
45125761;SONATA;;
45125521;STUFF;16223730;STUFF
45122285;TISSOT;;
45125585;TOBLERON;;
45125293;VIKTOR&ROLF;;
45125616;YE!!;16223771;YE!!
45125757;ZHORYA;;
;;16223764;VAN CLEEF
;;16223777;TORRE OF TUSCANE
;;16223775;JOHN RICHMONT
;;16223773;KESSLORD
;;16223726;MAX FACTOR
;;16223793;ALAIA
;;16223788;ATKINSONS
;;16223778;EXELLANCE MOSCOW
;;16223776;G CAPULETTI
45125879;—Œﬁ«Ã”À‹“‘»À‹Ã;;—Œﬁ«Ã”À‹“‘»À‹Ã
45125759;‘» —» »;;‘» —» »
45125721;B01464;;B01464
45125878;B01507;;B01507
45125884;B01508;;B01508
45125886;B01509;;B01509
45125882;BOMB_SAPH;;BOMB_SAPH
45125883;G_GOOSE;;G_GOOSE
45125891;GLEN DEVEROM;;GLEN DEVEROM
45125892;JCB;16223874;JCB
45125885;WILLIAM LAWSON'S;;WILLIAM LAWSON'S
45125963;ABERFELDY;;ABERFELDY
45125965;PIQUADRO;16223889;PIQUADRO
45126057;FERRARI;16223875;FERRARI
;;16223861;BOURJOIS
45126102;FRANCIS KURKDJIAN;;FRANCIS KURKDJIAN
45126110;GRAGGANMORE;;GRAGGANMORE
45126110;GRAGGANMORE;;GRAGGANMORE
45122304;ISLE JURA;;ISLE JURA
45126077;PALLINI;;PALLINI
45126117;PASSOA;;PASSOA
45126123;RAFFAELLO;;RAFFAELLO
45122673;ST.REMY;;ST.REMY
45126078;TEELING;;TEELING
45126035;TSAROS;;TSAROS
45126120;VICHE PITIA;;VICHE PITIA
45126032;¬ŒÀ√Œ–≈◊≈Õ— –€¡’Œ«;;¬ŒÀ√Œ–≈◊≈Õ— –€¡’Œ«
45126157;CHATEAU BEL AIR;;CHATEAU BEL AIR
45126158;CHATEAU BERGAT;;CHATEAU BERGAT
45126159;CHATEAU DU DOMAINE;;CHATEAU DU DOMAINE
45126160;CHATEAU LYNCH;;CHATEAU LYNCH
45126148;CHOBI;;CHOBI
45126161;LAVALINIERE;;LAVALINIERE
45126176;MICALLEF;;MICALLEF
45126154;MILKY WAY;;MILKY WAY
45126163;PAUILLAC;;PAUILLAC
45126174;SOSPIRO;;SOSPIRO
45126175;TIZIANA TERENZI;;TIZIANA TERENZI
45126155;TOFFIFEE;;TOFFIFEE
45126173;XERJOFF;;XERJOFF
;B01499;16223890;B01499
45122286;;;VEUVE CLICQUOT
45126221;JUST CAVALLI;;JUST CAVALLI
45126211;MONNALISA;;MONNALISA
45126256;BULLYLAND;16223906;BULLYLAND
45126257;HTI;16223907;HTI
45126258;SELFIE MEDIA;16223908;SELFIE MEDIA
45126259;TOY TARGET;16223909;TOY TARGET
45126262;ZOOMER;16223910;ZOOMER
45126263;VIOLETTA;16223911;VIOLETTA
;MENDITTOROSA;16223916;MENDITTOROSA
45126269;WELDER;;WELDER
45126267;CHRONOSWISS;;CHRONOSWISS
45126273;CRIOLLO;;CRIOLLO
45126268;CUERVO Y SOBRINOS;;CUERVO Y SOBRINOS
45126264;FREDERIQUE CONSTANT;;FREDERIQUE CONSTANT
45126265;HAMILTON;;HAMILTON
45126266;TOY WATCH;;TOY WATCH
45126347;GO_INT;16223922;GO_INT
45126364;HGL;16223927;HGL
45126363;LBX;16223926;LBX
45126365;MECCANO;16223928;MECCANO
45126304;BONDIBON;;BONDIBON
45126306;CAVALLI CLASS;;CAVALLI CLASS
45125878;OMSKVINPROM;;OMSKVINPROM
;LAMBORGHINI;16223932;LAMBORGHINI
;MADARA;16223931;MADARA
45126373;ESTEE LAUDER;;ESTEE LAUDER
45126367;MONTBLANC;;MONTBLANC
45122976;TOM FORD;;TOM FORD
45126411;EXTRA;;EXTRA
45126418;FERRARI JUNIOR;;FERRARI JUNIOR
45126419;LAURA BIAGIOTTI DOLLS;;LAURA BIAGIOTTI DOLLS
45124207;;;CAROLINA HERRERA
