DP_SUP_ID;DF_USD_ID;DF_SUP_ID;SUP_NAME
;28551042;28551042;---
14323943;;;---
;36939811;36939811;A.R.I.
;10907183;10907183;A.R.I. OLD
11271174;;;A0000006 ¿–’¿Õ√ OOO
10902882;;;A00004 ICS
10902883;;;A00005 ALFA PLUS
10902884;;;A00006 ART-BOOKS OOO
11372511;;;A00007 ¿À≈‘ “–≈…ƒ ŒŒŒ
11690046;;;A00012 ¿¬¿ÀŒÕ “–≈…ƒ
10971590;;;A00100 ›Ã¡Œ–√
10902886;;;A00111 APC-FOUDS OOO
10902887;;;A01000 ALESER 000
;45124181;45124181;A014660 ASGHARALI ESTERK
16223207;;;A014660 ASGHARALI ESTERK
15061294;32030763;32030763;A03333 AGATHA
;10924100;10924100;A10012 ALFRED DUNHILL GMBH
16157276;;;A10015 CAROLINA HERRERA PUIG
16157276;10907434;10907434;A10015 CAROLINA HERRERA Puig
;10924088;10924088;A10016 ALFA-ALYANCE
;10907286;10907286;A10018 ALFRED DUNHILL P&G
;10924078;10924078;A10025 ALMAX
;10907288;10907288;A10044 GLOBAL PROMOTIONAL SE
;10907288;10907288;A10044 GLOBAL PROMOTIONAL SE
;10907435;10907435;A10060 ABSOLUT CO
;10907241;10907241;A10067 ART ALIANCE
;10907342;10907342;A10067+ ART ALIANCE PLUS
;10907343;10907343;A10068+ ART ALIANCE RBN
;10907343;10907343;A10068+ ART ALIANCE RBN
;10907546;10907546;A10073 TIGER ELECTRONICS USD
;10907242;10907242;A10076 ART-BOOKS LTD
;14278728;14278728;A10076+ ART-BOOKS RBL
;10924110;10924110;A10080 AMKA OY/AB
;10907344;10907344;A10096 RUSSIAN SPIRIT GROUP
;10907184;10907184;A10118 INFIFON B.V.
;10907184;10907184;A10118 INFIFON B.V.
;10907436;10907436;A10122 ARI-SHANNON EURO
;10924115;10924115;A10200 AGROSECO
;10907289;10907289;A11100 ARCOROS
;10907289;10907289;A11100 ARCOROS
10902892;;;A11100 ART-ALYANCE ECO RBL
;10907345;10907345;A11112 ART-BOOKS
15205851;;;A11114 AVALANCHE
15205854;;;A11117 AVIATOR
11450423;;;A12000 ¿Ã¿ƒ≈”—
;10907437;10907437;A12224 FINLANDIA VODKA - BF
11254622;45124718;45124718;A12345 OOO AUGUST GROUP                                                                             
16222265;45121034;45121034;A12600 Ã“  ¿À»—¿ «¿Œ   
;37248649;37248649;A13970 ARK BELUGA OOO
11274573;;;A14520 ¿À Œ-Ã»–
;10917382;10917382;A20008 ANTICA MURRINA SKY
;28446164;28446164;A20033 JOHN RICHMOND Euroitalia
;22341022;22341022;A21234 AST
11269170;;;A23456 ¿—“-»Õ“≈–Õ›ÿÕÀ OOO
;28142960;28142960;A25555 CONSTELLATIONS BRANDS SCHENLEY INC
15980835;;;A32111 AVANTA ELECTRONICS
15980835;28593085;28593085;A32111 AVANTA ELECTRONICS
11728840;;;A33000 ARDEN LAGERFELD
15872568;;;A33315+ AEROBRIDGE OOO
15872568;24612378;24612378;A33315+ AEROBRIDGE OOO
;10907290;10907290;A33366 ALKOMIR OOO
;10924112;10924112;A33880 ALD INT FASHION
12708724;;;A3400000  ŒÕ—“¿Õ“»ÕŒœŒÀ‹— ¿ﬂ
16223683;;;A44441 ¿–ŒÕ¿ ŒŒŒ                                                                                    
16223683;;;A44441 ŒŒŒ ¿–ŒÕ¿
;12922092;12922092;A44444+ AMADEUS
15963727;;;A45698 ART ALLIANCE LTD
;22424977;22424977;A54321 ALLIED BRANDS
;21453663;21453663;A55516 ARTISAN ESTERK
16223884;;;A55552 ¿Õ“¿–≈—                                                                                      
16223425;;;A55555  ŒÃœ¿Õ»ﬂ ¿ÀÀ»√¿“Œ– ŒŒŒ                                                                       
16223425;;;A55555 ŒŒŒ  ÓÏÔ‡ÌËˇ ¿ÎÎË„‡ÚÓ
16222300;;;A65432 AVTOGRAF
16222300;45121100;45121100;A65432 AVTOGRAF
16192379;;;A72508 ¿ﬂ —-œ–≈—— ŒŒŒ
;44809367;44809367;A72508 ¿ﬂ —-œ–≈—— ŒŒŒ
16038988;;;A75444 —ÚÓÎË˜Ì˚È ﬁ‚ÂÎËÌ˚È «‡‚Ó‰
;45121220;45121220;A77332 L'ATELIER
16223492;;;A88881 ¿–»¿Ã
;10924080;10924080;A99996 ALMAZJEWELIR EXPORT
16222230;;;AAT00001 ART ALIANCE TRADING
;15182376;15182376;AB1111+ ABBYY
15861076;;;AB2222+ AEROBRIDGE UNION
15347108;;;AB55555 ¿–“ ¡¿«¿–
15861076;39373863;39373863;AB9999+ AEROBRIDGE UNION
15929513;;;AD00000 AF_DM
;42565954;42565954;AD12468 GREENFIELD INTERVEST LTD
16222218;;;AE3333 AEGNA
;10924118;10924118;AEROFIRST
10902895;;;AEROFIRST_RBN
;10924082;10924082;AEROMAR
;10907439;10907439;AEROMAR_RBN
15061294;;;AG55511 AGATHA
16223048;;;AHK111 HELLO KITTY ARIAL
;45126209;;AIR AFFINITY LIMITED                                                                                
;45124188;45124188;AJ00001 AJMAL
16222783;;;AJ5545 ALEXANDRE J MINIUM
16222783;45123556;45123556;AJ5545 Alexandre J ÃËÌËÛÏ
;10931266;10931266;AL45115 ALOKOZAY F2E
16223792;45125537;;AL55111 ALAIA BPI                                                                                   
16223429;;;AL55544 ¿À‹ “–≈…ƒ
16223429;;;AL55544 ¿À‹ “–≈…ƒ ŒŒŒ                                                                               
;33547545;33547545;AL88888 MASTER SERVICE COMPANY
15233565;;;AM10001 A.MARTINI –Ë¯˝Ò
;43333871;43333871;AM11111 ANTHIME MOULEY
16223067;;;AN2014 ARIAL(NOVOSIBIRSK)
16223067;;;AN2014 ARIAL(SOCHI / NOVOSIBIRSK)                                                                   
;45125271;45125271;AO12345 ALYSON OLDOINI Interlux 2
15640999;;;AP 12345 AGENT PROVOCATEUR-≈ƒ»Õ¿ﬂ ≈¬–Œœ¿
16223624;21046073;21046073;AR10016 AGATHA RUIZ DE LA PRADA Puig
;45126210;;ARCOROS INC.                                                                                        
16135458;;;ARIAL
;42829361;42829361;ART ALLIANCE DELUX LTD
;45126208;;ART ALLIANCE LTD (UK)                                                                               
15407859;;;ART BAZAR GR
;31862246;31862246;AS23456 THE ART OF SHAVING
;45124219;45124219;AS33354 ASHFORD
;45126191;;ASHFORD                                                                                             
16223739;45125582;;ASI412 ASI OOO                                                                                      
12499656;;;B0000003 ¡ŒÕ¿ ŒŒŒ
10902896;;;B000005 »“¿À ŒÃ
10902897;;;B00001 VASKO RBL
10902898;;;B00002 BONA CONFECTIONARY ZAO
10902899;;;B00003 BEVERIDGIS AND TRAIDING
10902900;;;B00004 BAZA-4 ZAO
10902901;;;B00005 BELLIGEN TD
11168902;;;B0005 ¬–≈Ã≈Õ¿ √Œƒ¿ “ƒ
10902903;;;B10000 TP BIRNS
;10907346;10907346;B10001 BARAKA JEW - GENERLUX
;10907346;10907346;B10001 BARAKA JEW - GENERLUX
10902904;;;B10001 BORALEX
;10924077;10924077;B10003 BREADWINNERS
;10907347;10907347;B10018 DEL BURBERRYS
16222992;;;B10027 ISSEY MIYAKI BPI
16222992;10907387;10907387;B10027 ISSEY MIYAKI BPI
;10907293;10907293;B10028 JEAN PAUL GAUTIER BPI
16222990;;;B10029 NARCISO RODRIGUES BPI
16222990;10908145;10908145;B10029 NARCISO RODRIGUES BPI
;10907294;10907294;B10041 BRAUN
;10907440;10907440;B10044 BROWN FORMAN BEVERAGE
;10907348;10907348;B10055 BARDINET SA
;10907244;10907244;B10062 BAUME & MERCIER SA
;10907244;10907244;B10062 BAUME & MERCIER SA
;10907547;10907547;B10080 BLAVOD DRINKS LTD
;10907547;10907547;B10080 BLAVOD DRINKS LTD
;10907388;10907388;B10081 BORIE-MANOUX WINES
;10907388;10907388;B10081 BORIE-MANOUX WINES
;10907441;10907441;B11111 TORGSERVICE XXI BABAEVSKOE
;10907185;10907185;B11115 BALMAIN WATCH
;10907185;10907185;B11115 BALMAIN WATCH
12499656;18666543;18666543;B11555 BONA OOO
13534474;;;B1212345 ¡»√ “–›…ƒ ŒŒŒ
;10907389;10907389;B12345 BALMAIN
;23217598;23217598;B123456 BOLS SP.Z.O.O
14008192;;;B13578 BVLGARY - ≈ƒ»Õ¿ﬂ ≈¬–Œœ¿
16223699;;;B14270 ¡–¿«»— ÀŒ√»—“»                                                                               
14348260;10907549;10907549;B14673 BIOTHERM PBI
;10922016;10922016;B14674 BIOTHERM SKY
;10923965;10923965;B20100 BARAKA WATCH
15962875;;;B21456 CARON ¡»¡» ŒÃ (»À‹»Õ¿)
16164156;;;B21457 MEMO ¡»¡» ŒÃ (»À‹»Õ¿)
16164157;;;B21458 PRUDENCE ¡»¡» ŒÃ (»À‹»Õ¿)
16164158;;;B21459 HOUBIGANT ¡»¡» ŒÃ (»À‹»Õ¿)
16164160;;;B21460 HISTORES DE PARFUMS ¡»¡» ŒÃ (»À‹»Õ¿)
14030123;;;B23456 BALDESSARINI -≈ƒ»Õ¿ﬂ ≈¬–Œœ¿
;10907550;10907550;B25600 BEVERAGES & TRADING
;28366568;28366568;B33333 BELVEDERE
14008004;;;B34567 BOSS - ≈ƒ»Õ¿ﬂ ≈¬–Œœ¿
;30663658;30663658;B51551 BISQUIT COGNAC
16222849;;;B54321 BYREDO ESTERK
;45123746;45123746;B54321 BYREDO Esterk
;45125360;45125360;B55533 BOTTEGA
;10907551;10907551;B55545 BRONCES E.TORTOSA
16222627;;;B55555 ¡≈Õ≈‘»“
15980829;;;B56789 BOBBY BROWN
;22567051;22567051;B66650 BOUCHERON PBI
;11381585;11381585;B68701 BACARDI GMBH
;11381585;11381585;B68701 BACARDI GMBH
;43359682;43359682;B69870 BALLY SA I VIA INDUSTRIA
;42521079;42521079;B87452 BRIC'S
16150193;;;B87452 BRIC'S
;10907295;10907295;B89625 LUXOTTICA UK IRL
;42521050;42521050;B95137 BRACCIALINI
;45120829;45120829;B99911 BAIKAL JSL
13672106;;;B99999 BIOTHERM SKY
15054381;;;BB55515 BETTY BARCLAY - ≈ƒ»Õ¿ﬂ ≈¬–Œœ¿
;10907390;10907390;BD12345 BREITLING/DARROW GROUP
;45120899;45120899;BE56565 BEGEMOT
;45125713;;BEST WINE                                                                                           
;45125713;;BEST WINE (SIA MONO)                                                                                
16223339;45124232;45124232;BIK1113 OOO BIK
;10907245;10907245;BJ12345 BJ FITZPATRICK & CO
;12143104;12143104;BPI
16223507;;;BPI
15979121;;;BR00005 BROSWAY
16223562;;;BR75321 BURBERRY BPI
;43255913;43255913;BR75321 BURBERRY BPI
16222668;43252561;43252561;BS55545 BODY SHOP
16223608;;;BV10020 BOTTEGA VENETA
;45125243;45125243;BV10020 BOTTEGA VENETA COTY
;28479158;28479158;BV12399 BVLGARY
;28479158;28479158;BV12399 BVLGARY
10902906;;;C00001 COCA-COLA USD
11076376;;;C00002 —-2 ‘»–Ã¿ OOO
11041678;;;C00005 —¬  “ƒ «¿Œ
10902907;;;C00010 KC FUDS
;10907349;10907349;C00011 CENTROPEL
10968807;;;C00012 À»Õ»ﬂ ◊»Õ ”≈ OOO
;10907350;10907350;C02376 DAVID CAMPARI
;10907350;10907350;C02376 DAVID CAMPARI
;10907391;10907391;C05723 CAMUS INTERNATIONAL
10902908;;;C10000 CASIO 000
;10907352;10907352;C100006 CARAN D'ARCHE
;10924098;10924098;C10002 CARTIER INT YSL PRODUCTS
;10907246;10907246;C10014 CRABTREE & EVELYN
;10907445;10907445;C10020 CLINIQUE E.Lauder
;10907488;10907488;C10023 CARRERA JEWELLERY
;10907552;10907552;C10031 CARTIER INT FASHION
;28413105;28413105;C10032 CLARINS SWAROVSKI
;10907489;10907489;C10033 CLARINS EXPORT DIVISION
15418168;10907489;10907489;C10033 CLARINS EXPORT DIVISION
;10907186;10907186;C10035 CHATEAU DE COGNAC
;10907297;10907297;C10036 CLARINS AZZARO
;10907187;10907187;C10037 CLARINS THIERRY MUGLER
;10907187;10907187;C10037 CLARINS THIERRY MUGLER
;20842771;20842771;C10039 CLARINS PORSCHE DESIGN
;10907553;10907553;C10052 CHANEL SKY
;10923866;10923866;C10061 CHAMBORD
;10907554;10907554;C10063 COGNAC FRAPIN
;10907554;10907554;C10063 COGNAC FRAPIN
;10907490;10907490;C10070 COCA-COLA REFRESHMENT
;10907490;10907490;C10070 COCA-COLA REFRESHMENT
;10907188;10907188;C10085 CHRONOLUX SA CHOPARD
;10907491;10907491;C10260 CANON EURO
;30320649;30320649;C10300 CRISTALL-LEFORTOVO OOO
10902911;;;C11110  Œ ¿- ŒÀ¿ ›…◊¡»—» ≈¬–¿«»ﬂ
;10907392;10907392;C11123 CARRERA WATCHES
;45124331;45124331;C11223 COCCINELLE
10902912;;;C15000 CHASPROMTORG ZAO
14832869;28487171;28487171;C21212 CHURCHILLS
15091267;;;C23456 COTY
15913684;;;C27565 CHANEL PARFUMS
15913684;10907446;10907446;C27565 CHANEL PARFUMS
15316079;;;C31803 CHRISTIAN DIOR
;10907298;10907298;C31803 CHRISTIAN DIOR SKY
15316079;10907189;10907189;C31805 CHRISTIAN DIOR
14888364;;;C32165 CURAPROX
15418168;;;C33331 CLARINS
;10907247;10907247;C33343 CASIO ELECTR USD
14008005;;;C34678 CALVIN KLEIN - ≈ƒ»Õ¿ﬂ ≈¬–Œœ¿
;11072291;11072291;C44434 CASIO ELECTR EURO
14008007;;;C54320 CHLOE - ≈ƒ»Õ¿ﬂ ≈¬–Œœ¿
;11062438;11062438;C54321 CASIO WATCHES
;31846685;31846685;C55555 CELLCOSMET & CELLMEN
;10907447;10907447;C60708 L CONNAUGHTON & SON
11092582;10907447;10907447;C60708 L CONNAUGHTON & SON
;35299122;35299122;C69999 RASKAT TD
;20723886;20723886;C77708 CIRCUS
;10907448;10907448;C87452 A.T.CROSS LTD
;42829327;42829327;C96385 CEDC
15401914;;;C99918 McG CONSULTANTS
;10907248;10907248;C99989 CONNECT INT LTD
14008009;;;CA12345 C.AGUILERA - ≈ƒ»Õ¿ﬂ ≈¬–Œœ¿
;38464910;38464910;CA12345 CORPORATE AGENCIES LIMITED
16222308;;;CA16543 CARNER OF BARCELONA œ¿–‘ﬁÃ œ¿À¿—
16222308;;;CA16543 œ¿–‘ﬁÃ œ¿À¿—                                                                                
;45124180;45124180;CC00001 CLIVE CHRISTIAN ESTERK
16223206;;;CC00001 CLIVE CHRISTIAN ESTERK
;45125786;;CC6654 CAVALLI CLASS                                                                                
15582048;;;CC87654 COMME DES GARCONS ≈ƒ»Õ¿ﬂ ≈¬–Œœ¿
;10907555;10907555;CE17332 CENTAUR TRAVEL RETAIL
15012418;;;CE32100 CERRUTI - ≈ƒ»Õ¿ﬂ ≈¬–Œœ¿
14008006;;;CH12345 C.HERRERA - ≈ƒ»Õ¿ﬂ ≈¬–Œœ¿
14832869;;;CH34567 CHURCHILLS
;20820656;20820656;CK11111 CK WATCH & JEW Co
13934647;;;CK11111 CK WATCHES
;10907493;10907493;CK1234 CALVIN KLEIN WATCHES
;12153978;12153978;CLARINS GROUP
;12153976;12153976;CLINIQUE GROUP
16223743;;;CM00006 CREME DE LA MER                                                                             
;25775436;25775436;CM00006 CREME DE LA MER E.Lauder
16145612;;;CO2222 CODELLO
;37872437;37872437;CO78404 COCOROSE
16223578;;;COTY
;12153979;12153979;COTY GROUP
;10907249;10907249;CS12345 CASIO WATCHES
10902913;;;D00001 DENVIEW U.E.
10902914;;;D00002 DMITROV-ALKO OOO
;10907190;10907190;D0001 DISTILLERIA BOTTEGA
;26043240;26043240;D00235 DEBRISE DULAC
;26043240;26043240;D00235 DEBRISE DULAC
11003144;;;D10000 ƒ»À¿Õ+ OOO
10902916;;;D10001 DENVIEW RBL
;10907250;10907250;D10003 OETTINGER DAVIDOFF AG                                                                        
13530515;;;D10005  ›Õƒ»À¿…Õ ŒŒŒ
;10923873;10923873;D10026 DOMAINE LAROCHE
;10907449;10907449;D10029 DURACELL BATTERIES NV
;10907354;10907354;D10054 V.D BAUWEDE DARROW
;10907494;10907494;D10055 JEAN MARCEL DARROW GR
;10907450;10907450;D10056 FIDIA GIOIELLI S.P.A
;10907299;10907299;D10057 FIORELLA GIOELLI
;10907191;10907191;D10059 UNOAERRE
;10907451;10907451;D10150 DARROW GROUP LTD
;10907452;10907452;D11153 MAGERIT DARROW EURO
;10907452;10907452;D11153 MAGERIT DARROW EURO
;10907251;10907251;D11157 FIORELLA GIOELLI EURO
;10907252;10907252;D12321 DUBEY & SCHALDENBRAND
;43267543;43267543;D12329 OOO √  ƒ‡ÈÏÓÌ‰
;10924117;10924117;D12345 DARROW GROUP SUNGL
16222253;;;D20030 DOLCE & GABBANA P&G
16222253;10922384;10922384;D20030 DOLCE & GABBANA P&G
;45123004;45123004;D30030 DOLCE & GABBANA MAKE-UP P&G
;23281023;23281023;D33000 DISPLAY DESIGN COMPANY
;10907453;10907453;D33333 DNK OOO
;10907355;10907355;D34567 DOLCE & GABBANA
14008010;;;D35678 D&G - ≈ƒ»Õ¿ﬂ ≈¬–Œœ¿
10902918;;;D50005 DEMOS-APS AOOT
;24892618;24892618;D50010 D&G P&G
11715231;;;D5005005 ƒœ-“–≈…ƒ ŒŒŒ
;10907192;10907192;D55555 DILAN JSC
;24814839;24814839;D55570 DRIMLEKS
;10907454;10907454;D56007 DELSEY
16223997;;;D62941 ƒ≈À» ¿“≈— “–≈…ƒ                                                                              
;10907193;10907193;D65432 DMD GOLD COLLECTION
;10907495;10907495;D66661 EVRASIA OOO
14008011;;;D67890 DAVIDOFF - ≈ƒ»Õ¿ﬂ ≈¬–Œœ¿
;10924106;10924106;D99979 AMBASSADORS CHOICE
;10907195;10907195;D99980 DRAMBUIE LIQUER CO
;10907301;10907301;D99989 DUTY FREE SERVICES
15981558;;;DE22222 DESIGUAL
15981558;45124149;45124149;DE22222 DESIGUAL
;31966571;31966571;DF0000 DUTY FREE
11310611;;;DG10067 D&G WATCHES
14008124;;;DG23456 DOLCE&GABBANA - ≈ƒ»Õ¿ﬂ ≈¬–Œœ¿
;10907357;10907357;DK14775 DKNY WATCHES SKY
15981228;45123595;45123595;DK33331 DYRBERG KERN
16222279;;;DR5432 DE RIGO
;10907358;10907358;DR5432 DE RIGO
;45123194;45123194;DU55545 DUC d`O
;10907197;10907197;DUTY FREE SHOP - SHANNON
15962795;42073729;42073729;DZ55555 DREVO ZHIZNI OOO
15962795;;;DZ55555 ƒ–≈¬Œ ∆»«Õ» ŒŒŒ
10902919;;;E00001 APOLLO ELECTRONICS
10902921;;;E00003 INTERPRODUCT ZAO
11163369;;;E00004 ≈¬–¿—≈–¬»— ŒŒŒ
10902922;;;E00005 ELECTROCOMPROECT
10902924;;;E0002 UVELCOM OOO
16080150;32653273;32653273;E03033 EDOX
10912753;;;E10000 ≈ƒ»Õ¿ﬂ ≈¬–Œœ¿ ’ŒÀƒ»Õ√
10908930;;;E10001 › —œŒ—≈–¬»— OOO
16222630;;;E10022 ESCADA P&G
16222630;10907556;10907556;E10022 ESCADA P&G
;10907253;10907253;E10023 ESCADA SKY
;10907496;10907496;E10038 ETUD UNION OF ARTISTS
;10907497;10907497;E10050 ESSE
;10907359;10907359;E10051 RATTI
10902925;;;E11000 EVRAZIYA OOO
;10907455;10907455;E11011 ESTERK LUX PARFUME
13085509;;;E11115 EUROITALIA DP
14345858;;;E11777 ›À»“ - ≈ƒ»Õ¿ﬂ ≈¬–Œœ¿
14122386;16904957;16904957;E12345 ES.MOLECULES Esterk
14122386;;;E12345 ES.MOLECULES ›—“≈–  œ¿–‘ﬁÃ
16223481;25843088;25843088;E12468 ESTERK
;25958784;25958784;E14281 ESPERANTO VIN OOO
16222207;;;E15200 LAMARTHE Elit bags
16064646;;;E16100 DELSEY Elit bags
16222237;;;E17100 Giorgio Fedon & Figli Spa
;10921244;10921244;E18515 EUROITALIA SKY
14183052;;;E20002 › —œŒ“–≈…ƒ ŒŒŒ
16223503;;;E22222 ≈¬–¿«»ﬂ
16223530;;;E25555 ›À»“ ¡›√« (CK)
;10907498;10907498;E25700 ERGODATA
;10907254;10907254;E33961 HUGO BOSS P&G
15644008;;;E33962 HUGO BOSS PARFUME
;10907302;10907302;E33962 HUGO BOSS PARFUMS SKY EURO
16222631;;;E33965 LACOSTE P&G
;10907255;10907255;E33965 LACOSTE P&G
;11012333;11012333;E33967 BALDESSARINI P&G
14030159;;;E34567 ESCADA - ≈ƒ»Õ¿ﬂ ≈¬–Œœ¿
14345858;29062819;29062819;E52529 ELIT
15855616;40173724;40173724;E55545 RAMON MOLVIZAR Exility
16165067;;;E55546 TORRE Exiliti
;44514879;44514879;E55546 TORRE EXILITY
16165067;;;E55546 TORRE EXILITY
16165068;44514880;44514880;E55547 MASQUE Exility
16165069;44514881;44514881;E55548 ROSE & Co Exility
16165070;44514882;44514882;E55549 SEVIGNE Exility
16222195;45120509;45120509;E55550 X-RAY Exility
16222203;45120567;45120567;E55551 PECCATO Exility
16223569;;;E55552 GIULIETTA CAPULETI Exility
16223570;;;E55553 MIMMINA FLOWER Exility
10924931;;;E55555 ESSE DP EURO
;42750498;42750498;E73621 ESCADA WATCHES
15981401;;;E77712 ESTER BIJOUX
;33678924;33678924;E86421 EASTPAK
;10907198;10907198;E88898 ECTACO
;10907303;10907303;E88899 ECTACO SKY
16222206;;;ELIT BAGS GROUP
;10907360;10907360;EMBORG EMBORG AO RBN
;10907256;10907256;EMBORG USD
16222258;;;EN12355 ENNS
;45120906;45120906;EN12355 ENNS
16171437;;;EN44567 ELECTRONIC NOVELTIES
16171437;44153565;44153565;EN44567 ELECTRONIC NOVELTIES
16223960;;;ES12333 ESTEBAN - ≈ƒ»Õ¿ﬂ ≈¬–Œœ¿                                                                     
16223564;;;ES12345 ELIE SAAB
;28431636;28431636;ES12345 ELIE SAAB BPI
;45123896;45123896;ES33315 ›— ‹ﬁ —»√—
;12580967;12580967;ESTEE LAUDER GROUP
16223506;;;ESTEE LAUDER GROUP
;41947843;41947843;ESTERK PARFUM ŒŒŒ
16222986;;;ESTERK PARFUME
;20809920;20809920;EUROITALIA
;11143601;11143601;EV16775 EVRASERVIS OOO
;44514878;44514878;EXILITY
16165066;;;EXILITY
14108649;;;F00009 M.FREY WILLE DP
;10907393;10907393;F10017 DEL FASHION FLO LTD
;10907500;10907500;F11110 FREDERIQUE CONSTANT
10902929;;;F11111 FANAGORIA TRADE HOUSE OOO
15205853;;;F11116 FABER CASTELL
;10907501;10907501;F11123 FANAGORIYA TD
;10907257;10907257;F12222 FOSTERS
;10907304;10907304;F12345 FOSSIL
14008193;;;F15666 FERRAGAMO - ≈ƒ»Õ¿ﬂ E¬–Œœ¿
;10907558;10907558;F33311 FREY WILLE
14108649;10907558;10907558;F33311 FREY WILLE
;11104974;11104974;F33312 M.FREY WILLE FASHION
;10907199;10907199;F33322 M.FRAY SKY
11307070;;;F3333300 FOLLI FOLLIE WATCHES
15968000;24207694;24207694;F35291 FENDI PARFUM
;10907305;10907305;F45730 FRANCESCO SMALTO
12309424;;;F55545 FURLA
15263234;;;F55555 FRUITBERRY - ≈ƒ»Õ¿ﬂ ≈¬–Œœ¿
15115888;;;F55556 FOSSIL
;45120563;45120563;F66321 FAZER BRANDS INTERNATIONAL
14425730;;;F87654 FERAUD - ≈ƒ»Õ¿ﬂ ≈¬–Œœ¿
;11012386;11012386;F88999 FURLA
;11012386;11012386;F88999 FURLA
;45125270;45125270;FB11123 F.BOCLET Interlux 2
16223877;45126060;;FC00002 FERRARI CAVALLINO                                                                           
;14416973;14416973;FE1234 FENDI SILK SA
16222285;;;FER123 FERRERO
;25873704;25873704;FER123 FERRERO TRADING LUX
;25873704;25873704;FER123 FERRERO TRADING LUX
;10907394;10907394;FF33551 FOLLI-FOLLIE WATCHES
15968000;;;FF34567 FENDI
;36154934;36154934;FO45678 FOSSIL
;34335099;34335099;FP11111 F.PARTNERS OOO
10902930;;;G00001 MASTER DISTRIBUTERS
10902931;;;G00002 GOLD GRAIL
10902932;;;G0001 GROSS OOO
10902933;;;G10000 GELEO OOO
;10907502;10907502;G10002 GIVENCHY COUTURE EURO
;10907502;10907502;G10002 GIVENCHY COUTURE EURO
;10923865;10923865;G10004 DEL GIVENCHY FFR
;10907503;10907503;G10016 GUESS - IBB B.V.
10902937;10907503;10907503;G10016 GUESS - IBB B.V.
15981116;;;G10036 GODIVA
;10907559;10907559;G10036 GODIVA S.A. BELGIUM
15981116;10907559;10907559;G10036 GODIVA S.A. BELGIUM
;10907258;10907258;G10037 GUYLIAN NV/SA
;10907258;10907258;G10037 GUYLIAN NV/SA
;10907561;10907561;G10044 GOLDMAJOR LTD
;10907395;10907395;G10046 GUESS - IBB SKY
;10907361;10907361;G11100 GK GROSS OOO
10902934;;;G11110 MASTER DISTRIBUTERS RBL
10902935;;;G11111 GIVENCHY COUTURE RBN
;15106113;15106113;G11111+ GALEREYA BLAGOLEPIYA
10902936;;;G11112 GIVENCHY COUTURE EURO
10902937;;;G11333 GUESS - IBB
;10907306;10907306;G122333 GROSSE JEW SKY
;10907201;10907201;G19253 GROSSE UK LTD
14008125;;;G20304 GUCCI - ≈ƒ»Õ¿ﬂ ≈¬–Œœ¿
;10969784;10969784;G29001 GRADIENT
12529723;;;G33311 DEL GIVENCHY PARFUME SKY
;21453622;21453622;G33315 ANNICK GOUTAL ESTERK
10902938;;;G33322 GENERLUX TRADING S.A. DP
;11139624;11139624;G333666 GOLDKENN
;17129947;17129947;G37123 GREATWELL INVESTMENTS LTD
;17129947;;G37123 SIINERGIA (GREATWELL INVESTMENTS LTD)                                                        
;26082124;26082124;G54321 GOURJI (Rub)
;10907259;10907259;G55545 GENERLUX TRADING SA
;42565904;42565904;G55551 GANCIA
;42828643;42828643;G59870 GUCCI
;10907202;10907202;G73611 W.GRANT & SONS
;10907202;10907202;G73611 W.GRANT & SONS
;11106590;11106590;G88898 GLENMORANGE
15981117;10907504;10907504;G93124 GUERLAIN PARFUMS
15981117;;;G93125 GUERLAIN DP
;10907396;10907396;G93125 GUERLAIN SKY
;35051453;35051453;G98765 GOURJI ITALY(EURO)
16223409;45124774;45124774;GC0003 ŒŒŒ »Ì‚ÂÒÚ √ÂÓ –ÂÒÛÒ (Golden-Candies)
;10907203;10907203;GG12345 GOLDEN GRAIL LTD
;10907203;10907203;GG12345 GOLDEN GRAIL LTD
;45121228;45121228;GI20000 GIVENCHY PARFUME DP
15834392;;;GI20000 GIVENCHY PARFUME DP
16034955;;;GR00026  ŒÃœ¿Õ»ﬂ √–»Õ‘»Àƒ— ŒŒŒ                                                                      
16034955;;;GR00026 ŒŒŒ  ÓÏÔ‡ÌËˇ √ËÌÙËÎ‰Ò
;36940093;36940093;GREATWELL INVESTMENTS LTD
14165253;;;GS12334 GWEN STEFANI - ≈ƒ»Õ¿ﬂ ≈¬–Œœ¿
;39810224;39810224;GS12345 GOLDEN SPIRIT SA
;10907362;10907362;GU12345 SOCRAFI SERVICES SA
;10907260;10907260;H10001 HUGO BOSS FASHION SKY
;10907261;10907261;H10002 HASBRO HUNGARY LTD
;10907307;10907307;H10018 HARRISON MUSIC IRL
;10907204;10907204;H10023 HENNESSY COGNAC
;10907204;10907204;H10023 HENNESSY COGNAC
;10907205;10907205;H10027 HERMES FASHION
;10923892;10923892;H10034 HARRISON VIDEO USD AC
;10922001;10922001;H10052 HERMES SKY
16223502;;;H10053 HERMES
;10907206;10907206;H10053 HERMES PARFUMS
;10907206;10907206;H10053 HERMES PARFUMS
;10907308;10907308;H10055 HARRISON HUNTER
;10907456;10907456;H10063 HARRISON MUSIC USD
;10923851;10923851;H10065 HARRISON MUSIC STG
;10907562;10907562;H10066 DEL MANBOW FINANCE
;18537636;18537636;H1234 HERMANN JOERSS
;10907563;10907563;H22222 HASLACH GMBH
15904373;;;H44525 ŒŒŒ ’ÓÂÍ‡ “ÂÈ‰—Â‚ËÒ
15904373;;;H44525 ’Œ–≈ ¿ “–≈…ƒ—≈–¬»— ŒŒŒ                                                                       
;10907564;10907564;H45812 HAMMER+SOHNE
;10907363;10907363;H50050 T.HILFIGER E.LAUDER
16223555;;;H66500 HIBWAY
16223555;45124563;45124563;H66500 Hibway Ltd. t/a Saffon Supply Services
;15218200;15218200;H99999 ED HARDY
15481552;;;HD98765 HANSE DISTRIBUTION GmbH
16223268;45124194;45124194;HIBWAY LTD
15357863;;;HK11111 HELLO KITTY –Ë¯ÂÒ
16064641;;;I_SUP12 MONTALE ¡¿À“» ŒÃ
;45125754;;I_SUP417 ŒŒŒ Ã»– »√–”ÿ≈                                                                             
16223964;45126550;;I_SUP441 Õ¿«¿ƒ   »—“Œ ¿Ã                                                                            
10902939;;;I00001 AGROS-EKO
10902941;;;I00003 COSMOPOLITAN COSMETICS
15862053;39846327;39846327;I00022 »Ãœ≈–»¿À ŒŒŒ                                                                                 
;10907364;10907364;I10011 IBB
;10907505;10907505;I10050 IBB UK
;10907397;10907397;I10099 IRAKLIS KALLISTHENIS
;10907309;10907309;I10111 ARTIS ORBIC - IRISH D
;10907506;10907506;I11112 ISA SPA
;10907506;10907506;I11112 ISA SpA
14875506;;;I13567 ICEBERG - ≈ƒ»Õ¿ﬂ ≈¬–Œœ¿
10915168;;;I22222 ISA SPA DP RBN
;12608284;12608284;I23456 ISF INTERNATIONAL SPIRITUS FORUM GMBH
16223195;;;I33333 INTEL MSK
;10907310;10907310;I42782 IRISH DRESDEN
15103684;;;I44444 ICE WATCH
16152907;;;I54333 F.BOCIET INTERLUX
16152907;44185425;44185425;I54333 F.BOCLET Interlux
12584095;;;I54444 »Õ“≈À “–≈…ƒ “                                                                                
12584095;;;I54444 “  »Õ“≈À “–≈…ƒ
;32456993;32456993;I55588 IAN MACLEOD DISTILLERS LTD
16222786;;;I65432 ALYSON OLDOINI INTERLUX
16222786;45123572;45123572;I65432 ALYSON OLDOINI. Interlux
16152906;44185424;44185424;I75666 KORLOFF INTERLUX
;42520715;42520715;I98765 SILLAGE INTERLUX
15948027;;;I98765 SILLAGE INTERLUX
15948027;42520715;42520715;I98765 SILLAGE Interlux
;22584136;22584136;IFD001 IFD LIMITED
15962875;42548796;42548796;IL98765 CARON »œ »Î¸ËÌ‡
16164160;44513352;44513352;IL98766 HISTOIRES DE PARFUMES »œ »Î¸ËÌ‡
16164158;44513353;44513353;IL98767 HOUBIGANT »œ »Î¸ËÌ‡
16164156;44513354;44513354;IL98768 MEMO »œ »Î¸ËÌ‡
16164157;44513355;44513355;IL98769 PRUDENCE »œ »Î¸ËÌ‡
16222663;;;IMPORT
;44185423;44185423;INTERLUX
16152905;;;INTERLUX
;45125269;45125269;INTERLUX 2
16223617;;;INTERLUX 2
16223791;45125722;;INTER-PERFUMS                                                                                       
;10907207;10907207;IRISHBAR
10971587;;;IRISHBAR DP
16223847;;;ISUP156 ƒ€ÃŒ¬— Œ≈  ŒÀ¡¿—ÕŒ≈ œ–Œ»«¬Œƒ—“¬Œ ŒŒŒ                                                        
16223632;45125301;45125301;ISUP402 ŒŒŒ œÓÍÓ‚ÒÍËÈ ÔˇÌËÍ
;45125927;;ISUP419 » –¿.–” ‘”ƒ—≈–¬»— ŒŒŒ                                                                       
16223893;;;ISUP431 ŒŒŒ “Œ–√Œ¬€… ƒŒÃ –”—ƒ≈À                                                                     
16223949;45126485;;ISUP439 ÕŒ¬€≈ “≈’ÕŒÀŒ√»» ŒŒŒ                                                                        
13672184;;;J00001 JANEKE
;42793944;42793944;J00007 JAMES BOND P&G
;10907311;10907311;J10027 JACOBS SUCHARD DM ACC
;10907398;10907398;J10029 JANNEAU
;43914265;43914265;J10142 JAGERMEISTER
15439137;;;J11154 JUICY COUTURE - ≈ƒ»Õ¿ﬂ ≈¬–Œœ¿
;23738398;23738398;J12345 JUPITER OOO
;10907208;10907208;J20060 JULES DESTROOPER
15971592;;;J20060 JULES DESTROOPER
15971592;10907208;10907208;J20060 JULES DESTROOPER
;27146387;27146387;J22345 JUILETTE HAS A GUN ESTERK
16223208;;;J22345 JUILETTE HAS A GUN ESTERK
;10923361;10923361;J33456 JSL SPEDITION GMBH
;10923361;10923361;J33456 JSL SPEDITION GmBH
;23830921;23830921;J44411 JOHN VARVATOS ESTERK
;24722453;24722453;J52222 JANEKE
;10907565;10907565;J78321 JAPAN TOBACCO INT CO
;10907565;10907565;J78321 JAPAN TOBACCO INT Co
;45125361;45125361;J88833 JOSE CUERVO
15861659;;;J99998 KRAFT JAKOBS SUCHARD
;10907312;10907312;J99998 MONDELEZ WORLD TRAVEL RETAIL LLC
15861659;10907312;10907312;J99998 MONDELEZ WORLD TRAVEL RETAIL LLC
15601393;;;J99999 JSL TRADING AG
15601393;28840119;28840119;J99999 JSL TRADING AG
15582039;;;JB00700 JAMES BOND ≈ƒ»Õ¿ﬂ ≈¬–Œœ¿
;33687151;33687151;JF12345 JACQUES FAREL
;33274098;33274098;JFM PREMIUM PRODUCTS SARL
;10907366;10907366;JK34211 JACQUES LEMAN WATCHES
;36594517;36594517;JL11115 JUDITH LEIBER Esterk
15098136;;;JL22222 JACQUES LEMANS
14030217;;;JR12345 JOHN RICHMOND
10902943;;;JR1405 DESIGN GO
;36919351;36919351;JSL SPEDITION
;36919351;36919351;JSL SPEDITION
14323944;28421445;28421445;JSL TRADING
;33274118;33274118;JV55555 JFM VICTORINOX
;22575125;22575125;K KARL LAGERFELD
;10923930;10923930;K00001 KOALA WINES
10902944;;;K00001  –¿—Õ€… Œ “ﬂ¡–‹
;10907399;10907399;K00002 TRAFALGAR FOODS
10902946;;;K00009 KENZO JEW DP EURO
11852187;;;K0001 KENZO SILVER
10902947;;;K01110 HERMITAGE SKY
10902948;;;K02000 KONDI-2000 OOO
;19155871;19155871;K10000 KASKAD OOO
10902949;;;K10001 HERMITAGE EURO
;10907313;10907313;K10028 KENZO PARFUMS
15768570;10907313;10907313;K10028 KENZO PARFUMS
;10907263;10907263;K10029 KENZO SKY
;10907314;10907314;K10030 KAZUMIAN BELGIUM BVBA
;10907314;10907314;K10030 KAZUMIAN BELGIUM bvba
;10907458;10907458;K10047 KASMET SHASTYE
;10907315;10907315;K11011 KOLBER WATCHES
10902951;;;K11111  ¿«”ÃﬂÕ
;10907400;10907400;K12345 KENZO JEW SKY
15892709;;;K127566  « Œ“–¿ƒÕŒ≈ Œ¿Œ                                                                             
15892709;;;K127566 Œ¿Œ  « Œ“–¿ƒÕŒ≈
15892709;;;K127566 Œ¿Œ  « Œ“–¿ƒÕŒ≈
;10924091;10924091;K15300 KONZERN GROUP SOYUZ
;10907209;10907209;K15300+ KONZERN GROUP SOYUZ
;45125117;45125117;K15973 KEIKO MECHERI INTERLUX
16223539;;;K15973 KEIKO MECHERI INTERLUX
;10907264;10907264;K20020 WHYTE & MACKAY
;10907567;10907567;K20330 KAVALLARIS A LTD
16223484;;;K22233 OOO  –”“ŒÕ
16223484;;;K22233 OOO  –”“ŒÕ
16223484;;;K22233  –”“ŒÕ ŒŒŒ                                                                                   
;21740298;21740298;K23456 N.R.G. KOLOS CORPORATION OOO
15768570;;;K28000 KENZO PARF DP
15233568;;;K30013 KIMMI –Ë¯˝Ò
;23815605;23815605;K33355 KORONA OOO
;22573305;22573305;K34567 K KARL LAGERFELD
;21946809;21946809;K35818 KAMCHADAL ZAO
10902952;;;K44455 KOLBER WATCHES
;10907367;10907367;K50050 KONSTANTINOPOLSKAYA
;10907367;10907367;K50050 KONSTANTINOPOLSKAYA
;26182997;26182997;K54321 KIEHL'S PBI
16222221;;;K55543 K & K
;24141551;24141551;K55543 K&K
;45123748;45123748;K55545 KILIAN ESTERK
16222847;;;K55545 KILIAN ESTERK
15481433;;;K555544 KEEL TOYS
;10907401;10907401;K55555 KIPLING EUROPE DIVISION
;10907401;10907401;K55555 KIPLING EUROPE DIVISION
13477160;;;K55555  Œ–ŒÕ¿ ŒŒŒ
;26205725;26205725;K56999 KASKAD LOGISTIC
11039767;;;K56999  ¿— ¿ƒ OOO
;37442640;37442640;K65432 KAGANSKI & Co GMBH
;10907210;10907210;K66666 KONFAEL JCS
16223626;;;K66666 KONFAEL.JCS
;10907402;10907402;K99988 NANSECK KRAUS & CO
;10907568;10907568;K99996 ODINTSOVSKAYA COND FABRICA
10902953;;;K99999 KENZO JEW DP RBL
;45126192;;KAGANSKI & CO GMBH                                                                                  
162236620;45125272;45125272;KF33315 KORLOFF Interlux 2
;37509375;37509375;KI12345 KINSKI Esterk
;32311264;32311264;KL12345 KEEL TOYS
15601787;;;KM100000 Ã≈ƒ≈ﬂ
;45125409;45125409;KM12389 KEIKO MICHERY (À¿ ÿ≈–»)
16223662;;;KM12389 KEIKO MICHERY (À¿ ÿ≈–»)
;45125274;45125274;KM22230 KEIKO MECHERI INTERLUX 2
16223622;;;KM22230 KEIKO MECHERI INTERLUX 2
14080114;;;KO15151  ŒÕ»  ŒŒŒ
;26194156;26194156;KO22215 KONIC OOO
15357422;;;KONIC GR
;10907211;10907211;KZ139 KENZO JEW
;10907211;10907211;KZ139 KENZO JEW
15981417;;;KZ55555 ERCI
;11039705;11039705;KZ6666 KENZO FASHION
;11039705;11039705;KZ6666 KENZO FASHION
;10907212;10907212;L00000 ESTEE LAUDER DKNY SKY
;10907316;10907316;L00001 DONNA KARAN E.Lauder
;10907213;10907213;L00002 ESTEE LAUDER CLINIQUE
;10923929;10923929;L00004 MICHAEL KORS E.LAUDER
;10907403;10907403;L00005 ARAMIS E.LAUDER
;11584055;11584055;L00006 MISSONI E.LAUDER
;20257031;20257031;L00007 TOM FORD BEAUTY E.Lauder
11852186;;;L0001 LANCOME DP SKY
;10907265;10907265;L02057 ARDEN LAGERFELD
;10907404;10907404;L02058 ELIZABETH ARDEN SKY
;10907317;10907317;L10001 LLADRO
;10907368;10907368;L10003 LANVIN EURO
;10907569;10907569;L100050 LA POUYADE
;10907509;10907509;L10006 LONGCHAMP
16222232;;;L10006 LONGCHAMP
16222232;10907509;10907509;L10006 LONGCHAMP
;10907510;10907510;L10007 LONDON PEARL COMPANY
13934538;;;L10010 L'OREAL PARIS
16223587;;;L10013 CHLOE
16223587;10907406;10907406;L10013 CHLOE Coty
;25616944;25616944;L10014 LANCASTER Coty
16223588;;;L10019 MARC JACOBS COTY
16223588;19259440;19259440;L10019 MARC JACOBS Coty
;38035218;38035218;L10020 OPI Coty
;10907511;10907511;L10030 LA SETA MANTERO
;10907511;10907511;L10030 LA SETA MANTERO
;10907407;10907407;L10031 LA SETA MANTERO SKY
;10907214;10907214;L10047 LOUIS ROEDERER S.A.
;10907215;10907215;L10055 CHAMPAGNE LAUREN PERRIER
11075402;;;L11000 À≈Ã¿- Œ– OOO
10902957;;;L11110 LUXOTTICA EURO UK (FORM B&L)
10902958;;;L11111 LONGCHAMP
;10907216;10907216;L11112 LULU GUINNESS SKY
;10920039;10920039;L11119 LF CONSALTING LTD
;10920039;10920039;L11119 LF CONSALTING LTD
;10923957;10923957;L12000 LIBERTY
;10907318;10907318;L12222 LINDT
15828970;;;L12222 LINDT
15828970;10907318;10907318;L12222 LINDT
10912772;;;L13098 LA SETA MANTERO EURO
15840663;;;L13579 LAMY- ALD INT
15840663;34495127;34495127;L13579 LUDING OOO
;10907408;10907408;L14808 LANCEL SKY
;10907409;10907409;L15808 LANCEL
16140707;;;L15808 LANCEL
16140707;10907409;10907409;L15808 LANCEL
;10907266;10907266;L16872 ESTEE LAUDER PARFUME
15982202;10907266;10907266;L16872 ESTEE LAUDER PARFUME
;10907319;10907319;L16873 ESTEE LAUDER SKY
15975634;45121260;45121260;L17000 LIFETRONS
;10907570;10907570;L20014 LANCASTER SKY
11689272;;;L25116 LANVIN COUTURE RBN
11092582;;;L33301 L.CONNAUGHTON&SONS LTD.
;32095286;32095286;L33312 LEXIIM OOO
;37950582;37950582;L33356 LADOGA
;37950582;37950582;L33356 LADOGA
14867972;;;L35500 L`OCCITANE
;10907217;10907217;L40433 LONGINES
;10907217;10907217;L40433 LONGINES
;43147037;43147037;L44115 LAVIANA ART LIMITED
15922954;;;L44444_ À‘¡ ŒŒŒ                                                                                     
15922954;;;L44444_OOO À‘¡
15922954;;;L44444_OOO À‘¡
14867972;20475049;20475049;L54321 L'OCCITANE
;10907320;10907320;L55545 LUXOTTICA EURO
10902957;10907320;10907320;L55545 LUXOTTICA EURO
14116318;;;L65655 LANCASTER - ≈ƒ»Õ¿ﬂ ≈¬–Œœ¿
;10924096;10924096;L70583 LIR CHOCS MARY WHITE
;33716588;33716588;L76543 LANVIN SUNGLASSES
;10924079;10924079;L88888 GRAND CITY OOO
10902959;;;L89130 LA SETA MANTERO
15087679;;;L98888 LEGO
;30771147;30771147;L99908 LANCEL BOUTIQUE
;10907513;10907513;L99989 LEGO OVERSEAS A/S
15087679;10907513;10907513;L99989 LEGO OVERSEAS A/S
;22245319;22245319;L99999 LES COPAINS (BVM)
;45120901;45120901;LA33312 LAMARTIS
;24329398;24329398;LA55516 LAMY-ALD INT
;24329398;24329398;LA55516 LAMY-ALD INT
15358688;;;LC00001 LES CONTES À≈ ŒÕ“
15358688;40531999;40531999;LC0001 LES CONTES
16223953;;;LC00440 LES CONTES –»◊                                                                              
14008246;;;LC23456 LACOSTE - ≈ƒ»Õ¿ﬂ ≈¬–Œœ¿
;40530128;40530128;LES CONTES
16223041;;;LG00037 À¿ ÿ≈–» √–”œœ
;20251636;20251636;LG3333+ LINIYA-GRAFIK ZAO
;24224617;24224617;LL1234 LOLITA LEMPICKA ESTERK
14348260;;;LL77744 BIOTHERM PBI
;12143309;12143309;L'OREAL
14877652;;;L'OREAL LUX GROUP
13934538;29342664;29342664;LP22222 L'OREAL PARIS
;10907571;10907571;LU124 LUKAS
;24207805;24207805;LVMH
;29202341;29202341;LW20005 LOEWE PERFUMES
10913918;;;M00000 MAJORICA EURO
10902960;;;M00001 MASTER DISTRIBUTION
;10907459;10907459;M00001 MONT BLANC P&G
10902961;;;M00002 Ãƒ 
10902962;;;M00003 METRO & KERRI
11380711;;;M00008 MARKET CONNECTIONS
10902963;;;M00010 MARTHEL ZAO
10902964;;;M00011 CROCUS
;10924083;10924083;M00056 PRICILLA CHAN
16223781;;;M00137 MADARA ¬» “Œ–»ﬂ                                                                              
16223732;45125577;;M00411 ŒŒŒ ÃŒÀ≈ ”À¿                                                                                 
11410701;;;M0101010 Ã≈“–Œ  ≈ÿ ›Õƒ  ≈––»
10902965;;;M02000 MILLENIUM-2000
10902966;;;M03000 MAGISTR BIBENDI OOO
16223637;45125931;45125931;M04660 ŒŒŒ ÃË‡ÌË
10902967;;;M10000 MOBIL-KONSTANT OOO
;10940038;10940038;M10010 MOBILE ENERGY
;10907460;10907460;M10043 MONT BLANC INT BV
;10907321;10907321;M10045 MEUKOW FELINE COGNAC
;10907321;10907321;M10045 MEUKOW FELINE COGNAC
;10924084;10924084;M10049 MARS HOLLAND
15900160;10924084;10924084;M10049 MARS HOLLAND
15900160;;;M10049 Ã¿–— √ŒÀÀ¿Õƒ»ﬂ
;10924092;10924092;M10052 M.BOWMORE SCOTCH WHISKY
;10924085;10924085;M10066 MS HOLDING AMBER
;10924081;10924081;M10066+ MS HOLDING PLUS
;10924086;10924086;M10088 MARNE & CHAMPAGNE DIFFUSION
;10924086;10924086;M10088 MARNE & CHAMPAGNE DIFFUSION
;10907574;10907574;M10092 MEISER CONSULTANCY
;10924104;10924104;M10094 MARKET CONNECTION EURO SKY
;10924103;10924103;M10095 WRIGHT MARKET CONN JEW
15981555;45121261;45121261;M10096 AYDYA LTD TRAVALO MC
15981555;;;M10096 AYDYA LTD TRAVALO MC SKY
;10907575;10907575;M10097 MOET & CHANDON
10902970;;;M10555 MISAKI V.T.LTD
;10907324;10907324;M10980 MAJORICA EURO
;10907324;10907324;M10980 MAJORICA EURO
10912570;;;M11000 ÿ¿–Ã OOO
10902971;;;M11001 MERKURIY OOO
;10907514;10907514;M11100 MARC ROZIER
;10907515;10907515;M11111 C.I.T.A.
;10924105;10924105;M11194 MARKET CONNECTION USD SKY
;32455976;32455976;M11555 MANCERA ESTERK
12738343;;;M12300 MAUI JIM SUNGLASSES
;10970781;10970781;M12333 MARCO FANTINI
;10907219;10907219;M12345 MAJORICA PSTA SKY
;10924116;10924116;M12346 STARY MASTER OOO
10969454;10924116;10924116;M12346 STARY MASTER OOO
10969454;;;M12346 —“¿–€… Ã¿—“≈– Õ¬ ŒŒŒ
;40267364;40267364;M12456 MEDVED TD OOO
;10907576;10907576;M13579 MDB TE GROUP
;10907577;10907577;M15360 MANAKAS
;27137465;27137465;M16789 Ãﬂ√ »… Ã»– OOO
11002275;;;M20001 ÃŒ¡¿…À ›Õ≈–ƒ∆»
;10907269;10907269;M20002 MONTBLANC SIMPLO GMBH
16064645;;;M20031 MOSCHINO
16064645;19241819;19241819;M20031 MOSCHINO Euroitalia
;10907578;10907578;M21345 MD GOURMEX LTD
11641982;;;M21345 MD GOURMEX LTD
;10907578;10907578;M21345 MD GOURMEX LTD
;25951767;25951767;M22223 MARUSYA BEVER RUSS OOO
;10923916;10923916;M23222 MORGAN & OATES
15981670;;;M23222 MORGAN & OATES
15981670;;;M23222 MORGAN & OATES
13441619;;;M33000 ¿—-Ã¿– ≈“
;23768789;23768789;M33312 AS-MARKET
;10907517;10907517;M44118 MARCO POLO
;10907517;10907517;M44118 MARCO POLO
13539670;;;M44499 Ã≈–»ƒ»¿Õ “–≈…ƒ»Õ√
;13595690;13595690;M47777 MILUS WEINER WATCH GROUP
;10907414;10907414;M51047 MISAKI VT LTD SKY
;10907415;10907415;M54321 MARCOLIN
11103527;10907415;10907415;M54321 MARCOLIN
11103527;;;M54321 MARCOLIN GROUP
;34274819;34274819;M54789 LA MARQUISE
;19116074;19116074;M55511 TOBACCO MARKETING MU
;40062409;40062409;M55545 SIA MONO
;40529713;40529713;M55555 MAV
14008128;;;M56789 MOSCHINO - ≈ƒ»Õ¿ﬂ ≈¬–Œœ¿
15954362;;;M57700 MGI LUXURY GROUP S.A.
10902973;;;M66666 MAJORICA DP
16223418;;;M71113 Ã¿–– –”——»ﬂ ŒŒŒ                                                                              
16223418;;;M71113 ŒŒŒ Ã¿–– –”——»ﬂ
16223418;;;M71113 ŒŒŒ Ã¿––”——»ﬂ
;10907270;10907270;M73579 RAYMOND WEIL WATCHES
;10907270;10907270;M73579 RAYMOND WEIL WATCHES
;42567702;42567702;M75321 MEIRA T
;37221726;37221726;M87654 MAISON MARTIN MARGIELA PBI
;10923966;10923966;M88888 MAGESTIC IMPEKS OOO
;10923909;10923909;M88899 MARCHON UK LTD
15971536;;;M89765 MORELLATO
14008127;;;M98765 MEXX - ≈ƒ»Õ¿ﬂ ≈¬–Œœ¿
;44667433;44667433;M99945 MARKA
;10907518;10907518;M99979 MATTEL EUROPA
;10907579;10907579;M99980 MAJORICA S.A.
;10907325;;M99989 EDRINGTON                                                                                    
;10907325;10907325;M99989 MAXXIUM TRAVEL RETAIL
;13641521;13641521;M99999 MAUI JIM SUNGLASSES
14050013;;;MA252000 MAMIX
16223577;;;MA8888 Ã»Õ»”Ã ¿–“  ŒÀÀ
16223577;45125188;45125188;MA8888 ÃËÌËÛÏ ¿Ú  ÓÎÎ
15481810;36919341;36919341;MD GOURMEX LTD
16223727;;;MF5432 MAX FACTOR -≈ƒ»Õ¿ﬂ ≈¬–Œœ¿                                                                    
;22297157;22297157;MHCS001 MHCS-SERVICE CLIENT&OPERATIONS LOGISTQUES
15946888;;;MIL1234 Ã»À¿–
14008126;;;MJ33330 MARC JACOBS - ≈ƒ»Õ¿ﬂ ≈¬–Œœ¿
16223787;;;MO00672 ATKINSONS                                                                                   
;45125704;;MO00672 ATKINSONS                                                                                   
16064641;41947842;41947842;MONTALE ¡‡ÎÚËÍÓÏ
13934708;;;MP55500 MEPI
13934708;15934937;15934937;MP55555 MEPI
16222219;;;MR32654 MARCEL ROBERT
;39279514;39279514;MT12345 MAGIC TEXTILE TRADING LTD
10902974;;;N00001 NOVAYA ZARYA
10902975;;;N10001 NATURAL PRODUCTS ZAO
;10907220;10907220;N10002 N.RICCI COUTURE EURO
;10923906;10923906;N10003 N.RICCI COUTURE FFR
;10907519;10907519;N10011 SAFILO
;10907519;10907519;N10011 SAFILO
;10923864;10923864;N10020 NUOVA MOKAS SRL
;10907520;10907520;N10022 N.RICCI SKY
;10907326;10907326;N10031 NORIKO IRELAND LTD
10902976;;;N11111 NICLAS AG
12310664;;;N11133 Õ¿¡Œ–€ œ¿–‘ﬁÃ≈–»» »  Œ—Ã≈“» »
;21910627;21910627;N12333+ NASLEDIE
;22422552;22422552;N12345 NASLEDIE OOO
13053302;;;N12345 Õ¿—À≈ƒ»≈
;10907271;10907271;N15150 NEMIROFF COMPANY
;14325868;14325868;N15336 NIKE LLC (RUSSIA)
10909574;;;N22222 NINA RICCI COUTURE DP RBN
;10907521;10907521;N34420 NESTLE WORLD TRADE
;10907521;10907521;N34420 NESTLE WORLD TRADE
;32300083;32300083;N55555 NAT OOO
16222844;;;N66656 ◊»—“Œ≈ Õ≈¡Œ
15967978;;;NAVI
;41947840;41947840;NAVI PLU
;36316569;36316569;NB0001 NOUVELLE BAGUE
;39883260;39883260;NF1055 NEFT VODKA DISTRIBUTION LLC
16064071;;;NL654321 Õ≈ —»“ ÀŒ√»—“»  OOO
14008129;;;NR12345 NINA RICCI - ≈ƒ»Õ¿ﬂ ≈¬–Œœ¿
10902977;;;O00001 ARMAGON OOO
11138584;;;O10000 Œƒ»Õ÷Œ¬— ¿ﬂ  ŒÕƒ»“≈–— ¿ﬂ ‘¿¡–» ¿ OOO
;10907522;10907522;O10001 ORO VITCHENZA
;10907522;10907522;O10001 ORO VITCHENZA
;10907523;10907523;O10004 PHILIPS DAP DIVISION
16222231;;;O10004 PHILIPS DAP DIVISION
;10907272;10907272;O10005 CAROLE PLUS GOLDOAK
;10907416;10907416;O10006 MERAKETECH
;45121114;45121114;O10096 CLARISONIC PBI
10902978;;;O11000 OST-ALCO
10902979;;;O11111 OCEAN+
;10907371;10907371;O20770 OST-ALKO
16064069;;;O33456 Œœ“»Ã¿“Œ–√ OOO
16223552;45124635;45124635;O45566 AJ Arabia Œ·ÒË‰Ë‡ÌÚ
16223627;45125285;45125285;O55533 TDK (ORO GOLD)
16147160;37985082;37985082;O65321 AMOUAGE Œ·ÒË‰Ë‡ÌÚ
16223729;;;O65432_ ¬Œ—‹Ã¿ﬂ »Ãœ≈–»ﬂ ŒŒŒ                                                                         
16223729;;;O65432_OOO ¬Œ—‹Ã¿ﬂ »Ãœ≈–»ﬂ                                                                          
;45122971;45122971;O86421 RSG TRADING LLP
;25883873;25883873;O99911 OLD PARFUME
;15218729;15218729;O99999 OAKLEY
16222989;;;OE5555 «¿Œ Œ–»≈Õ“¿À › —œ–≈——
16222989;;;OE5555 «¿Œ ŒËÂÌÚ‡Î ›ÍÒÔÂÒÒ
15981118;43239345;43239345;OK00364 OB KONDITERY OOO
15981118;;;OK00364 OB. CONDITERY OOO
12266153;;;OLD PARFUME
15968014;;;OLD_PLU
16222683;;;OP65433 Œœ“»Ã¿ œÀﬁ—
;45126108;;OSUP694 CHOBI                                                                                       
;45126109;;OSUP695 MONNALISA                                                                                   
;45126172;;OSUP697 BE KEEN LIMITED                                                                             
;45126324;;OSUP699 MAFRAT SPA                                                                                  
;45124213;45124213;OV55550 OVERSEAS
;45126113;;OVERSEAS                                                                                            
;10907327;10907327;OX162 OXYGEN SKY
;12143016;12143016;P&G
16223607;;;P&G____
;45124728;45124728;P000005 ŒŒŒ œ–Œ¬¿Õ—
16223407;;;P000005 ŒŒŒ œ–Œ¬¿Õ—
16223407;45124728;45124728;P000005 ŒŒŒ œ–Œ¬¿Õ—
;10907372;10907372;P00555 PEPSI CO
;10907372;10907372;P00555 PEPSI Co
;10907524;10907524;P01997 LA PRAIRIE
16223685;;;P01997 LA PRAIRIE
;10907524;10907524;P01997 LA PRAIRIE
16157273;;;P05321 PACO RABANNE PUIG
16157273;10907525;10907525;P05321 PACO RABANNE Puig
;10907273;10907273;P05322 PACO RABANNE SKY
10902982;;;P10000 PEPSICO HOLDINGS OOO
16157277;;;P10000 PRADA PUIG
16157277;10907328;10907328;P10000 PRADA Puig
10902983;;;P10001 PIVNOY DOM
;10907462;10907462;P10001 PREMIER PORTFOLIO EURO SKY
;10907462;10907462;P10001 PREMIER PORTFOLIO EURO SKY
;10907526;10907526;P10055 VALORA TRADE DENMARK
;10907274;10907274;P10078 CACHAREL PBI
14877524;10907274;10907274;P10078 CACHAREL PBI
;10907329;10907329;P10079 RALPH LAUREN PBI
16223582;10907329;10907329;P10079 RALPH LAUREN PBI
;10907463;10907463;P10080 GIORGIO ARMANI PBI
14877523;10907463;10907463;P10080 GIORGIO ARMANI PBI
;10907222;10907222;P10081 PALOMA PICASSO PBI
16177698;10907222;10907222;P10081 PALOMA PICASSO PBI
;10907417;10907417;P10082 GUY LAROCHE PBI
14877525;10907373;10907373;P10085 VICTOR & ROLF PBI
;12560437;12560437;P10095 DIESEL PBI
15981229;;;P10099 HELENA RUBENSTEIN PBI
;10907275;10907275;P10099 HELENA RUBINSTEIN PBI
15981229;10907275;10907275;P10099 HELENA RUBINSTEIN PBI
;10907418;10907418;P10780 CACHAREL PBI SKY
;10907223;10907223;P10800 GIORGIO ARMANI PBI SK
;10922057;10922057;P10997 LA PRAIRIE SKY
;10907582;10907582;P11000 POLYOT WATCHES
;10907527;10907527;P11100 PRADA SKY
;10907583;10907583;P11111 PORTSELAN
;10907419;10907419;P11112 PIA PRETOR
;14919314;14919314;P11115 PORTOLANO
16223709;45125473;45125473;P12000 12 PARFUMERS INTERLUX 2                                                                      
11713782;;;P12333 PORTOLANO
;10907464;10907464;P12345 P.KOASTAS & CIE EVEE
10902984;;;P12345 POLICE TIME
;10907584;10907584;P14673 LANCOME PBI
15192910;10907584;10907584;P14673 LANCOME PBI
;10907585;10907585;P14674 L'OREAL PBI SKY
;10907276;10907276;P15548 CARTIER PARFUME
;18424894;18424894;P15789 PROGRESS-PLUS OOO
10902985;;;P17001 ORCHID ZAO
;10907420;10907420;P17290 GIVENCHY PARFUMS
15834392;10907420;10907420;P17290 GIVENCHY PARFUMS
;10907465;10907465;P17291 GIVENCHY SKY
;10923902;10923902;P18784 ARDEN LAGERFELD OLD
;45123046;45123046;P234550 œŒ√¿–— ¿ﬂ —»√¿–≈“ÕŒ-—»√¿–Õ¿ﬂ ‘¿¡–» ¿
;45125854;;P34567 PIQUADRO                                                                                     
15979893;;;P52011 PANASONIC MARKETING CIS OY
;16821329;16821329;P55511 EL PACO
15192911;;;P65000 YSL PBI
;45120830;45120830;P65656 PAL ZILERI LAB
14382789;;;P66651 PRADA - ≈ƒ»Õ¿ﬂ ≈¬–Œœ¿
15192910;;;P75000 LANCOME PBI
;42767493;42767493;P77721 PRINCIPE
14877524;;;P78000 CACHAREL PBI
14877523;;;P80000 ARMANI
14877523;;;P80000 GIORGIO ARMANI PBI
14877525;;;P85000 VICTOR & ROLF PBI
;16332029;16332029;P85858 PAL ZILERI
;29316730;29316730;P87654 POLICE TIME WATCHES
15975548;;;P88888 PUIG SKY
16223541;45125116;45125116;P97531 PERRIS MONTE CARLO Interlux
;10907421;10907421;P98999 ORCHID COMPANY
;16584038;16584038;P99988 PATRON SPIRIT COMPANY
;10907224;10907224;P99989 PASCO GMBH
;10907467;10907467;P99997 PANASONIC C/S
;13034660;13034660;P99999 PAT SAYS NOW
15407860;;;PA55555 PARKER
;42767489;42767489;PAL ZILERI GROUP
16223876;45126059;;PARFUME HOLDING                                                                                     
15317860;;;PARFUME SALE
;10907468;10907468;PC10001 CARTIER WATCHES
;10907225;10907225;PC10002 CARTIER JEWELLERY
;10907331;10907331;PD11234 PREMIER DRINK
;12336953;12336953;PI99999 PIANEGONDA
;10967454;10967454;PL33515 PORTOLANO GUANTI
;45125410;45125410;PM 12399 PARRIS MONTE CARLO (À¿ ÿ≈–»)
16223663;;;PM12399 PARRIS MONTE CARLO (À¿ ÿ≈–»)
16223623;;;PM44450 PERRIS MONTE CARLO INTERLUX 2
;45125275;45125275;PM44450 PERRIS MONTE CARLO Interlux 2
12489786;;;PR 123366 PREMIER PORTFOLIO
;10907422;10907422;PR0001 PREMIER PORTFOLIO USD SKY
12428766;;;PR200002 œ–Œ√–≈——-œÀﬁ— ŒŒŒ
14008262;;;PR23334 PACO RABANNE - ≈ƒ»Õ¿ﬂ ≈¬–Œœ¿
15971533;;;PT23456 PT SWITZELAND
;24207678;24207678;PU23888 PUCCI VIVARA/VARIAZIONI/MISS PUCCI
;10971322;10971322;PUIG
16157331;;;PUIG
15059512;;;PW55555 POLICE TIME WATCH
10902987;;;R00002 –”—¿√–Œ“Œ–√ ÃŒ— ¬¿
;10907226;10907226;R00101 ROSA ROSE GOLD
16064643;;;R00368 –≈ — “–≈…ƒ»Õ√ Œ¿Œ
10902990;;;R10001 RARITET OOO
;10907529;10907529;R10001 RUSAGROTORG MOSCOW
10902991;;;R10010 RAYSTAR OOO
;10907423;10907423;R10017 ROLNIK PUBLISHERS
;10907530;10907530;R10024 MARTINI-BACARDI
;10924126;10924126;R10047+ BIONT LTD RBN
;10907533;10907533;R10053 REMY MARTIN
;10907534;10907534;R10058 NIAGARA FOODS
16032127;10907277;10907277;R10060 BVLGARI
16032127;;;R10060 BVLGARY
;10923891;10923891;R10063 RENE CUSACK LTD
;10907278;10907278;R10068 RONSON INT USD LTD
10902994;;;R11111 LEKERY OOO
16222765;;;R11133 RICH ¬» “Œ–»ﬂ
10910007;;;R12345 RATTI COLLECTION
;22575112;22575112;R12345 RUSSIAN OSETR
;10907424;10907424;R12369 RADO WATCHES
;10907424;10907424;R12369 RADO WATCHES
;10907469;10907469;R16900 ITIL (REEMTSMA INT)
;10907469;10907469;R16900 ITIL (REEMTSMA INT)
15233566;40530149;40530149;R20012 RANCE
15233566;;;R20012 RANCE À≈ ŒÕ“
16223954;;;R200440 RANCE –»◊                                                                                   
;23023836;23023836;R22222 RUSSIAN OSETR - ADYGEYA OOO
;32030767;32030767;R25255 ROTOR HOUSE
11696609;;;R25255 –Œ“Œ– ’¿”—
16157275;10907535;10907535;R35840 N.RICCI Puig
16157275;;;R35840 NINA RICCI PUIG
10902943;10907586;10907586;R50938 DESIGN GO
;30535632;30535632;R55531 RUSSIAN CAVIAR HOUSE
;10933449;10933449;R55545 ROBERTA DI CAMERINO GENERLUX
;10907332;10907332;R63835 BAT INTL (ROTHMANS INT)
;10923886;10923886;R76234 ROUGIE
11390230;;;R888888 –”—“ »Õ Œ–œŒ–›…“≈ƒ
;45120595;45120595;R888888 –”—“ »Õ Œ–œŒ–›…“≈ƒ
;10907374;10907374;R89732 RUSS BERRIE UK LTD
;23815698;23815698;R99999 ROSALKO-NEVA ZAO
13698064;;;R99999 ROSALKO-NEVA ZAO
;44909073;44909073;RB7777 ROBERTO BRAVO
15439549;;;RC12345 Roberto Cavalli - ≈ƒ»Õ¿ﬂ ≈¬–Œœ¿
;10907279;10907279;S&S5421 SEA & SKY SUPPLY
;45124999;45124999;S.A.S. SONIA RYKIEL C. D. M
10902996;;;S00001 SOI-2
10902997;;;S00002 NIAGARA FUDS
10902998;;;S00003 SLIMSITY OOO
11164767;;;S00004 —œŒ–“À¿…Õ OOO
;10907587;10907587;S00010 SCHABAK
16223584;;;S01607 SHISEIDO
;10907536;10907536;S01607 SHISEIDO EUROPE
;10907536;10907536;S01607 SHISEIDO EUROPE
10903000;;;S02000 SHARK-2000
16223232;10907425;10907425;S03853 SCANNON / GUCCI P&G
;10907538;10907538;S03854 COSMOPOLITAN COSMETIC
10903001;;;S10000 SHANTERI OOO
;10907470;10907470;S10000 SONYA RYKIEL
16223229;;;S10000 SONYA RYKIEL
16223229;10907470;10907470;S10000 SONYA RYKIEL
10903002;;;S10001 SELDICO OLD
;10907375;10907375;S10002 SIBER HEGNER GIVENCHY
;10907376;10907376;S10012 SOLVAR
;10907377;10907377;S10014 SAMSONITE EUROPE
14046274;10907377;10907377;S10014 SAMSONITE EUROPE
;10907227;10907227;S10067 SHEAFFER
;10907588;10907588;S10073 ALTADIS
;10907426;10907426;S10089 SWEET TALK CONFECTION
;10907427;10907427;S10093 SWISHER INT LTD ARI
10903004;;;S10100 STOLWERCK FAIN CHOCOLATE
;10907228;10907228;S10103 STORCK INTERNATIONAL
13473946;10907228;10907228;S10103 STORCK INTERNATIONAL
;10907280;10907280;S10113 SENSUS
;10907428;10907428;S10116 ST.DUPONT
16223900;;;S10133                                                                                              
;10907281;10907281;S10133 SWAROVSKI JEWELLERY
10903005;10907281;10907281;S10133 SWAROVSKI JEWELLERY
14012059;18455689;18455689;S10134 SWAROVSKI WATCH
;10907282;10907282;S10137 SWATCH GROUP UK
;10907333;10907333;S10201 STAR CASE
;10907378;10907378;S10333 SCORPIO SKY EURO
;10907378;10907378;S10333 SCORPIO SKY EURO
11450576;;;S10333 SCORPIO TRAVEL RETAIL
10903005;;;S10444 SWAROVSKI DP JEW
13976024;;;S10445 SWAROWSKI DP FIGURINS
14012059;;;S10446 SWAROWSKI DP WATCH
16222994;45123641;45123641;S10500 ŒŒŒ —¿ — »√–”ÿ »
;10907471;10907471;S11001 SILHOUETTE INT
;10907471;10907471;S11001 SILHOUETTE INT
10903006;;;S11111 SILHOUETTE INTERNATIONAL
;10907283;10907283;S11223 SCORPIO SKY USD
10903007;;;S120000 ALMEIRA OOO
;10907334;10907334;S12345 SNIPE BRANDS
15964075;;;S13579 SAG TRADING LLC
14046274;;;S14444 SAMSONITE
;10907380;10907380;S15450 SPLVZ OOO
10903008;;;S20001 MAGARACH 000
13978109;;;S20002 SELDICO GIVENCHY
;10907335;10907335;S20030 SPI SPIRITS CYPRUS
13978110;;;S30003 SELDICO GUERLAIN
;22552919;22552919;S30030 STELLA MCCARTNEY PBI
;10912490;10912490;S33333 SOUNDLINE
14114614;10912490;10912490;S33333 SOUNDLINE
;32634464;32634464;S35353 JFM HELLO KITTY
13978111;;;S40004 SELDICO KENZO
15963513;;;S45678 SWISS SMILE
13978112;;;S50005 SELDICO DIOR
15968003;;;S54321 SISLEY
;28821048;28821048;S55666 SCORPIO PARFUME
;10907472;10907472;S57279 SOLATREX CITIZEN
;10907229;10907229;S59555 TECHSOYUZ SONY/KONICA USD
15116112;;;S60006 SELDICO FENDI
;43209096;43209096;S60017 SERGE LUTENS SHISEIDO
;45126434;;S60018 NARS SHISEIDO                                                                                
13473946;;;S65432 STORK TRAVEL RETAIL
16222987;;;S67891 SHAIKH ESTERK
;45124013;45124013;S67891 SHAIKH Esterk
;10907381;10907381;S70216 OMEGA WATCHES
;10907381;10907381;S70216 OMEGA WATCHES
;10907336;10907336;S84443 SWAROVSKI SKY
16222282;;;S88888 Seeberger
13672185;;;S88888 SKAGEN
16223030;;;S97531 »œ —¿ÃŒƒ”–Œ¬— »…
16223902;;;S99989                                                                                              
;10907473;10907473;S99989 SWAROVSKI SILVER CRYSTAL
13976024;10907473;10907473;S99989 SWAROVSKI SILVER CRYSTAL
;10907474;10907474;S99999 SKYSHOP PARF OLD
16222281;;;S99999 Stetson
;45120762;45120762;SB23333 SONYA BY
16147138;13720558;13720558;SC12345 SCORPIO TRAVEL RETAIL
16147138;;;SC12345 SCORPIO TRAVEL RETAIL(TOYS)
15357423;;;SC15151 SCHLEICH
;10907337;10907337;SCH123 EUGEN SCHOFER GMBH
15205850;;;SCORPIO DISTR GROUP
13978108;;;SELDICO GROUP
16222266;42567736;42567736;SF25836 SCUDERIA FERRARI
16223621;;;SG55510 SILLAGE INTERLUX 2
;45125273;45125273;SG55510 SILLAGE Interlux 2
16223050;;;SH33333_SCHCHARD&FRIESE
;45123389;45123389;SHISEID0
16223756;;;SHISEIDO GR                                                                                         
10902999;;;SHUAR OOO
;20248912;20248912;SI1234 SISLEY
;45125713;;SIA MONO                                                                                            
;42567128;42567128;SK55511 SKAGEN
;45125518;;SKW409 SKW (ŒŒŒ ›—. ≈….¬¿…+ )                                                                       
14114614;;;SL55530 SOUNDLINE
;30337724;30337724;SM12345 SWISS MILITARY - HANOWA
;45120761;45120761;SONYA RYKIEL
16223228;;;SONYA RYKIEL
11418709;;;SP12345 ¬€¡Œ– OOO
;45124442;45124442;SP88820 —“ŒÀ»◊Õ€≈ œŒ—“¿¬ » ŒŒŒ
16223343;;;SP88820 —“ŒÀ»◊Õ€≈ œŒ—“¿¬ » ŒŒŒ
16223343;45124442;45124442;SP88820 —“ŒÀ»◊Õ€≈ œŒ—“¿¬ » ŒŒŒ
15963513;25925276;25925276;SS00011 SWISS SMILE
;10907475;10907475;ST0000 STEP GROUP OOO
;10907476;10907476;ST12345 TAMBER SP
;10907476;10907476;ST12345 TAMBER SP
;43255349;43255349;ST65545 STROCHKOV IP
;45125650;;SUP671 AUTOGRAPH TRAVEL LIMITED                                                                     
16054718;;;SUPPLIERS 01 (LIQUORS / MINIATURES)
;25344343;25344343;SUPPLIERS 01 (LIQUORS)
;25344342;25344342;SUPPLIERS 02 (TOBACCO)
16150362;;;SUPPLIERS 02 (TOBACCO)
;25256699;25256699;SUPPLIERS 03 (PERFUMERY & COSMETICS)
16054609;;;SUPPLIERS 03 (PERFUMERY & COSMETICS)
;25344173;25344173;SUPPLIERS 04 (ELECTRONICS)
16054684;;;SUPPLIERS 04 (ELECTRONICS)
;25344339;25344339;SUPPLIERS 05 (FASHION / ACCESSORIES)
16054681;;;SUPPLIERS 05 (FASHION/ACCESSORIES)
;25344341;25344341;SUPPLIERS 06 (CONFECTIONARY)
16054682;;;SUPPLIERS 06 (CONFECTIONARY)
;25344076;25344076;SUPPLIERS 07 (JEWELLERY)
16054713;;;SUPPLIERS 07 (JEWELLERY)
;25344217;25344217;SUPPLIERS 08 (GLASS / CHINA)
16150363;;;SUPPLIERS 08 (GLASS / CHINA)
;25344328;25344328;SUPPLIERS 09 (SOUVENIRS / MUSIC / BOOK)
16054705;;;SUPPLIERS 09 (SOUVENIRS / MUSIC)
;25344340;25344340;SUPPLIERS 10 (DELICATESSEN)
16150364;;;SUPPLIERS 10 (DELICATESSEN)
;25344252;25344252;SUPPLIERS 11 (SUNGLASSES)
16150365;;;SUPPLIERS 11 (SUNGLASSES)
;25291147;25291147;SUPPLIERS 12 (WATCHES)
16054717;;;SUPPLIERS 12 (WATCHES)
16054683;;;SUPPLIERS 14 (TOYS / TRAVEL)
;25344254;25344254;SUPPLIERS 14 (TOYS)
;25344255;25344255;SUPPLIERS 16 (TRAVEL)
16150151;;;SUPPLIERS 17 (»–À¿Õƒ— »… ¡¿–)
16223766;;;SUPPLIERS 33 (TESTER)                                                                               
;25344253;25344253;SUPPLIERS 99 (IRISH BAR)
;25258383;25258383;SUPPLIERS OLD
;45120571;45120571;SVO1112 SHEREMETEVO PROCESSING OOO
16223504;;;SZ4444 —À¿¬¿ «¿…÷≈¬ À¿ ÿ≈–»
16223504;;;SZ4444 —À¿¬¿ «¿…÷≈¬ À¿ ÿ≈–»
10903009;;;T00001 “”–ÕŒ OOO
10903011;;;T00003 TRIANON-SERVICE
10903012;;;T00005 TOYDICO
10903013;;;T00010 Ã¿∆≈—“» -»Ãœ› — ŒŒŒ
;26043347;26043347;T01015 TOM FORD PRIVATE BLENDS E.Lauder
;28821448;28821448;T05555 TOCHKA OPORY+
;10907230;10907230;T10000 TASHIA
10903016;;;T10039 TISSOT DP
;10907231;10907231;T10044 THOMAS HINE COGNAC
;10907231;10907231;T10044 THOMAS HINE COGNAC
;10907232;10907232;T10045 TRAVEL RETAIL INNOVATIONS
15876813;;;T10045 TRAVEL RETAIL INNOVATIONS
15876813;10907232;10907232;T10045 TRAVEL RETAIL INNOVATIONS
;10923839;10923839;T10050 TOMS CONFECTIONERY
;10907233;10907233;T10067 DOLCE & GABBANA WATCH
;10907477;10907477;T10075 T&T CO
10913973;;;T11000 “–›Õƒ  ŒÀÀ› ÿÕ ŒŒŒ
15205852;;;T11115 TIME DESIGN
;10907429;10907429;T12345 TOMAS SABO SILVER
14113498;44550935;44550935;T12468 TALIKA
;10907478;10907478;T20010 TARGUS EUROPE LTD
14115684;;;T22299 TBN TIME(MOSCHINO)
;10922579;10922579;T23456 TUMI SKY
;10907430;10907430;T32759 TEXIER
;10907430;10907430;T32759 TEXIER
10903018;;;T33223 TEXIER DP EURO
15975543;;;T4512SK TOSCOW
14113498;;;T46789 TALIKA
;43562369;43562369;T54321 TOVARITCH
;10907382;10907382;T55545 PAUL & SHARK
;10907382;10907382;T55545 PAUL & SHARK
16064637;;;T55567 TIMELESS LUXERY PRODUCTS
16064637;26048125;26048125;T55567 TIMELESS LUXERY PRODUCTS
;43255373;43255373;T65545 TONUS ŒŒŒ
;43255373;43255373;T65545 TONUS ŒŒŒ
;42522400;42522400;T66633 TUMI
11305401;;;T7000025 “Œ–√—≈–¬»— ’’I ¬≈  OOO
14832865;;;T76543 TINTAMAR
15082379;;;T77715 “Ã’‘ √–”œœ
;10907234;10907234;T78999 TROIKA
;10907235;10907235;T81379 TISSOT WATCHES
;10907235;10907235;T81379 TISSOT WATCHES
;22606740;22606740;T87654 TMXF OOO
;45126036;;T88865 ŒŒŒ “ƒ ÷¿–— »… Œ—≈“–                                                                         
16222223;;;T98765  –≈ÃÀ≈¬— »… “ƒ
16222223;;;T98765  –≈ÃÀ≈¬— »… “ƒ
;10907383;10907383;T99993 TSANIKIDIS NIDDASTRASSE
15946228;;;TA11511 TBN TIME(AEROWATCH)
;10907236;10907236;TAG1234 TAG HEUER WATCHES
;10907236;10907236;TAG1234 TAG HEUER WATCHES
;12978513;12978513;TD1175+ SWK
;10907479;10907479;TD11757 SWK TD
;10907479;10907479;TD11757 SWK TD
16223767;;;TE33333 TESTERS                                                                                     
15946229;;;TG11511 TBN TIME(GALLIANO)
;42567748;42567748;TH76543 T.HILFIGER WATCHES
15946230;;;TJ11511 TBN TIME(JOHN GALLIANO)
16223333;;;TK11511 TBN Kenneth Cole
15949607;42523062;42523062;TM1111 TIME & MORE E.K
15949607;;;TM1111 TIME&MORE E.K.
15880368;26195164;26195164;TM77717 TECHNOMARINE
15880368;;;TM77717 TECHOMARINE
;36154933;36154933;TMXF GR
;10923967;10923967;TR12345 TRAVELTELECOM
15946227;;;TS11511 TBN TIME(SEIKO)
10903019;;;U00001 œŒƒ¿–Œ◊Õ€… “≈ —“»À‹
11116675;;;U00002 ﬁÕ»“Œ…—-Ã OOO
;45123208;45123208;U00388 ŒŒŒ ‘»–Ã¿ ”Õ»“–ŒÕ
16223410;;;U00388 ŒŒŒ ‘»–Ã¿ ”Õ»“–ŒÕ
16223410;45123208;45123208;U00388 ŒŒŒ ‘ËÏ‡ ”ÌËÚÓÌ
10903020;;;U10000 URVEST OOO
13070299;;;U10022 ŒŒŒ ”–≈Õ’ŒÀ‹“
13070299;;;U10022 ”–≈Õ’ŒÀ‹“ ŒŒŒ                                                                                
;11352618;11352618;U11111 UNITOYS OOO
;15105661;15105661;U12222 U.TOYS
;10907338;10907338;U14222 DIAGEO UDV+BAILEYS
;10907338;10907338;U14222 DIAGEO UDV+BAILEYS
11027029;;;U20000 ﬁ¬≈À»–“Œ–√ OOO
;21961992;21961992;U22211 URENHOLT OOO
;30392527;30392527;U55555 UNIT
;10907179;10907179;U86366 UNDERBERG
;10907179;10907179;U86366 UNDERBERG
12067708;;;U99999 U-TOYS
15924874;;;UM12338 OOO UNITOYS MSK
15924874;39829949;39829949;UM12338 UNITOYS MSK OOO
12609408;;;V0000004 ¬»Õ› —»Ã ŒŒŒ
;10907180;10907180;V000003 LEIXLIP
10903021;;;V00001 VAGR OOO
;15452243;15452243;V00112_ IMMAGINE S.R.L (VERSACE)
;45125186;45125186;V00123 ¬ÓÎ„ÓÂ˜ÂÌÒÍ˚·ıÓÁ
16064640;;;V00137 OKKI ¬» “Œ–»ﬂ
16064640;43747035;43747035;V00137 ¬» “Œ–»ﬂ ŒŒŒ
10903024;;;V01000 VK OOO
;10907482;10907482;V10003 OCEAN+ TD
;10923867;10923867;V10013 VAN DYCK BELGIAN CHOC
;10907181;10907181;V10021 VICTORINOX
;10907284;10907284;V10046 VEUVE CLIQUOT PONSARDIN
;10907540;10907540;V11011 VAN GILS
;10907483;10907483;V11111 VREMENA GODA
;14051117;14051117;V11112 VERSACE ESCALE HOLDING LTD
;10907182;10907182;V12002 VEL OOO
16223765;;;V12220 VAN CLEEF                                                                                    
16037549;;;V12345 ŒŒŒ “œ  ´¬»ÀŒÕª
16037549;;;V12345 “œ  ¬»ÀŒÕ ŒŒŒ                                                                                
16064644;;;V20032 VERSACE
16064644;19229424;19229424;V20032 VERSACE Euroitalia
14008191;;;V32100 VERSACE - ≈ƒ»Õ¿ﬂ ≈¬–Œœ¿
;18399637;18399637;V33311 VASCO INT SARL
;10907339;10907339;V33344 ITALCOM
16064642;;;V37000 ¬¿ÿ≈–ŒÕ “Ó„Ó‚˚È ‡Î¸ˇÌÒ ŒŒŒ
16223643;;;V50170 ¬¿À≈Õ—»ﬂ › —œ–≈—— ŒŒŒ                                                                        
16223643;;;V50170 ŒŒŒ ¬¿À≈Õ—»ﬂ › —œ–≈——
16223643;;;V50170 ŒŒŒ ¬‡ÎÂÌÒËˇ ›ÍÒÔÂÒÒ
16222233;28935154;28935154;V50909 VALENTINO Puig
14344790;;;V54321 VALENTINO - ≈ƒ»Õ¿ﬂ ≈¬–Œœ¿
;29007930;29007930;V55331 VERBILKI PORCELAIN WORKS
15953951;;;V55545 ¬≈Õ— »… › —œ–≈——  ¿‘≈
;19139930;19139930;V58888 VINEXIM OOO
16222233;;;V75432 VALENTINO PUIG
;22445833;22445833;V777771 VISTTORG OOO
;31862360;31862360;V87654+ VESTA TRADE
;45125641;;V88514 VILEBREQUIN                                                                                  
16143158;;;VE2333 VERSUS
16143158;42578065;42578065;VE2333 VERSUS
11688590;;;VH10001 ¬’ »ÃœŒ–“  ¿Ãœ¿Õ»
10903026;;;W00111 WHITE HALL
;10907541;10907541;W00111 WHITE HALL CENTER
10903026;10907541;10907541;W00111 WHITE HALL CENTER
;10924101;10924101;W10011 WILLIAM LUSTY LTD
;10907542;10907542;W10017 WBDF_IRISH DISTILLERS
;10923832;10923832;W10018 WBDF_CHIVAS BROTHERS LTD
;10923877;10923877;W10019 WBDF_HIBBERTS_WINE_OLD
;10923838;10923838;W10020 WBDF_MARTELL_HIBBERTS_OLD
;10923827;10923827;W10021 WBDF_HIBBERTS
;16896563;16896563;W10022 WBDF_ABSOLUT_HIBBERTS_OLD
;10923889;10923889;W10031 WALKERS SHORTBREAD
;10907543;10907543;W10038 WORLDBEST CIGARS
;10907384;10907384;W10040 HENRY WINTERMAN SIGAR
;40289496;40289496;W10810 WOODYSCOVERY OU
14867976;;;W22222 WHTEHOUSE LEISURE LLP
;10907544;10907544;W30750 WATERFORD GLASS LTD
;45125876;;W41150 WHITEFIELD INVEST LTD                                                                        
14029982;;;W54321 ¬≈À ŒÃ
;45122135;45122135;W55555 WOLFORD
;10907431;;W59120 BEAM SUNTORY                                                                                 
;10907431;10907431;W59120 JIM BEAM BRANDS
;45125374;45125374;W77777 WEITNAUER DISTRIBUTION LTD
;26195404;26195404;W87655 PHILLIP MORRIS DISTRIBUTION LTD
;26195404;26195404;W87655 WEITNAUER DISTRIBUTION LTD
14029982;25926264;25926264;W98765 WELCOME+
15407861;;;WA55555 WATERMAN
;45125712;;WEITNAUER DISTR.                                                                                    
;45125906;;WHITEFIELD INVEST LTD                                                                               
14136269;42576177;42576177;WWF123 WWF
14136269;;;WWF1234 WWF
;10907340;10907340;Y10009 MAJORICA SKY
16223579;;;Y10010 CALVIN KLEIN
;10907285;10907285;Y10010 CALVIN KLEIN UNILEVER Coty
;10907432;10907432;Y10013 IBB 10907432
;10923870;10923870;Y10018 REAKAM INC
;10907239;10907239;Y10023 VALENTINO P&G
11728831;;;Y12300 YSL BEAUTY
11446617;;;Y12345 ﬂÕ“¿–Õ¿ﬂ √–Œ«ƒ‹ ŒŒŒ
;25979735;25979735;Y55511 YEREVAN BRANDY COMPANY
15192911;10907545;10907545;Y66648 YSL PBI
;10907433;10907433;Y66649 YSL SKY
;36919342;36919342;YEREVAN BRANDY COMPANY
11421651;;;Z0000234 —Õ— «≈À≈ÕŒ√–¿ƒ
16223759;;;Z40040 ZEGNA                                                                                        
;22552917;22552917;Z40040 ZEGNA E.Lauder
;10907484;10907484;ZD12345 ZENITH WATCHES
;10907484;10907484;ZD12345 ZENITH WATCHES
10971588;;;¿›–ŒÃ¿–
10971588;;;¿›–ŒÃ¿–
16164141;;;¡»¡» ŒÃ
16222764;;;¬» “Œ–»ﬂ
;41947844;41947844;¬»“¿-¬ «¿Œ
14008008;;;≈ƒ»Õ¿ﬂ ≈¬–Œœ¿ ’ŒÀƒ»Õ√
;36919163;36919163;«¿Œ ¿›–Œ‘≈–—“
15598539;;;«¿Œ ¿›–Œ‘≈–—“
15598539;36919163;36919163;«¿Œ ¿›–Œ‘≈–—“
;10902799;10902799;»«À»ÿ »
;44513336;44513336;»À‹»Õ¿
;27089534;27089534; ŒÕ—»√Õ¿÷»ﬂ
14120281;;; ŒÕ—»√Õ¿÷»ﬂ
;45120951;45120951; Œ–Õ≈–€
16222277;;;À≈ ŒÕ“
14125565;;;Ã16789 ŒŒŒ Ãﬂ√ »… Ã»–
;45125193;45125193;Ã»Õ»”Ã
;45124631;45124631;Œ¡—»ƒ»¿Õ“
16223551;;;Œ¡—»ƒ»¿Õ“
16223892;45126149;;ŒŒŒ ¿√–» ŒÀ‹ —»“»                                                                                   
;45126654;;ŒŒŒ ¿–“—œŒ“                                                                                         
;45125408;45125408;ŒŒŒ À¿ ÿ≈–» ¬Œ–Àƒ
16223661;;;ŒŒŒ À¿ ÿ≈–» ¬Œ–Àƒ
;45125000;45125000;œ–Œ»«¬Œƒ»“≈À‹
16223952;;;–»◊                                                                                                 
15233557;;;–»ÿ›—
;29784619;29784619;–Œ——»…— »≈ œŒ—“¿¬Ÿ» »
;45124258;45124258;—00395 ŒŒŒ —-“–≈…ƒ
16223236;;;—00395 ŒŒŒ —-“–≈…ƒ
16223236;45124258;45124258;—00395 ŒŒŒ —-“ÂÈ‰
15922984;;;—12345 ŒŒŒ ‘»–Ã¿ —“¿Õ¡≈¬
15922984;;;—12345 ŒŒŒ ‘»–Ã¿ —“¿Õ¡≈¬
15922984;;;—12345 ‘»–Ã¿ —“¿Õ¡≈¬ ŒŒŒ                                                                            
13527375;;;—33311 COFFEE BREND DISTRIBUTION
16222284;45121166;45121166;—76123 CLOUDZ TRAVEL ACCESSORIES
16222628;;;—œ≈÷. ŒÕ—»√Õ¿÷»ﬂ
15660793;;;—“¿–€≈ œŒ—“¿¬Ÿ» »
15946226;;;“¡Õ “¿…Ã - ƒ»—“–»¡”÷»ﬂ
15115887;;;“Ã’‘
9662694;;;”ƒ¿À≈ÕÕ€… Œ‘»—
;21453536;21453536;›—“≈– œ¿–‘ﬁÃ
