Code;NAME
1TOY;1toy
4D PAZZLES;4D PAZZLE
5TH SEASON;5th Season
A.V. JEWELRY OF NY;A.V. JEWELRY OF NY
A_SOLAR;A_Solar
ABERLOUR;Aberlour
ABSOLUT;Absolut
ADIDAS;ADIDAS
AFISHA;Afisha
AFTER_8;After Eight
AGENT18;Agent18
AIR HOGS;Air Hogs
AKG;AKG
ALCOM ACTIVE;Alcom Active
ALEXANDRE.J;«‡‰‚ÓÂÌÌ˚È ·ÂÌ‰
ALVIERO MARTINI;Alviero Martini
AMARULA;Amarula
AMBER;Amber
AMBREA;Ambrea
AMICELLI;Amicelli
AMINOFF;Aminoff
AMKA;Amka
AMOUAGE;Amouage
ANGRY BIRDS;Angry Birds
ANGUILLA;Anguilla Rums Ltd
ANNE KLEIN;Anne Klein
ANNICK GOUTAL;Annick Goutal
ANTICA SAMBUCA;Antica Sambuca
APEROL;AperolF
AQUA;Aqua
ARAMIS;ARAMIS
ARARAT;Ararat
ARDBERG;Ardberg
ARMANI;Armani
ARMANI_EMP;ARMANI_EMPORIO
ARMANI_GIO;ARMANI_GIORGIO
ART LAIN;Art Lain
ART_FUENTE;Arture Fuente
ARTSHAVING;ARTSHAVING
AS;AS
ASI;"ŒŒŒ ""¿ÒË"""
ASTI_MART;Asti Martini
AURORA;Aurora
AVO;AVO
AZZARO;AZZARO
B_KLUCH;Belyi Kluch
B00064;Bebelino
B00626;RODIAL
B00678;Sima-land
B00740;TRANSVITAL
B00821;ABBYY
B00822;ABLE STAR
B00823;ACTIVE CRYSTALS
B00825;AEON
B00826;AGATA
B00827;AGATHA
B00828;ALEXANDER GRAPPOLO
B00829;ALEXANDER MCQUEEN
B00830;AMBASSADORS CHOICE
B00831;AMPHORA
B00833;ANNA CLUB PLUSH
B00834;ANTHON BERG
B00835;ANTICA MURRINA
B00836;ANTWERP DESIGN
B00837;ARDBEG
B00838;ARTISAN
B00839;ARTURO FUENTE
B00840;AULDEY
B00841;AUSINI
B00842;AUTOTIME
B00843;AVALANCHE
B00844;AVIATOR
B00846;BAILLAURY
B00847;BALDESSARINI
B00848;BALLANTINES
B00849;BANG&OLUFSEN
B00850;BAUME&MERCIER
B00852;BEEFEATER
B00853;BELLA SARA
B00854;BEN 10
B00856;BEVERLY HILLS
B00857;BISQUIT
B00858;BOBBI BROWN
B00859;BOIS DU RICHE
B00860;BOLGHERI
B00864;BOMBAY SAPPHIRE
B00866;BOUCHERON
B00868;BRAUN
B00869;BREO
B00870;BRIO
B00872;BUDWEISER
B00873;BUZZBEE
B00874;CACHAREL
B00875;CACHET NOIR
B00878;CALVET
B00879;CAMEL
B00880;CAMPO VIEJO
B00881;CANON
B00882;CAROLE PLUS
B00884;CARRERA Y CARRERA
B00885;CARRUADES DE LAFITE
B00886;CASA DE LA VINA
B00887;CASIO
B00888;CASTILIO DE JAVIER
B00889;CASTILLO DE OLITE
B00890;CELLCOSMET
B00891;CELLCOSMET&CELLMEN
B00892;CELLMEN
B00893;CENTAUR
B00894;CEPIA
B00895;CERRUTI
B00896;CHABLIS
B00897;CHABLIS VIEILLES VIGNES
B00898;CHANEL
B00900;CHATEAU BELLEVUE DE GALVESSE
B00901;CHATEAU BOIS JOLY
B00902;CHATEAU BOIS PERTUIS
B00903;CHATEAU CAP L`OUSTEAU
B00905;CHATEAU CHEVAL BLANC
B00906;CHATEAU CLAIR MOULIN
B00907;CHATEAU DE MARGAUX
B00908;CHATEAU DES BELLES GRAVES
B00909;CHATEAU DU BOIS CHANTANT
B00910;CHATEAU HAUT VINOGLE SEGUIN
B00912;CHATEAU HAUT-MOULEYRE
B00913;CHATEAU LAGRANGE
B00914;CHATEAU LAMOTHE GUIGNARD
B00915;CHATEAU LATOUR-MARTILLAC
B00916;CHATEAU LE BARRAIL
B00917;CHATEAU LESTAGE SIMON
B00919;CHATEAU MAGENCE
B00920;CHATEAU MARGAUX
B00922;CHATEAU MOUTON ROTHSCHILD
B00923;CHATEAU PALMER
B00924;CHATEAU PAVIE
B00925;CHATEAU PONTET NIVELLE
B00926;CHATEAU PONTET-CHAPPAZ
B00927;CHATEAU RELAIS DU CHEVAL BLANC
B00928;CHATEAU RIEUSSEC
B00930;CHATEAU TOUR DE PERRIGAL
B00931;CHATEAU TOUR DU ROC
B00933;CHERICOLE
B00934;CHEVALIERS DE L`ORDRE
B00935;CHRISTIAN DIOR
B00936;CHRISTIAN LACROIX
B00937;CHURCHILL'S
B00938;CIRCUS FASHION
B00939;CIROC
B00940;CLAUSTHALER
B00941;CLEMENTONI
B00942;CLOS VOUGEOT
B00943;COCOROSE
B00944;COG
B00945;COTE D'OR
B00947;CREMANT DE LOIRE
B00948;CROIX DE PEZ
B00950;CUESTA-REY
B00951;DALMATIN
B00954;DEFA
B00955;DELAMAIN
B00956;DENN
B00957;DESIGNER SHAIK
B00958;DICKIE TOYS
B00959;DIE-CAST METAL&PLASTIC
B00960;DJECO
B00963;DOOWELL
B00966;DUBEY&SCHALDENBRAND
B00967;DUBLISS
B00968;E.PUCCI
B00969;EASTPAK
B00970;ECTACO
B00971;EDOX
B00972;EFFECT
B00973;EGERMAISTER
B00975;EMILIO PUCCI
B00976;EMPORIO ARMANI
B00977;EMTEC
B00978;ENERGIZER
B00980;ERMENEGILDO ZEGNA
B00981;ERRE
B00983;FABER CASTELL
B00984;FANCY
B00985;FERRE MILANO
B00986;FERVOR
B00987;FILODORO
B00988;FOLLI FOLLIE
B00990;FOSSIL
B00991;FRANCESCO SMALTO
B00992;FRANSAC
B00993;FREY WILLE
B00994;GAMZE
B00995;GAULOISES
B00996;GEVREY
B00997;GF FERRE
B00998;GILLETTE
B00999;GIORGIO ARMANI
B01000;GITANES
B01002;GOEBEL
B01003;GOKANKOBO
B01004;GOLD SILK
B01005;GOURJI
B01006;GRIFF
B01008;GROLSH
B01009;GU YUE LONG SHAN
B01010;GUMMY CANDY
B01011;GUY LAROCHE
B01012;HAPPY WELL
B01017;HAUT-BAILLY
B01018;HAUTS DE SAINT-ESTEPHE
B01020;HELENA RUBINSTEIN
B01021;HENDRICK'S
B01022;HERRADURA
B01023;HINE
B01025;HUBBA BUBBA
B01026;ICE WATCH
B01027;INVERNI
B01029;IRISH CREATIVE
B01030;IRISH DRESDEN
B01031;ISE WATCH
B01032;J.F.FERRE
B01033;J.P.CHENET
B01035;JACQUES FAREL
B01037;JAKKS
B01038;JANDER
B01039;JANEKE
B01040;JEAN PAUL GAULTIER
B01041;JESSIE
B01043;JOHN RICHMOND
B01044;JOHNNIE WALKER
B01045;JOHNNIE WALKER
B01046;JOICE FURS
B01047;JUDITH LEIBER
B01048;JUNFA
B01049;JUST CAVALLI
B01050;JVC
B01051;KEITH HARING
B01052;KENSINGTON
B01053;KIDZ TECH
B01054;KIEHL'S
B01055;KILLER LOOP
B01061;KING ROBERT
B01062;KINGSTON
B01063;KOLBER
B01064;KREMLIN AWARD
B01065;KWEICHOW MOUTAI
B01067;L&M
B01068;LA - TWEEZ
B01069;LA CROIX DE CHENE
B01072;LA LAGUNE
B01073;LA MER
B01074;LA ROSE BEL AIR
B01075;LA TWEEZ
B01076;LAFITE ROTHSCHILD
B01078;LANSON
B01079;LAS CAMPANAS
B01080;LAVA
B01082;LE PARVIS
B01083;LE PIGEONNIER
B01084;LEOVILLE POYFERRE
B01085;LEROCK
B01086;LES COPAINS
B01087;LES COPAINS BLUE
B01088;LES ENFANTS
B01089;LES ENFANTS TERRIBLES
B01090;LES JOLIES FILLES
B01091;LIFETRONS
B01092;LI'L WOODZEEZ
B01094;LLADRO
B01095;LOLITA LEMPICKA
B01096;LONG JOHN
B01097;LONGINES - 143
B01098;LUIS CABALLERO
B01099;LUIS MARTINES
B01100;LULU  GUINNESS
B01101;MACKINLAY'S
B01102;MAGCLIKS
B01103;MAGERIT
B01104;MAISON MARTIN MARGIELA
B01105;MAJORETTE
B01106;MAJORICA
B01107;MAKERS MARK
B01109;MANAKAS
B01110;MARC JACOBS
B01111;MARC ROZIER
B01112;MARCO FANTINI
B01113;MARGAUX
B01114;MARQUES DE IRUN
B01115;MARQUES DE LA TOURETTE
B01118;MARQUIS DU LUS
B01119;MARS
B01120;MARS, SNIKERS, BOUNTY, MILKY W
B01125;MISAKI
B01127;MOLINARI
B01128;MOMODESIGN
B01131;MONSTER
B01132;MONTBLANC
B01133;MONTROUGE
B01135;MOUNT GAY
B01136;MOZART
B01137;MUMM
B01138;NAPKIN
B01139;NARCISO RODRIGUEZ
B01140;NEWCASTLE
B01141;NISSEI
B01142;NUITS-SAINT-GEORGES
B01144;NUVO
B01146;OMEGA
B01147;OMSA
B01148;O'NEILL
B01149;ORI
B01150;ORO VITCHENZA
B01151;OXYGEN
B01153;PAL ZILERI
B01155;PANASONIC
B01156;PAPE CLEMENT
B01160;PAUL&SHARK
B01161;PAVILLON
B01162;PAVILLON DU GLANA
B01164;PERE MAGLOIRE
B01165;PERRIER
B01167;PETRUS
B01169;B01173
B01170;PIANEGONDA
B01171;PICHON COMTESSE
B01172;PIERRE BALMAIN
B01175;PLAYMATES
B01176;POLAR
B01178;POMMARD
B01179;PONTET
B01180;PORTO
B01181;PORTOLANO
B01182;POUILLY-FUISSE
B01183;PRADA
B01185;PRO ENGINE
B01186;PROTOS
B01188;PUSTEFIX
B01190;RADO
B01191;RASTAR
B01192;RAUZAN-SEGLA
B01193;RAY-BAN
B01194;RAYMOND WEIL
B01195;RAYNAL
B01196;REALTOY
B01197;REMINGTON
B01199;REVELL
B01200;RINZO
B01201;ROAMER
B01203;ROBERTA DI CAMERINO
B01204;ROBERTO CAVALLI
B01206;RORY'S STORY CUBES
B01207;ROSE ART
B01208;ROTARY
B01210;RUSSIAN AMBER
B01211;RUSSIAN DIAMOND
B01212;SAGA FURS
B01213;SAINT BERNARD
B01214;SALEM
B01215;SALITOS
B01216;SAMORENS
B01220;SANTIAGO DE CUBA
B01221;SCORPIO
B01222;SEAGRAM'S
B01223;SEIKO
B01224;SENORIO DE VAL
B01225;SENORIO DEL CONDESTABLE
B01226;SHINER TOYS
B01227;SHUI JING FANG
B01228;SIKU
B01229;SILK CUT
B01230;SIMBA
B01231;SIR EDWARD'S
B01232;SISI
B01233;SKROSS
B01234;SMART KID
B01235;SMOKEHEAD
B01236;SONIA RYKIEL
B01237;ST.-REMY
B01238;STAR TIME
B01239;STEAMCREAM
B01240;STORCK
B01241;STORK
B01242;STREAMLINE
B01243;SUNJADE
B01244;SVEDKA
B01245;SWATCH
B01246;SWISS TRAVEL PRODUCTS
B01247;TABASCO
B01248;TALIKA
B01249;TAMBER
B01250;TECH 4  KIDS
B01251;TECHNOMARINE
B01252;TERRANOBLE
B01253;TERRONIO
B01254;THE ART OF SHAVING
B01255;THE BEAUTIFUL MIND SERIES VOL
B01256;THE ONE
B01257;THE SINGLETON OF DUFFTOWN
B01258;THIERRY MUGLER
B01259;THOMSON
B01261;TIME DESIGN
B01262;TINTAMAR
B01263;TISSOT
B01264;TOLO TOYS
B01265;TOMMY HILFIGER
B01266;TONGDE
B01267;TORRE OF TUSCANY
B01268;TOSCOW
B01269;TOY STATE
B01270;TRANSCEND
B01271;TRAVALO
B01272;TREFL
B01274;TROIKA
B01275;TRUDI
B01276;TRUST
B01277;TUBORG
B01278;TULLAMORE
B01279;U.UPMANN
B01280;UNGAVA
B01281;UNISET
B01282;UNIT
B01283;V. WESTWOOD
B01284;VAN GILS
B01285;VAN SLOOTEN
B01286;VEGAS ROBAINA
B01287;VERA WANG
B01288;VEUVE CLICQUOT PONSARDIN
B01289;VICTORINOX SWISS ARMY
B01290;VIEUX
B01291;VILLA BOLGHERE
B01292;VINA HERMINIA
B01295;VITAOXYV
B01296;VOLNAY CARALLES
B01298;WERTHER'S ORIGINAL
B01299;WILD PLANET
B01300;WINX CLUB
B01301;WRIGLEY'S
B01302;WWF PLUSH COLLECTION
B01303;XQ TOYS
B01304;ZACAPA
B01305;ZENITH
B01306;ZERO
B01307;ZIP STAR
B01309;¿ Ã
B01310;¿ —≈——”¿– ‘”–
B01311;¿—“Œ–»ﬂ
B01312;¡¿¡¿≈¬— »…
B01313;¡¿… ¿À
B01315;¬≈ƒ¿
B01316;¬≈–ÕŒ—“‹  ¿◊≈—“¬”
B01317;√À¿¬—œ»–““–≈—“
B01318;ƒ¬Œ…Õ¿ﬂ ¡≈À¿ﬂ
B01320;ƒŒ¡–€…
B01321;∆»√”À»
B01322;«¿“≈…Õ» »
B01323;«≈À≈Õ¿ﬂ Ã¿– ¿
B01324;«»ÃÕﬂﬂ ƒŒ–Œ√¿
B01325;«ŒÀŒ“¿ﬂ Ã¿– ¿
B01326;«ŒÀŒ“¿ﬂ –Œ——»ﬂ
B01327;«ŒÀŒ“Œ… —¿ƒ
B01328;»√–¿≈Ã ¬Ã≈—“≈
B01329;»Ãœ≈–¿“Œ–— ¿ﬂ  ŒÀÀ≈ ÷»ﬂ
B01330; ¿”‘‘Ã¿Õ
B01331; »–Œ¬— ¿ﬂ Ã¿“–≈ÿ ¿
B01332; –¿—ÕŒ≈ «ŒÀŒ“Œ
B01333; –¿—Õ€… Œ “ﬂ¡–‹
B01334; –”∆ ¿ » ¡Œ◊ ¿
B01335; –”“€≈ ¡Œ¡€
B01336;À≈√≈Õƒ¿  –≈ÃÀﬂ
B01337;Ã¿——¿Õƒ–¿
B01338;Ã¿ÿ¿ » Ã≈ƒ¬≈ƒ‹
B01339;Ã≈ƒ¬≈ƒ‹
B01340;Ã≈ƒÕ€… ¬—¿ƒÕ» 
B01341;ÃŒÕ≈“Õ€… ƒ¬Œ–
B01342;ÃŒ— ¬¿
B01343;Ã—- ’ŒÀƒ»Õ√
B01344;Ã”À‹“» œ”À‹“»
B01346;Õ¿ÿ ¿¬“Œœ–ŒÃ
B01347;Õ≈‘“‹
B01348;Œ«≈–— »… —”¬≈Õ»–
B01349;Œ—“-¿À Œ
B01350;œ¿¬ÀŒ¬ŒœŒ—¿ƒ— »… œÀ¿“Œ 
B01351;œ¿–Ã¿
B01353;œ≈–¬¿ﬂ √»À‹ƒ»ﬂ
B01354;œŒ¡≈ƒ¿
B01355;œŒÀ»“ŒÕ
B01356;œŒ—ŒÀ‹— ¿ﬂ
B01357;–¿— ¿“
B01359;–Œ“ ‘–ŒÕ“
B01360;–”—— ¿ﬂ » –¿
B01361;–”—— »… ¡–»ÀÀ»¿Õ“
B01362;–”—— »… —“¿Õƒ¿–“
B01363;–”—— »… —“¿Õƒ¿–“
B01364;—¿¬»ÕŒ¬
B01365;—≈¬≈–Œ-¬Œ—“Œ◊Õ¿ﬂ  ŒÃœ¿Õ»ﬂ —¬ 
B01367;—Ã≈ÿ¿–» »
B01368;—Œﬁ«
B01369;—Œﬁ«Ã”À‹“‘»À‹Ã
B01371;—“≈œ œ¿«À
B01372;“≈’ÕŒœ¿– 
B01373;“–¿œ≈«Õ» Œ‘‘
B01374;”Ã ¿
B01375;‘¿–‘Œ– ¬≈–¡»ÀŒ 
B01376;‘» —» »
B01377;’Œ’ÀŒÃ¿
B01378;÷¿–— Œ≈ —≈ÀŒ
B01379;÷≈À‹—»…
B01380;◊≈–ÕŒ≈ «ŒÀŒ“Œ
B01381;ÿ¬≈œ—
B01382;ÿ”—“Œ¬
B01383;B01383
B01384;B01384
B01397;B01397
B01398;B01398
B01399;B01399
B01400;B01400
B01401;B01401
B01402;KidzTech
B01403;B01403
B01404;ICE ICEBERG
B01405;VERSACE COLLECTION
B01406;INVERNI SRL
B01407;¿·‡Û ƒ˛ÒÓ
B01408;¬» “Œ– ƒ–¿¬»Õ‹»
B01409;B01409
B01410;THE ONE
B01411;J.GALLIANO
B01412;Bourjois
B01413;DAVIDOFF COG
B01414;Spinmaster (Spy Gear)
B01415;BAGGINI
B01416;VASHERON
B01417;CEDC
B01418;ANGRY BIRDS
B01419;UNO DE
B01420;La Marquise
B01421;PERRIER-JOUET
B01422;Principe
B01423;Kondi
B01424;DIAMOD
B01425;TOVARITCH
B01426;AGENT PROVOCATEUR
B01427;TOUS
B01428;Lefortovo
B01429;Francis Kurkdjian
B01430;X-RAY PROFUMO
B01431;MC VIRTUTI
B01432;Runway Bag
B01433;Morgan and Oates
B01434;JACOB & CO
B01435;Yaffo
B01436;CDI
B01437;TOP STYLE
B01438;Jakks Fairies
B01439;Semenovo
B01440;MARKA
B01441;LAMARTIS
B01442;Carner Barcelona
B01443;LEKSIKOV
B01444;ﬂ–Œ—À¿¬Õ¿
B01445;Bino Tiani
B01446;STATUS GROUP
B01447;California wine
B01448;BOGATIRY
B01450;¿Î¸‰ÁÂÌ‡
B01451;THIMBLE
B01452;DUC d`O
B01453;UNITRON
B01454;ARCOROS
B01455;RICH
B01456;Canadian
B01457;Alexandre J
B01458;ALYSON OLDOINI
B01459;Voov
B01460;LALALOOPSY
B01461;Filly
B01462;Flying Fairy
B01463;SQUARE
B01464;Savvi
B01465;CLIVE CHRISTIAN
B01466;Asgharali
B01467;AJMAL
B01469;ASH- Ashford Handels GmbH
B01470;Dracco
B01471;Jacque Lemans
B01472;Kenneth Cole
B01473;AJ Arabia
B01474;Valentino Orlandi
B01475;Lamborghini
B01476;ZAINI
B01477;SLAVA ZAITSEV LUXURY
B01478;PERRIS MONTE CARLO
B01479;KEIKO MECHERI
B01480;AVANZO
B01481;SoOud
B01482;Roads
B01483;Agonist
B01484;EIGHT  BOB
B01485;GIULIETTA CAPULETI
B01486;MIMMINA FLOWER
B01487;BOTTEGA VENETA
B01488;Oro Gold
B01489;œŒ –Œ¬— »…
B01490;EXCELLANCE MOSCOW
B01491;12 parfumers
B01492;MAX FACTOR
B01493;Alaia
B01495;ASI
B01496;VALTERA
B01497;¿Ú œÂÏ¸Â
B01498;›—“≈“
B01499;Kesslord
B01500;Montegrappa
B01501;CARAN D'ACHE
B01502;Omas
B01503;PASSOTI
B01505;ATKINSONS
B01506;ﬁ‚ÂÎ˛ÍÒ
B01507;Omskvinprom
B01508;ABERFELDY
B01509;GLEN DEVERON
B01510;» –¿.–” ‘”ƒ—≈–¬»—
B01511;¬ÓÎ„ÓÂ˜ÂÌÒÍ˚·ıÓÁ
B01512;TSAROS
B01513;Ferrari
BACARDI;Bacardi
BAILEYS;Baileys
BAKUGAN;Bakugan
BALENCIAGA;Balenciaga
BALL_F;Ballantines Finest
BALL_G;Ballantines Gold
BALL_M;Ballantines Malt
BALLY;Bally
BALVENIE;Balvenie
BANDAI;Bandai
BAR PRODUCT;Bar Product
BARAKA;Baraka
BARBARA;Barbara
BARON;Baron
BARTLY;Bartly
BASSETTS;Bassets
BBURAGO;Bburago
BEAU RIVAGE;Beau Rivage
BEAUTIFUL MIND;Beautiful Mind
BEBELINO;Bebelino
BECCA;BECCA
BECHEROVKA;Becherovka
BEEFEATER;Beefeater
BELLEGARDER;Bellegarde
BELLS;Bells
BELUGA;Beluga
BELVEDERE;Belvedere
BEN_HED;Ben Hedges
BENBAT;BenBat
BERNEROY;Berneroy
BEST TOYS;Best Toys
BIOTHERM;Biotherm
BLACK BARRELL;Black Barrell
BLAVOD;Blavod
BLISS;Bliss
BLUHMOD;BLUHMOD
BLUMARINE;Blumarine
BOADICEA;Boadicea
BODY SHOP;BODY SHOP
BOLS;Bols
BOMB_SAPH;Bombay Saphire
BON AQUA;Bon Aqua
BONCOURT;BONCOURT
BONDIBON;Bondibon
BORDER;Border Biscuits
BOSCO ACTIVE;BOSCO Active
BOSCO ORIGINAL;BOSCO Original
BOSS;BOSS
BOSS_BAL;BALDESSARINI
BOSS_HUGO;BOSS_HUGO
BOUNTY;Bounty
BOWMORE;Bowmore Scotch
BRACCIALINI;BRACCIALINI
BRATZ;Bratz
BREITLING;Breitling
BRIC'S;Bric's
BRIDGE;Bridge
BRIGHT STARTS;BRIGHT STARTS
BROSWAY;Brosway
BRUICHLADDICH;BRUICHLADDICH
BUGATTI;Bugatti
BURBERRY;Burberry
BURN;Burn
BUSHMILLS;Bushmills
BUZZ BEE TOYS;Buzz Bee Toys
BVLGARI;Bvlgari
BYREDO;Byredo
C_CAMBELL;Clan Cambell
C_HERRERA;CAROLINA HERRERA
C_MORGAN;Captain Morgan
C_PARTEGAS;Club-Partegas
C_REY;Cuesta Rey
C_SARK;Cutty Sark
C_SWISS;Chronoswiss
CABERNE;Caberne
CABERNET;Cabernet
CACHAREL;CACHAREL
CADBURY;Cadbury
CAFE_CREME;m
CAFFEE TASSE;Caffee Tasse
CAILLER;Cailler
CALVIN KLEIN - COTY;Calvin Klein - COTY
CAMEL;Camel
CAMPARI;Campari
CAMUS;Camus
CAOL ILA;Caol Ila
CARAN D'ACHE;Caran D'ache
CARDHU;CARDHU
CARLA FRACCI;Carla Fracci
CARMENER;Carmener
CAROLEE;Carolee
CAROLINA HERRERA;Carolina Herrera
CAROLINS;Carolins
CARON;Caron
CARRERA;CARRERA
CARRERA KIDS;Carrera Kids
CARTIER;Cartier
CASSIDY BROTHERS;Cassidy Brothers
CAVALLI;CAVALLI
CAVALLI_J;CAVALLI_JUST
CAVALLI_R;CAVALLI_ROBERTO
CD;CD
CDLM;CDLM
CELEBRAT;Cla merelebrations
CELINE;CELINE
CELLCOSMET;CELLCOSMET&CELLMEN
CELLULARLINE;Cellularline
CHABOT;Chabot
CHANEL;CHANEL
CHAP MEI;Chap Mei
CHAPELLE;Chapelle
CHARDONE;Chardone
CHARDONNAY;Chardonnay
CHATEAU;Chateau
CHATEAU BARET;Chateau Baret
CHATEAU BATAILLEY;Chateau Batailley
CHATEAU BEAU;Chateau Beau
CHATEAU BEL AIR;Chateau Bel Air
CHATEAU BERGAT;Chateau Bergat
CHATEAU CAPET;Chateau Capet
CHATEAU DU DOMAINE;Chateau Du Domaine
CHATEAU HAUT;Chateau Haut
CHATEAU LA BOUADE;Chateau La Bouade
CHATEAU LAMOTHE;Chateau Lamothe
CHATEAU LYNCH;Chateau Lynch
CHATEAU TROTTE;Chateau Trotte
CHATELLE;Chatelle Napoleon
CHIANTI;Chianti
CHIVAS;CHIVAS
CHLOE;Chloe
CHOPARD;CHOPARD
CHRONOSWISS;CHRONOSWISS
CHRONOTECH;Chronotech
CHUGGINGTON;Chuggington
CHURCHILLS;Churchills
CINZANO;Cinzano
CITIZEN;Citizen
CITY TOYS;City Toys
CK;Calvin Klein
CLARA BIJOUX;Clara Bijoux
CLARINS;Clarins
CLARISONIC;Clarisonic
CLEMENT;Clement
CLEMENTONI;Clementoni
CLINIQUE;Clinique
CLOUDZ;Cloudz Travel Accessories
CLYNELISH;Clynelish
COCA COLA;Coca Cola
COCCINELLE;Coccinelle
CODELLO;Codello
COEUR DE LION;Coeur de Lion
COHIBA;Cohiba
COINTREAU;Cointreau
COMBINACIONES;Combinaciones
CONCORD;Concord
CONDE;Conde
COOLEY DISTILLERY;COOLEY DISTILLERY
CORONAS;Coronas
CORUM;Corum
COURVOISIER;Courvoisier
CRAB MEAT;Crab meat
CRASHLINGS;Crashlings
CRAYOLA;Crayola
CREED;Creed
CREMA GIANDULA BOTTE;Crema Guandulla Bottega
CUARZO;Cuarzo
CUBICFUN;Cubic Fun
CUERVO Y SOBRINOS;Cuervo y Sobrinos
CVK;—Â‚ÂÓ-¬ÓÒÚÓ˜Ì‡ˇ  ÓÏÔ‡ÌËˇ —¬ 
D BY FLOYA;D by Floya
D_G;D&G
D_PERIGNON;Dom Perignon
D_ROTH;D_ROTH
D_SENECHAUX;Domaine des Senechaux
DAESUNG TOYS;DAESUNG TOYS
DAILRADE;DAILRADE GUNTVE ÀËÚÓ‚ ÍÂ‡ÏËÍ‡
DAIM;Daim
DALMORE;Dalmore
DALWHINNIE;Dalwhinnie
DANOVA SOUVENIRS;DANOVA SOUVENIRS
DANSKA;Danzka
DANZIGER;DANZIGER
DAVIDOFF;Davidoff
DE LUNA LUXE;De Luna Luxe
DE_LA_PRADA;Agatha Ruiz De La Prada
DELSEY;Delsey
DE'LUNA;De'Luna
DESIGN GO;Design Go
DESIGUAL;DESIGUAL
DEWARS;Dewars
DIAGEO;DIAGEO
DIESEL;DIESEL
DILAN;Dilan
DIMPLE;Dimple
DIOR;Dior
DIOR KIDS;Dior Kids
DIPTYQUE;Diptyque
DISNEY;Disney
DKNY;Donna Karan New York
DOLCE_GAB;DOLCE_GABBANA
DOLLS;Dolls
DOMAINE;Domaine
DON JULIO;Don Julio
DOVE;Dove
DR_DRE;Beats by Dr.Dre
DRAGON;Dragon
DRAMBUIE;Drambuie
DROVA;DROVA
DRUM;Drum
DSQUARED;Dsquared
DSQUARED2;Dsquared2
DUBONNET;Dubonnet
DUC_ DOR;Duc D'or
DUKAT;Dukat
DUNHILL;Dunhill
DUPONT;DUPONT
DVD;DVD
DYRBERG KERN;DYRBERG KERN
E.ARDEN;Elizabeth Arden
E_LAUDER;Estee Lauder
EARNSHAW;Earnshaw
ECHO;Echo
ED HARDY;ED Hardy
EGGS;Eggs
ELARI;ELARI
ELIE SAAB;Elie Saab
ESCADA;Escada
ESCENTRIC MOLECULES;Escentric Molecules
ESTER BIJOUX;Ester Bijoux
ETRO;ETRO
EUGANEAN HILLS/PADUA;EUGANEAN HILLS/PADUA
EURO MAP;Euro Map
EVE;Eve
EVERVESS;EVERVESS
EVIAN;Evian
EXPRESSION;Expression
F.A.GIOELLI;F.A.Gioelli
F_GROUSE;Famous Grouse
F_ROCHER;Ferrero Rocher
FAIRYTALE FOREST;Fairytale Forest
FALCA;Falca
FAMILY;Family Heritage
FAMOSA;Famosa
FANTA;Fanta
FARMHOUSE;Farmhouse Biscuits
FASHION ANGELS;Fashion Angels
FAZER;Fazer
FCONSTANT;Frederique Constant
FEDOSKINO;‘Â‰ÓÒÍËÌÓ
FENDI;Fendi
FERAUD;FERAUD
FERRARI;Ferrari
FERRE;FERRE
FILA;Fila
FINLANDIA;Finlandia
FIOR LIQUOR;Fior Liquore
FLAGMAN;Flagman
FLOYA;Floya
FOSSIL;Fossil
FRANCK BOCLET;FRANCK BOCLET
FRANGELICO;Frangelico
FRAPIN;Frapin
FUNRISE;FUNRISE
FURLA;FURLA
G_F_FERRE;Gianfranco Ferre
G_GARIOCH;G_GARIOCH
G_GENTA;Gerald Genta
G_GOOSE;Grey Goose
GALAXY;GALAXY DEFENDER
GALLERY;Gallery
GALLIANO;GALLIANO
GAMUCCI;Gamucci
GANCIA;GANCIA
GAULOISE;Gauloise
GEMTIQUE;Gemtique
GENERAL DE JUGUETES;General De Juguetes
GENTLEMEN`S TONIC;Gentlemen`s Tonic
GEORGIA;„ÛÁËˇ
GIORGIO FEDON;Giorgio Fedon
GIRLIE STYLE;Girlie Style
GIVENCHY;Givenchy
GLAMOUR;Glamour
GLAVSPIRT;GLAVSPIRT
GLEN ORD;Glen Ord
GLEN WLGIN;Glen Elgin
GLENF;Glenfiddich
GLENGOYNE;Glengoyne
GLENKINCHI;Glenkinchi
GLENLIVET;Glenlivet
GLENMORANGIE;Glenmorangie
GLENROTHES;Glenrothes
GO_INT;Go International
GODIVA;Godiva
GOLDBERGER;Golberger
GOLDKENN;Goldkenn
GOLDLOK;Goldlok
GONHER;Gonhcler
GORDONS;Gordons
GRAFIX;Grafix
GRAGGANMORE;Gragganmore
GRAN_MARNIER;Grand Marnier
GRANTS;Grants
GRAPPA;Grappa
GRIFFINS;GRIFFINS
GUCCI;GUCCI
GUCCI KIDS;GUCCI KIDS
GUDO;Qudo
GUENTHER;Guenther
GUERLAIN;Guerlain
GUESS;GUESS
GUINNESS;Guinness
GUYLIAN;Guylian
GZHEL;GZHEL
H.UPMANN;H.Upmann
H_S;Hammer & Sohne
HAIG;Haig
HAMA;Hama
HAMILTON;Hamilton
HANDGUM;Hand Gum
HANSE;HANSE
HAPPY PLUGS;Happy Plugs
HARIBO;Haribo
HARV_CREAM;Harveys Cream
HASBRO;Hasbro
HAUSBRANDT;Hausbrandt
HAV;Havainas
HAVAIANAS;Havaianas
HAVANA;Havana Club
HD;Hot Diamonds
HDM;Hot Diamonds men
HEINEKEN;Heineken
HELENA RUBINSTEIN;HELENA RUBINSTEIN
HELLO KITTY;Hello Kitty
HENDRICKS;Hendricks
HENNESSY;Hennessy
HERMANN TEDDY;Hermann Teddy
HERMES;Hermes
HERPA;Herpa
HERRADURA;HERRADURA
HIENEKEN;Heineken
HIGHLAND PARK;Highland Park
HILFIGER;HILFIGER
HIP HOP;Hip Hop
HISTOIRES DE PARFUM;Histoires de Parfum
HOHLOMA;HOHLOMA
HOLUY;Holuy
HOUBIGANT;HOUBIGANT
HOYO;Hoyo
HUBLOT;Hublot
HUGO BOSS;HUGO BOSS
IAIN SINCLAIR;Iain Sinclair
IAN AND VALERY CO;Ian and Valery Co
ICE_TEA;Ice Tea
ICEBERG;Iceberg
IDEAL;Ideal
INNERGIE;Innergie
INSIDE OUT;INSIDE OUT
IRISH MIST;Irish Mist
ISLE_JURA;Isle Jura
ISSEYMIY;ISSEYMIYAKE
IWC;IWC
J CUE;Jose Cuervo
J_B;J&B
J_BEAM;Jim Beam
J_CHOO;Jimmy Choo
J_COUTURE;Juicy Couture
J_DANIELS;Jack Daniels
J_DESTR;Jules Destrooper
J_RICHARD;Jean Richard
J_SANDER;Jil Sander
JACOB & CO;Jacob & Co
JACOB'S CREEK;Jacob's Creek
JAKKS PACIFIC;Jakks Pacific
JAMES BOND;JAMES BOND
JAMESON;Jameson
JANEKE;JANEKE
JANNEAU;JANNEAU
JB;Jelly Belly
JCB;JCB
JLC;JAEGER LE COULTER
JLO;JLO
JM;JM
JOLI;Joli
JOWISSA;Jowissa
JOY TOY;Joy Toy
JPG;JPG
JUICE BEAUTY;Juice Beauty
JULIETTE HAS A GUN;JULIETTE HAS A GUN
JUST PLAY;Just Play
JV;John Varvatos
JW;JW
JWB;JW Black
JWM;JW Malt
JWR;JW Red
K BY KILIAN;K by Kilian
KAHLUA;Kahlua
KALOO;Kaloo
KAMCHADAL;Kamchadal
KARL_LAG;Karl Lagerfeld
KAZUMIAN;Kazumian
KDLAB ARAREE;Kdlab Araree
KEEL TOYS;KEEL TOYS
KEEL_TOYS;Keel Toys
KENT;Kent
KENZO;Kenzo
KIDZTECH;KidzTech
KILLER_LOOP;KILLER_LOOP
KIMMI;Kimmi
KINDER;Kinder
KING_EDW;KING_EDW
KINSKI;Kinski
KIPLING;KIPLING
KIT_KAT;Kit Kat
KNAPPOGUE;KNAPPOGUE
KODKOD;KODKOD
KONFAEL;KONFAEL
KORKUNOV;Korkunov
KORLOFF;Korloff
KRUG CHAMP;Krug Champagne
KRUSELL;Krusell
KUKLI MASLENNIKIVOY;KUKLI GALINI MASLENNIKOVOY
KVASS;Russkyi Dar
KYUTEC;Kyutec
L_ MARTINEZ;Luis Martinez
L_BAILEYS;Lir Baileys
L_GIN;Larios Gin
L_PERRIER;Laurent Perrier
L_RUM;Lambs Rum
LA BAGAGERIE;La Bagagerie
LA CHANCE;La Chance
LA VIEILLE;La Vieille
LA_PERLA;La Perla
LA_PRA;La Prairie
LABORATORIO MILANO;Laboratorio Milano
LACOSTE;LACOSTE
LACROIX;LACROIX
LADOGA;Ladoga
LAGREZETTE;Lagrezette
LAMARTHE;Lamarthe
LANCASTER;Lancaster
LANCEL;Lancel
LANCOME;Lancome
LANPHROAIG;Laphroaig
LANVIN;Lanvin
LAPPONIA;Lapponia
LAROCHE;LAROCHE
LAUBADE;Laubade
LAURA BIAGIOTTI;Laura Biagiotti
LAURA MILANO;Laura Milano
LAVALINIERE;Lavaliniere
LB;LB
LE BOUQUET;Le Bouquet
LE TANNEUR;Le Tanneur
LE VILLAGE;Le Village
LEGO;Lego
LEONARD;Leonard
LEPOW;Lepow
LES CONTES;Les Contes
LES TERRES;Les Terres
LIMONCELLO;Limoncello
LIMONCINO;Limoncino
LINDT;Lindt
LITTLE TIKES;Little Tikes
LLORENS;Llorens
LM;LM
LOCCITANE;LOCCITANE
L'OCCITANE;L'Occitane (old)
LOEWE;LOEWE
LOGIC3;Logic3
LOGITECH;Logitech
LONGCHAMP;LONGCHAMP
LOREAL_MM;Loreal Mass Market
LOZZA;LOZZA
LUCKY STRIKE;Lucky Strike
LUNAVIT;Lunavit
M DEW;Mauntain Dew
M&M;M&M
M&O;M&Oe
M_KORS;Michael Kors
M_LYNCH;Michel Lynch
M_MARK;Maker's Mark
MACALLAN;Macallan
MALIBU;Malibu
MALTESERS;Maltesers
MAMBA;Mamba
MAMONT;Mamont
MANI;Mani
MANOIR;MANOIR
MANTERO;MANTERO
MARLBORO;Marlboro
MARMELANDIA;Marmelandia
MARS;Mars
MARTELL;Martell
MARTINI;Martini
MARUSYA;Marusya
MASQUE;Masque
MATRIOSHKA;Matrioshka
MATTEL;Mattel
MAUI TOYS;Maui Toys (Sky Balls)
MAUI_JIM;MAUI JIM
MAX_KIENE;MAX_KIENE
MAXI TOYS;Maxi Toys
MBLANC;MBLANC
ME TO YOU;Me to you
MEDIA PRESS;Media Press
MEGA BLOKS;MEGA BLOKS
MEIRAT T;Meirat T
MELLER;Meller
MEMO;Memo
MENTOS;Mentos
MERCI;Merci
MERIT;Merit
MERLOT;Merlot
METAXA;Metaxa
MEUKOW;Meukow
MEVIUS;Mevius
MGAE;MGAe
MICALLEF;Micallef
MIDLETON;Midleton
MILD_SEVEN;Mild Seven
MILKA;Milka
MILKY WAY;Milky Way
MILUS;Milus
MINTTU;Minttu
MIRABELL;Mirabell
MIRINDA;Mirinda
MISS SIXTY;MISS SIXTY
MISSONI;MISSONI
MIU_MIU;MIU_MIU
MIWORLD;Miworld
MJ;Mark Jacobs
MOET_CH;Moet & Chandon
MOJITO;ÃÓıËÚÓ
MOLINARY;Molinary
MOMAX;Momax
MON CHERI;Mon Cheri
MONDO;Mondo Motors
MONDORO;Mondoro
MONELLA;Monella
MONK;Monk
MONSUNO;Monsuno
MONTALE;Montale
MONTECR;Montecristo
MOOSE;Girlie Style
MORGAN;Morgan
MORTLACH;MORTLACH
MOSCHINO;Moschino
MOSKOVSKAYA;Moskovskaya
MOSKOVSKYI BRANDY;Moskovskyi Brandy
MOTORMAX;MOTORMAX
MOULIN;Moulin
MOULIN DE PAUMIRAC;Moulin de Paumirac
MOULINDESAINT;Moulin de Saint
MOUNTAINS;Mountains
MOUTAI;Moutai
MOXIE;Moxie
MOZART;MOZART
MSTERA;ÃÒÚÂ‡
MUGLER;THIERRY MUGLER
MULTI-PULTI;Multi-Pulti
MUMM;Mumm
N_RICCI;Nina Ricci
NANO SPEED;Nano Speed
NANODOTS;NANODOTS
NEDERBURG;NEDERBURG
NEMIROFF;Nemiroff
NESQUIK;Nesquik
NESTEA;Nestea
NESTLE;Nestle
NICI;Nici
NIKE;Nike
NO BRAND;No Brand
NOMINATION;Nomination
NORMANDY;Normandy
NORTH EAST;North East Company
NOUVELLE BAGUE;Nouvelle Bague
NOVII SVET;Novii Svet Wines
NRODRIGUES;Narciso Rodrigues
NUTELLA;Nutella
OAKLEY;OAKLEY
ODOYO;Odoyo
OKKI;Okki
OLIVER WEBER;Oliver Weber
OLLVIN;Ollvin
OLMECA;Olmeca
OPI;OPI
ORBIT;Orbit
OREO;Oreo
OTARD;Otard
OVECHKIN;Ovechkin
OVERSEAS;OVERSEAS
OXETTE;Oxette
OXYDO;OXYDO
P_CARDS;Playing Cards
P_CLARENCE;P.CLARENCE
P_RABANNE;Paco Rabanne
PADDY;Paddy
PALEKH;œ‡ÎÂı
PALLINI;Pallini
PARIS HILTON;Paris Hilton
PARLAMENT;Parliament
PARTAGAS;Partagas
PASHMA;PASHMA
PATERNINA;Paterni¿na
PATONS;Patons
PATRON;Patron Spirit Company
PAUILLAC;Pauillac
PAUL SAPIN;Paul Sapin
PAW PATROL;Paw Patrol
PECCATO;PECCATO ORIGINAL
PEPE_LOPES;Pepe Lopes
PEPSI;Pepsi
PERNOD;Pernod
PERSOL;Persol
PHILIPS;Philips
PHOTOFAST;PhotoFast
PIAGET;Piaget
PIATNIK;Piatnik
PICASSO;PICASSO
PINKY;Pinky Vodka
PINNACLE;Pinnacle
PINOT NOIR;Pinot Noir
PIPER_HEIDSIECK;Piper Heidsieck
PIQUADRO;Piquadro
PLUSH APPLE;PLUSH APPLE
POLAROID;Polaroid
POLICE;POLICE
POLICE KIDS;POLICE KIDS
POLIGLOT;Poliglot
POLLINI;Pollini
POLO;Polo
POROG;POROG
PORSCHE;Porsche Design
POWER RANGERS;Power Rangers
POWERS;Powers
PPM;œ‡‚ÎÓ‚ÓÔÓÒ‡‰ÒÍ‡ˇ Ï‡ÌÛÙ‡ÍÚÛ‡
PRADA;Prada
PRADA_SP;PRADA_SPORT
PREMIER;Premier Portfolio
PRUDENCE;Prudence
PUCCI;PUCCI
PULPY;PULPY
PUTINKA;PUTINKA
PYRAT;Pyrat
PYRENE;Pyrene
Q_STREET;Quality Street
QUIKSILVER;QuikSilver
R.B.R;Rouge Bunny Rouge
R_DUBUIS;Roger Dubuis
R_MARTIN;Remy Martin
R1;R1
RADLEY;RADLEY
RALPH;Ralph
RALPH LAUREN;RALPH LAUREN
RAMON MOLVIZAR;Ramon Molvizar
RANCE;Rance
RASTAR;Rastar
RAVENSBURGER;Ravensburger (Tiptoi)
RAY_BAN;Ray Ban
RAY_BAN_JUNIOR;RAY_BAN_JUNIOR
RC;Roberto Coin
REBEL YELL;Rebel Yell
RED BULL;Red Bull
REGAL;Regal
REGINA SCHRECKER;Regina Schrecker
REMINGTON;Remington
REMY;Remy
RENATO BALESTRA;Renato Balestra
RICH;Rich
RIGLI;RIGLI
RIMOWA;Rimowa
RIO;Rio
RIOJA;Rioja
RIZLA;Rizla
RLAUREN;Ralph Lauren
ROBERTO BRAVO;Roberto Bravo
ROBIN RUTH;ROBIN RUTH
ROECKL;Roeckl
RONNEFELDT;Ronnefeldt
ROSE_CO;ROSE_CO
ROTHM;Rothmans
ROXY;Roxy
RS_GOLD;Russian Standart Gold
RS_IMPERIA;Russian Standart Imperia
RS_ORIG;Russian Standart Original
RS_PLAT;Russian Standart Platinum
RUGGEAR;Rug Gear
RUINART;RUINART
RUS ORIGINAL OLYMPIC;Rus Original Olympic
RUS_DIAM;RUS_DIAMOND
RUSCAVHOUSE;–ÛÒÒÍËÈ »ÍÓÌ˚È ƒÓÏ
RUSS;Russ
RUSS_B;Russ Berrie
RUSSIA ACTIVE;Russia Active
RUSSIA FASHION;Russia Fashion
RUSSIA ORIGINAL;Russia Original
RVK;RVK
RYJ;Romeo Y Julieta
S_COMF;Southern Comfort
S_FERRAGAMO;Salvatore Ferragamo
S_GIN;Seagrams Gin
S_RYKIEL;Sonia Rykiel
SAIMAA;SAIMAA
SALES PRESS;Sales Press
SALVADORD;SalvadorD
SAMBUCA;Sambuca
SAMSONITE;Samsonite
SANDARA;Sandara
SANDARA L;Sandara Luxe
SANDEMAN;Sandeman
SAUVIGNON;Sauvignon
SAUZA;Sauza
SAVE_QUEEN;Save The Queen
SCAPA;Scapa
SCATOLA DEL TEMPO;Scatola del Tempo
SCHCHARD&FRIESE;Schchard & Friese
SCHUCHARD&FRIESE;Schuchard&Friese
SCHWEPPES;Schweppes
SCUDFERRARI;SCUDFERRARI
SECTOR;Sector
SEEBERGER;Seeberger
SENNHEISER;Sennheiser
SERAPHIN;Seraphin
SERGE LUTENS;SERGE LUTENS
SEV_COM;SEV_COM
SEVIGNE;SEVIGNE
SH;Stefan Hafner
SHABLOOL;Shablool
SHAIKH;Shaikh
SHAMROCK GIFT;Shamrock Gift Company
SHARMEL;Sharmel
SHERIDANS;Sheridans
SHISEIDO;Shiseido
SIGLO;Siglo
SILHOUETTE;SILHOUETTE
SILKCUT;Silkcut
SILLAGE;SILLAGE
SIMPKINS;Simpkins
SINGLETON;Singleton
SISLEY;Sisley
SKAGEN;Skagen
SKITTLES;Skittles
SKROSS;Skross
SKULLCANDY;Skullcandy
SLAVA ZAITSEV LUXURY;SLAVA ZAITSEV
SMARTIES;Smarties
SMINT;Smint
SMIRNOFF;Smirnoff
SMS AUDIO;SMS AUDIO
SNICKERS;Snickers
SNOWMEN;Snowmedn
SOBRANIE;Sobranie
SOCHI SO BEAUTIFUL;Sochi So Beautiful
SOCHI SO GREAT;Sochi So Great
SOCHI.RU 2014;SOCHI.RU 2014
SONATA;SONATA
SONY;Sony
SOSOMA;Sosoma
SOUVENIRS;Souvenirs
SOVETSKOE;Sovetskoe
SPASSKAYA TOWER;Spasskaya Tower
SPIN MASTER;Spin Master
SPRITE;Sprite
ST_BREND;Saint Brendan's
ST_EXPR;State Express
ST_MC;STELLA MCCARTNEY
STARBROOK;STARBROOK
STETSON;Stetson
STIMOROL;Stimorol
STING;STING
STM;Stella McCartney
STOLICHNAYA;Stolichnaya
STRATHISLA;Strathisla
STROCHKOV;»œ —ÚÓ˜ÍÓ‚
STUFF;STUFF
SUDIO;Sudio
SULA;Sula
SUPERKINGS;SUPERKINGS
SWAROVSKI;SWAROVSKI
SWEET TALK;SWEET TALK
SWISS MILITARY;Swiss Military
SWISS SMILE;SWISS SMILE
SYLVANIAN FAMILIES;Sylvanian Families
T_DEW;Tullamore Dew
T_HEUER;Tag Heuer
T_SABO;T.SABO
TACTIC;TACTIC
TAF TOYS;Taf Toysv
TALISKER;Talisker
TANQUERAY;Tanqueray
TARELKI;Tarelki
TEACHERS;Teacher's
TECH 4 KIDS;TECH 4 KIDS
TEELING;Teeling
TESORO;Tesoro
TESSERON;Tesseron
TEXIER;Texier
TEXIER SA;TEXIER SA
TEXIMPORT;Teximport
TIC TAC;Tic Tac
TIFFANY;Tiffany
TIGER EYE;Tiger eye
TIMBERLAND;Timberland
TIN TREATS;Tin Treats
TOBLERONE;Toblerone
TOD'S;Tod's
TOFIFEE;Tofifee
TOM_FORD;Tom Ford
TOMASSINI;Tomassini
TOMMY;Tommy
TOSCOW;TOSCOW
TOY WATCH;Toy Watch
TOYSTATE;TOYSTATE
TRAD CRAFT;Trad Craft
TRADITION;Tradition Baccarat
TRAVEL_SWISS;Travel Swiss
TRI;Travel Retail Innovations
TRIDENT;Trident
TROPICANA;Tropicana
TRUDI;Trudi
TRUNKI;Trunki
TRUSSARDI;TRUSSARDI
TSARINE;TSARINE
TSARSKAYA;Tsarskaya Vodka
TUMI;Tumi
TWIX;Twix
TWO OCEANS;TWO OCEANS
U-BOAT;U-Boat
UMKA;”ÏÍ‡
UN;Ulysse Nardin
UNDERBERG;Underberg
UNEEDA;Uneeda
UNITEDCONF;United Confectioners
UNO;Uno
V_CLIQ;Veuve Cliqout
V_DUDKA;Vodka Dudka
V_DVOIN_ZOLOT;Vodka Dvoinaya Zolotaya
V_KRISTALL;Vodka Kristall
V_R;Victor&Rolf
VALDOBBIADENE;VALDOBBIADENE
VALENTIN YUDASHKIN;VALENTIN YUDASHKIN
VALENTINO;Valentino
VALSER;Valser
VAN CLEEF;VC&A
VARTA;Varta
VDOHNOVENIE;Vdohnovenie
VEDA;VEDA
VELVET;Black Velvet
VENUS;¬ÂÌÂ‡
VERSACE;Versace
VERSACE - EUROITALIA;Versache - EUROITALIA
VERSUS;Versus
VERTU;Vertu
VICHE;VICHE PITIA
VICTORINOX;Victorinox
VIKTOR&ROLF;Viktor&Rolf
VILEBREQUIN;Vilebrequin
VIP WATCHES;VIP Watches
VIVID;Vivid
VOGUE;VOGUE
VOOV;Voov
W&M;Whyte & Mackay
WEB;Web
WELDER;Welder
WELLY;Welly
WERTHERS;Werthers
WESC;WeSC
WEST;West
WHITE GOLD;White Gold
WHITE HORSE;White Horse
WILLIAM LAWSON'S;William Lasowson's
WINE;Wine - LVMH
WINSTON;Winston
WOODFORD;Woodford
WRIGLEY;Wrigley
WRIGLEY`S;WRIGLEY`S
WYLER;Wyler
XENTA;Xenta
XQ;XQ
XUXU;Xuxu
Y_DOLG;Y_DOLG
YA;Ya
YAT MING;Yat Ming
YE!!;YE!!
YOKO EUROPEARLS;Yoko Europearls
YSL;Yves Saint Laurent
YVES LAMBERT;Yves Lambert
YVES SAINT LAURENT;YVES SAINT LAURENT
ZACAPA;Zacapa
ZAKKA;Zakka
ZAPF;Zapf
ZEGNA;Zegna
ZEST;Zest
ZHORYA;ZHORYA
ZINO;Zino
ZOOBLES;Zoobles
ZVER;ZVER
ZVEZDA;«‚ÂÁ‰‡
ZYR;ZYR
¿ Ã;¿ Ã
¡ŒÕ¿;¡ÓÌ‡
¬»““≈À‹;¬»““≈À‹
√Œ–Œƒ Ã¿—“≈–Œ¬;√ÓÓ‰ Ã‡ÒÚÂÓ‚
ƒ€ÃŒ¬;ƒ˚ÏÓ‚
∆Œ—“Œ¬Œ;∆ÓÒÚÓ‚Ó
«≈À≈Õ¿ﬂ Ã¿– ¿;«ÂÎÂÌ‡ˇ Ï‡Í‡
»Ãœ≈–»¿À;»Ãœ≈–»¿À
 ¿–¿–¿Ã¿; ‡‡‡Ï‡
 ŒÕ‘¿›À‹; ŒÕ‘¿›À‹
Ã¿»—“Œ;Ã‡ËÒÚÓ
Ã¿–—;Ã‡Ò
Ã»Õ» Ã¿›—“–Œ;ÃËÌË Ã‡˝ÒÚÓ
Ã»–  ¿–¿“€ÿ≈ ;ÃË  ‡‡Ú˚¯ÂÍ
œ≈–‹≈;œ≈–‹≈
œŒ –Œ¬— »…;œÓÍÓ‚ÒÍËÈ ÔˇÌËÍ
œŒ—”ƒ¿;œŒ—”ƒ¿
—“»‘;—ÚËÙ
—”¬≈Õ»–54;—Û‚ÂÌË54
“≈’ÕŒœ¿– ;Technopark
“ŒÕ”—;ÚÓÌÛÒ
‘¿¡≈–∆≈;‘‡·ÂÊÂ
ﬂ–Œ—À¿¬Õ¿;ﬂÓÒÎ‡‚Ì‡
