SUPPLIER_ID_DF;SUPPLIER_ID_DP;NAME
310;443;ABBYY
1019;1138;ABSOLUT CO
1021;1140;AEON SKY
388;521;AEROFIRST_RBN
323;456;AEROMAR
394;527;AERTEC INTL LTD
484;618;AF_DM
562;696;AGATHA
309;442;AGROSECO
1145;1264;AIR AFFINITY LIMITED
5724;6783;AIR Affinity Limited
1054;1173;AIRESS BP 2005 ARBENT
5402;6618;AJMAL
965;1084;ALCOMARQUES
837;968;ALD INT FASHION
449;583;ALESER ннн
1058;1177;ALEXANDER MCQUEEN
769;902;ALFA-ALYANCE
569;703;ALFRED DUNHILL GMBH
801;934;ALKODIS ALCOSERVICES
359;492;ALKOMIR OOO
966;1085;ALLIED BRANDS
328;461;ALMAX
474;608;ALMEIRA OOO
935;1054;ALOKOZAY
945;1064;ALTADIS
1132;1251;ALVIERO MARTINI
332;465;AMADEUS
809;942;AMBASSADORS CHOICE
534;668;AMBREA SARL
953;1072;AMKA OY/AB
645;779;ANNICK GOUTAL
5432;6650;ANTHIME MOULEY
866;997;ANTWERP DESIGN
448;582;APC-FOUDS OOO
424;557;APOLLO ELECTRONICS
1148;1267;ARCOROS INC.
5725;6784;ARCOROS Inc.
802;935;ARF INTER-TECHSERVICE
465;599;ARMAGON OOO
399;532;ARSENTIEV CMP
5374;4780;Art Alliance Delux LTD
529;663;ART ALLIANCE DELUXE LTD
181;315;ART ALLIANCE LLC
530;664;ART ALLIANCE LTD (UK)
5723;6782;Art Alliance LTD (UK)
418;551;ART BAZAR GR
331;464;ART VIDEO INT
330;463;ART-BOOKS LTD
828;961;ARTIS ORBIC - IRISH
644;778;ARTISAN PARFUME
5718;6778;ASHFORD
1149;1268;ASHFORD HANDELS GMBH
960;1079;AST
963;1082;ASTROPEL
772;905;A.T.CROSS LTD
5639;6723;AUTOGRAPH TRAVEL LIMITED
1139;1258;AVALANCHE
735;868;AVANTA ELECTRONICS
446;580;AVIATOR
1037;1156;AYDYA LTD TRAVALO MC SKY
975;1094;BACARDI GMBH
5833;6874;BAIKAL JSL
5433;6651;BALLY SA I VIA INDUSTRIA
738;871;BALMAIN
737;870;BALMAIN WATCH
740;873;BARAKA JEW-GENERLUX
739;872;BARAKA WATCH
968;1087;BARDINET SA
944;1063;BAT (ROTHMANS INT)
736;869;BAUME & MERCIER SA
5681;6759;Be Keen Limited
1020;1139;BEAM SUNTORY
1064;1183;BEAUTE PRESTIGE INTL
1060;1179;BEIERSDORF
397;530;BELLIGEN TD
348;481;BELUGA ARK ннн
1066;1185;BENTLEYS
1067;1186;BERRY BROS & RUDD
5721;6781;BEST WINE
1150;1269;BEST WINE CORPORATION
972;1091;BEVERAGES&TRADING
340;473;BIONT LTD RBN
974;1093;BISQUIT COGNAC
741;874;BJ FITZPATRICK & CO
969;1088;BLAVOD DRINKS LTD
1061;1180;BLUMER SCHMUCKWAREN
1128;1247;BOBBY BROWN
5427;6645;BODY SHOP
1065;1184;BOLLINGER CHAMPAGNE
971;1090;BOLS SP.Z.O.O
420;553;BONA ZAO
452;586;BORALEX
970;1089;BORIE-MANOUX WINES
1063;1182;BOXIT
663;797;BPI
5434;6652;BRACCIALINI
806;939;BRAUN
584;718;BREITLING/DARROW GROUP
1023;1142;BREO LTD
5429;6647;BRIC'S
827;960;BRONCES E.TORTOSA S.
967;1086;BROWN FORMAN BEVERAGE
1062;1181;BUCHERER
1022;1141;BUCKLEY
1141;1260;BVLGARI
538;672;BVLGARI PARFUME
1153;1359;B001  IRISH BAR
1154;1360;B002  FRESH BAR
1070;1189;CADBURRYS INT
1072;1191;CALCIO SWISS
628;762;CALVIN KLEIN WATCHES
978;1097;CAMUS INTERNATIONAL
807;940;CANON OY EURO
770;903;CARAN D'ARCHE
863;994;CAROLE PLUS GOLDOAK
743;876;CARRERA JEWELLERY
742;875;CARRERA WATCHES
689;823;CARTIER INT 
298;432;CARTIER INT FASHION
690;824;CARTIER JEWELLERY
687;821;CARTIER PARFUME
688;822;CARTIER WATCHES
306;439;CASIO WATCH
5788;6843;CAVALLI CLASS
5567;6684;CEDC
670;804;CELLCOSMET& CELLMEN
874;1005;CENTROPEL
1000;1119;CHAMPAGNE LAUREN PERRIER
665;799;CHANEL 
1071;1190;CHARRIOL WATCHES JEW
454;588;CHASPROMTORG ZAO
979;1098;CHATEAU DE COGNAC SA
191;325;CHATEAU LE GRAND VOSTOCK
5568;6685;CHOBI
666;800;CHRISTIAN DIOR 
669;803;CHRISTIAN DIOR WATCHES
771;904;CHRONOLUX SA-CHOPARD
907;1038;CHURCHILLS
875;1006;CIRCUS
616;750;CLARINS
362;495;COCA COLA REFRESHMEN
5435;6653;COCCINELLE
793;926;COCOROSE
1034;1153;COEUR DE LION
1130;1249;COFFEE BREND DISTRIBUTION
981;1100;COGNAC FRAPIN
848;979;CONNECT INT LTD
1055;1174;CORDIS MEDIA
936;1055;CORPORATE AGENCIES LIMITED,CORP
694;828;COSMOPOLITAN COSMETI
671;805;COTY
1125;1244;CROCUS
423;556;CURAPROX
1069;1188;C.V.B.G. DOURTHE KRESM
587;721;DARROW GROUP LTD
586;720;DARROW GROUP SUNGL
1077;1196;DARROZE BAS ARMAGNAC
977;1096;DAVID CAMPARI
1025;1144;DE RIGO
986;1105;DEBRISE DULAC
401;534;DECOLLO OOO
528;662;delete  ARI
561;695;delete AGATHA RUIZ DE LA PRADA Puig
568;702;delete ALFRED DUNHILL P&G
302;435;delete ALMAZJEWELIR EXPORT
703;837;delete ANTICA MURRINA SKY
637;771;delete ARAMIS Estee Lauder
358;491;delete ARCOROS
1006;1125;delete A.R.I.
542;676;delete ARI-SHANNON EURO
816;949;delete AS-MARKET
579;713;delete BALDESSARINI P&G
592;726;delete BIOTHERM PBI
594;728;delete BOUCHERON PBI
5627;6712;delete BPI
705;839;delete BREADWINNERS
708;841;delete BURBERRYS
597;731;delete CACHAREL PBI
629;763;delete CALVIN KLEIN Coty
560;694;delete CAROLINA HERRERA Puig
1073;1192;delete CARTA MOUSSE
712;845;delete CENTAUR TRAVEL RETAI
711;844;delete CHAMBORD
727;860;delete C.I.T.A.
617;751;delete Clarins AZZARO
615;749;delete Clarins EXPORT DIVISION
5617;6703;delete CLARINS GROUP
614;748;delete Clarins PORSCHE DESIGN
613;747;delete Clarins SWAROVSKI
618;752;delete Clarins THEIRRY MUGLER
630;764;delete CLINIQUE Estee Lauder
1068;1187;delete COEUR D'OCRES
1074;1193;delete CORTA FASHION HOUSE
5626;6711;delete COTY
710;843;delete CRABTREE & EVELYN
588;722;delete DARROW FASHION
607;741;delete DIESEL PBI
572;706;delete DOLCE & GABBANA
570;704;delete DOLCE & GABBANA P&G
633;767;delete DONNA KARAN Estee Lauder
539;673;delete DUTY FREE
541;675;delete DUTY FREE - SHANNON
591;725;delete ELIE SAAB BPI
303;436;delete EMBORG USD
1079;1198;delete EREVAN TSHIRT FASHION
573;707;delete ESCADA P&G
5616;6702;delete ESTEE LAUDER GROUP
5625;6710;delete EUROITALIA
869;1000;delete FASHION FLO LTD
654;788;delete FENDI 
715;848;delete FIDIA GIOIELLI S.P.A
599;733;delete GIORGIO ARMANI PBI
658;792;delete GIVENCHY FASHION
580;714;delete GUCCI P&G
602;736;delete GUY LAROCHE PBI
608;742;delete HELENA RUBINSTEIN PBI
575;709;delete HUGO BOSS P&G
718;851;delete IBB UK
1088;1207;delete ISIDE & INTERMODA
581;715;delete ISSEY MIYAKE BPI
582;716;delete JEAN PAUL GAULTIER BPI
641;775;delete JOHN RICHMOND Euroitalia
720;853;delete KARL LAGERFELD
545;679;delete KENZO 
595;729;delete KIEHL'S PBI
721;854;delete KOALA WINES
578;712;delete LACOSTE P&G
619;753;delete LANCASTER Coty
724;857;delete LIBERTY
725;858;delete LIR CHOCS MARY WHITE
552;686;delete L'OREAL LUX PBI
550;684;delete L'OREAL PBI
551;685;delete L'OREAL PBI SKY
304;437;delete LUKAS
722;855;delete LULU GUINNESS SKY
5624;6709;delete LVMH
596;730;delete MAISON MARTIN MARGIELA PBI
886;1017;delete MANBOW FINANCE
622;756;delete MARC JACOBS Coty
635;769;delete MICHAEL KORS Estee Lauder
636;770;delete MISSONI Estee Lauder
555;689;delete MONT BLANC INT BV
554;688;delete MONT BLANC P&G 
728;861;delete MORGAN & OATES
643;777;delete MOSCHINO Euroitalia
590;724;delete NARCISCO RODRIGUEZ BPI
565;699;delete NINA RICCI Puig
729;862;delete NORIKO IRELAND LTD
723;856;delete NUOVA MOKAS SRL
5622;6707;delete OAPLI (PBI)
627;761;delete OPI Coty
563;697;delete PACO RABANNE Puig
600;734;delete PALOMA PICASSO PBI
691;825;delete PASCO GMBH
564;698;delete PRADA Puig
5621;6706;delete PROCTOR & GAMBLE 
5623;6708;delete PUIG
598;732;delete RALPH LAUREN PBI
733;866;delete REAKAM INC
699;833;delete RENE CUSACK LTD
1117;1236;delete ROTEX S.R.L
702;836;delete ROUGIE
704;838;delete SEA & SKY SUPPLY
716;849;delete SOLVAR
558;692;delete ST.DUPONT INTERPARFUME
610;744;delete STELLA MC CARTNEY PBI
593;727;delete SWAROVSKI DP
834;967;delete SWAROVSKI JEWELLERY
731;864;delete TARGUS EUROPE LTD
726;859;delete TASHIA
632;766;delete TOMMY HILFIGER Estee Lauder
730;863;delete TOMS CONFECTIONERY
567;701;delete VALENTINO Puig
931;1050;delete VALORA TRADE DENMARK
700;834;delete VAN DYCK BELGIAN CHOC
651;785;delete VERSACE Euroitalia
603;737;delete VIKTOR & ROLF PBI
707;840;delete WALKERS SHORTBREAD
639;773;delete WATERFORD GLASS LTD
611;745;delete YVES SAINT LAURENT PBI
612;746;delete ZEGNA Estee Lauder
490;624;delete бхрю-б гюн
222;356;delete псядек рд
5838;6877;delete ьпеъйнп ннн НЬХАНВМН ЯНГДЮМ
877;1008;DELSEY
455;589;DEMOS-APS AOOT
1075;1194;DENVIEW U.E.
864;995;DESIGN GO
1013;1132;DIAGEO (UDV+BAILEYS)
668;802;DIOR JEW
832;965;DISPLAY DESIGN COMPANY
985;1104;DISTILLERIA BOTTEGA
634;768;DKNY WATCHES SKY
775;908;DMD GOLD COLLECTION
361;494;DMITROV-ALKO OOO
355;488;DNK OOO
571;705;DOLCE & GABBANA WATC
601;735;DOMAINE LAROCHE
987;1106;DRAMBUIE LIQUER CO
876;1007;DRIMLEKS
744;877;DUBEY & SCHALDENBRAN
5428;6646;DUC D'OR
808;941;DURACELL BATTERIES N
540;674;DUTY FREE SERVICES
400;533;DYRIA FURS
681;815;E.ARDEN BRITNEY SPEARS
860;991;EASTPAK
811;944;ECTACO
746;879;EDOX
1039;1158;EDRINGTON
942;1061;EL PACO
402;535;ELDORADO-M
429;562;ELECTROCOMPROECT
881;1012;ELIT
679;813;ELIZABETH ARDEN
680;814;ELIZABETH ARDEN SKY
810;943;ERGODATA
574;708;ESCADA WATCH
365;498;ESPERANTO VIN ннн
878;1009;ESSE
640;774;ESTEE LAUDER
653;787;ESTER BIJOUX
652;786;ESTER PERFUME
297;431;ESTERK
319;452;ETUD UNION OF ARTIST
796;929;EUGEN SCHOFER GMBH
672;806;EUROITALIA
962;1081;FABER CASTELL
366;499;FANAGORIYA
5430;6648;FAZER BRANDS INTERNATIONAL
657;791;FENDI
655;789;FENDI SILK SA
1081;1200;FERRAGAMO PARFUMS
908;1039;FERRERO TRADING LUX
879;1010;FINESSE UK LTD
959;1078;FINLANDIA VODKA
958;1077;FINLANDIA VODKA - BF
773;906;FIORELLA GIOELLI
751;884;FOLLI-FOLLIE WATCHES
748;881;FOSSIL
988;1107;FOSTERS
367;500;F.PARTNERS ннн
882;1013;FRANCESCO SMALTO
1080;1199;FRANCIS SELECTION
1059;1178;FRANK MULLER WATCHES
747;880;FREDERIQUE CONSTANT
1082;1201;FRICZ
883;1014;FURLA
333;466;GALEREYA BLAGOLEPIYA
458;592;GELEO OOO
884;1015;GENERLUX TRADING SA
1078;1197;GIORGIO BEVERLY HILLS
307;440;GK GROSS OOO
991;1110;GLENMORANGE
951;1070;GLOBAL PROMOTIONAL S
527;661;GLOBAL PROMOTIONAL SERVICES
1026;1145;GMC GROUP
909;1040;GODIVA S.A. BELGIUM
1027;1146;GOLD SILK
334;467;GOLDEN GRAIL LTD
955;1074;GOLDEN SPIRIT SA
911;1042;GOLDKENN
778;911;GOLDMAJOR LTD
1085;1204;GONZALEZ BYASS
781;914;GOURJI
812;945;GRADIENT
1001;1120;GRAND CRU MAGNUM
5376;4782;Greatwell investments Ltd
1144;1263;GREENFIELD
1084;1203;GREITER INTL AG
779;912;GROSSE JEW SKY
780;913;GROSSE UK LTD
660;794;GROUP
1083;1202;GS INTERNATIONAL
673;807;GUERLAIN
719;852;GUESS - IBB B.V.
910;1041;GUYLIAN NV/SA
783;916;HAMMER+SOHNE
1028;1147;HANSE DISTRIBUTION GMBH
839;970;HARDY
717;850;HARRISON MUSIC
849;980;HASBRO HUNGARY LTD
782;915;HASLACH GMBH
1087;1206;HENDRIX ENTERPRISE
980;1099;HENNESSY COGNAC
949;1068;HENRY WINTERMAN SIGA
992;1111;HERMANN JOERSS
677;811;HERMES FASHION
676;810;HERMES PARFUMS
675;809;HERMES SKY
678;812;HERMES WATCHES
459;593;HERMITAGE SKY
5371;4777;HIBWAY LTD
1146;1265;HIBWAY LTD. T/A SAFFON SUPPLY SERVICES
1098;1217;HIGHLAND DISTILLERS
1094;1213;HLADOKOMBINAT N2
576;710;HUGO BOSS FASHION SK
577;711;HUGO BOSS WATCHES
990;1109;IAN MACLEOD DISTILLERS LTD
1031;1150;ICE WATCH
386;519;ICS
889;1020;IFD LIMITED
1090;1209;IMAFOT TECHSOJUZ EURO
1030;1149;IMMAGINE (VERSACE)
939;1058;IMPERIAL TOBACCO
934;1053;INFIFON B.V.
1089;1208;INFOFUR LTD
5570;6687;INTER PERFUME
868;999;INTERBOOK BUSINESS
457;591;INTERPRODUCT ZAO
887;1018;IRAKLIS KALLISTHENIS
830;963;IRISH CREATIVE STAMPING
829;962;IRISH DRESDEN
320;453;IRISHBAR
888;1019;ISA SPA
956;1075;ISF INTERNATIONAL SPIRITUS FORUM GMBH
347;480;ITALCOM
1029;1148;ITF COSMETIC
943;1062;ITIL (Reemtsma)
532;666;JACOB & CO. WATCHES INC.
1093;1212;JACOB JENSEN
912;1043;JACOBS SUCHARD DM AC
861;992;JACQUES FAREL
749;882;JACQUES LEMAN WATCHES
5778;6835;JAGERMEISTER
890;1021;JANEKE
993;1112;JANNEAU
938;1057;JAPAN TOBACCO INT CO
583;717;JEAN MARCEL DARROW GR
1091;1210;JEUNE TRADE
606;740;JFM HELLO KITTY
605;739;JFM PREMIUM PRODUCTS SARL
1092;1211;JM MANUFACTURING
642;776;JOHN VARVATOS
537;671;JSL SPEDITION GMBH
5372;4778;JSL TRADING
536;670;JSL TRAIDING AG
389;522;JTI ZAO 
647;781;JUDITH LEIBER
646;780;JUILETTE HAS A GUN
913;1044;JULES DESTROOPER
5719;6779;KAGANSKI & Co GMBH
996;1115;KAGANSKI&CO.GMBH
1032;1151;KALOO AND COROLLE
369;502;KASKAD ннн
891;1022;KASMET SHASTYE
784;917;KAVALLARIS A LTD
994;1113;KAZUMIAN BELGIUM BVB
453;587;KC FUDS
850;981;KEEL TOYS
546;680;KENZO FASHION
543;677;KENZO JEW
548;682;KENZO SILVER
544;678;KENZO SKY
549;683;KENZO WATCHES
1133;1252;KIMMI
648;782;KINSKI
862;993;KIPLING EUROPE DIVISION
813;946;K&K
370;503;KOLOS CORPORATION N.R.G ннн 
427;560;KONDI-2000 OOO
324;457;KONIC OOO
1095;1214;KONSTANTINOPOL FUR
345;478;KONSTANTINOPOLSKAYA
356;489;KORONA OOO
926;1045;KRAFT JAKOBS SUCHARD
957;1076;KYNDAL SPIRITS LTD
984;1103;L CONNAUGHTON & SON
787;920;LA MARQUISE
998;1117;LA POUYADE
685;819;LA PRAIRIE GROUP AG
893;1024;LA SETA MANTERO
765;898;LADOGA JSL
1096;1215;LALIQUE
838;969;LAMY-ALD INT
620;754;LANCASTER
894;1025;LANCEL
840;971;LANVIN EURO
841;972;LANVIN SUNGLASSES
5557;6674;LAVIANA ART LIMITED
851;982;LEGO OVERSEAS A/S
854;985;LEIXLIP
468;602;LEKERY OOO
1134;1253;LES CONTES SAS
895;1026;LES COPAINS (BVM)
372;505;LEXIM ннн
941;1060;LF CONSALTING LTD
1033;1152;LIFETRONS
964;1083;LIMOGES CASTEL
928;1047;LINDT
336;469;LINIYA
831;964;LLADRO
682;816;L'OCCITANE
683;817;LOEWE PERFUMES
649;783;LOLITA LEMPICKA
785;918;LONDON PEARL COMPANY
892;1023;LONGCHAMP
750;883;LONGINES
999;1118;LOUIS ROEDERER S.A.
803;936;LUBTORGSERVICE
371;504;LUDING
1097;1216;LUTCH FACTORY
709;842;LUXOTTICA UK IRL
659;793;LVMH
1100;1219;MACGRAV LTD
5792;6847;MAFRAT SPA
475;609;MAGARACH 000
1076;1195;MAGERIT DARROW EURO
326;459;MAGESTIC IMPEKS OOO
898;1029;MAGIC TEXTILE
463;597;MAGISTR BIBENDI OOO
752;885;MAJORICA PSTA SKY
753;886;MAJORICA S.A.
435;568;MAMIX
896;1027;MANAKAS
650;784;MANCERA
625;759;MARC ROZIER
624;758;MARCHON
626;760;MARCO FANTINI
621;755;MARCO POLO
623;757;MARCOLIN
814;947;MARKET CONNECTION EURO
1004;1123;MARNE & CHAMPAGNE DIFFUSION
929;1048;MARS HOLLAND
461;595;MARTHEL ZAO
976;1095;MARTINI-BACARDI
961;1080;MASTER DISTRIBUTERS
799;932;MASTER SERVICE COMPANY(ALCOM)
852;983;MATTEL EUROPA
843;974;MAUI JIM
1140;1259;MAV
1099;1218;MAXIMS'S DE PARIS
1035;1154;MCG CONSULTANTS
5373;4779;MD GOURMEX LTD
1007;1126;MD GURMEX LLP
818;951;MDB TE GROUP
373;506;MEDVED
5558;6675;MEIRA T
842;973;MEISER CONSULTANCY
897;1028;MEPI
853;984;MERAKETECH
1101;1220;MERCURY DISTRIBUTION
464;598;MERKURIY OOO
982;1101;MEUKOW FELINE COGNAC
777;910;M.FRAY SKY
776;909;M.FREY WILLE
1143;1262;MGI LUXURY GROUP S.A.
798;931;MHCS-SERVICE CLIENT&OPERATIONS LOGISTQUES
462;596;MILLENIUM-2000
754;887;MILUS WEINER WATCH GROUP
1103;1222;MINOLTA
1053;1172;MIOTIS
755;888;MISAKI VT LTD SKY
312;445;MOBILE ENERGY
313;446;MOBIL-KONSTANT OOO
1005;1124;MOET & CHANDON
5569;6686;MONNALISA
1008;1127;MONO
556;690;MONT BLANC SKY FASH
553;687;MONTBLANC SIMPLO GMBH
1102;1221;MONTEGRAPPA
1038;1157;MORELLATO
1003;1122;MORRISON SCOTCH
308;441;MS HOLDING AMBER
997;1116;NANSECK KRAUS & CO
1107;1226;NAOMI FURS
375;508;NAT ннн
377;510;NATALIE
374;507;NATURAL PRODUCTS ZAO
1157;4420;NAVI
1009;1128;NEFT VODKA DISTRIBUTION LLC
322;455;NEMIROFF COMPANY
930;1049;NESTLE WORLD TRADE
380;513;NIAGARA FOODS
1106;1225;NICKNAME
1040;1159;NICLAS AG
1105;1224;NIKAND LTD
337;470;NIKE LLC (RUS)
788;921;NOUVELLE BAGUE
396;529;NOVAYA ZARYA
1104;1223;NOYAC INTERNATIONAL
566;700;N.RICCI SKY
533;667;NUANCE
845;976;OAKLEY
609;743;OAPLI
937;1056;OETTINGER DAVIDOFF AG
684;818;OLD PARFUME
763;896;OMEGA WATCHES
1109;1228;O'NEILLS AND CO
321;454;ORCHID COMPANY
789;922;ORO VITCHENZA
1108;1227;OSTWIND GROUP
5563;6690;OVERSEAS
5579;6680;OVERSEAS
757;890;OXYGEN SKY
902;1033;PAL ZILERI
316;449;PANASONIC ATOLL INV
314;447;PANASONIC C/S
315;448;PANASONIC MARKETING CIS OY
1137;1256;PARKER
820;953;PAT SAYS NOW
1115;1234;PATONS MACADAMIA PLAN
833;966;PATRON SPIRIT COMPANY
904;1035;PAUL & SHARK
1116;1235;PERNOD RICARD EUROPE
5414;6632;PHILIP MORRIS
819;952;PHILIPS DAP DIVISION
790;923;PIA PRETOR
791;924;PIANEGONDA
1112;1231;PIERRE CLARENCE
5566;6683;Piquadro
901;1032;P.KOASTAS & CIE EVEE
759;892;POLICE TIME WATCHES
758;891;POLYOT WATCHES
899;1030;PORTOLANO
900;1031;PORTOLANO GUANTI
338;471;PORTSELAN
1111;1230;PRAGEANSTAIT OSWALD
379;512;PREMIER DRINK
855;986;PREMIER PORTFOLIO EURO
1110;1229;PRESS POINT INT
1002;1121;PRICILLA CHAN
686;820;PROCTOR & GAMBLE
378;511;PROGRESS+
1041;1160;PT SWITZELAND
662;796;PUCCI
692;826;PUIG
760;893;RADO WATCHES
1135;1254;RANCE
1118;1237;RANET CENTRE
880;1011;RATTI
756;889;RAYMOND WEIL WATCHES
1011;1130;REMY DENVIEW
1010;1129;REMY MARTIN
1151;1270;RICHEMONT INTERNATIONAL SA
1120;1239;R.J.REYNOLDS
1043;1162;ROAMER
885;1016;ROBERTA DI CAMERINO
5559;6676;ROBERTO BRAVO
1113;1232;ROCHAS PARFUME
339;472;ROLNIK PUBLISHERS
408;541;ROM-TECH ELECTRONICS
794;927;RONSON INTL LTD
792;925;ROSA ROSE GOLD
1042;1161;ROTARY OVERSEAS LTD
381;514;ROTOR HOUSE
856;987;RUSS BERRIE UK LTD
407;540;RUSSIAN COURTYARD
393;526;RUSSIAN DOLLS
350;483;RUSSIAN OSETR
395;528;RUSSIAN SOUVENIRS
357;490;RUSSIAN SPIRIT GROUP
5565;6682;RUSSIAN STANDART
406;539;RUSSIKOM
804;937;RUSS-SERVICE
1119;1238;RUSSU G.A.
403;536;RYBINSKAYA N/P
844;975;SAFILO
1045;1164;SAG TRADING LLC
870;1001;SAMSONITE EUROPE
411;544;SAMSUNG ELECTRONICS
940;1059;SCANDINAVIAN TOBACCO
857;988;SCHABAK
1136;1255;SCHLEICH
695;829;SCORPIO PARFUME
696;830;SCORPIO TRAVEL RETAIL
1122;1241;SEAGRAMS UK LTD EURO
1121;1240;SECTOR IRELAND SKY
1123;1242;SECTOR SPORT WATCHES
1047;1166;SEIKO
667;801;SELDICO DIOR
656;790;SELDICO FENDI
1129;1248;SELDICO GROUP
674;808;SELDICO GUERLAIN
547;681;SELDICO KENZO
341;474;SENSUS
1124;1243;SEVERIN MONTRE
472;606;SHANTERI OOO
471;605;SHARK-2000
795;928;SHEAFFER
693;827;SHISEIDO
438;571;SHUAR OOO
661;795;SIBER HEGNER GIVENCHY
846;977;SILHOUETTE INT
5564;6681;SINERGIA (GREAT WELL)
697;831;SISLEY
1048;1167;SKAGEN
437;570;SLIMSITY OOO
1012;1131;SNIPE BRANDS
745;878;SOCRAFI SERVICES SA
469;603;SOI-2
762;895;SOLATREX CITIZEN
824;957;SONY FINLAND
823;956;SONYA RYKIEL
821;954;SOUNDLINE
410;543;SPARK-K OOO
409;542;SPARTAK OOO
954;1073;SPI SPIRITS CYPRUS
382;515;SPLVZ OOO
412;545;STAB-M
867;998;STAR CASE
557;691;ST.DUPONT
1044;1163;STEAMCREAM
317;450;STEP GROUP OOO
1046;1165;STIEPAN DRUCT
1127;1246;STILTEK
473;607;STOLWERCK FAIN CHOCO
933;1052;STORCK INTERNATIONAL
559;693;SUPPLIERS OLD
1086;1205;SUROS SMALL ENTERPRISE
1147;1266;SWAROVSKI INTERNATIONAL DISTRIBUTION AG
761;894;SWATCH GROUP UK
932;1051;SWEET TALK CONFECTION
946;1065;SWISHER INT LTD ARI
764;897;SWISS MILITARY - HANOWA
698;832;SWISS SMILE
354;487;SWK
767;900;TAG WATCHES
390;523;TALIKA
786;919;TAMBER
392;525;TBN TIME
1057;1176;T&D
349;482;TD RASKAT
5412;6628;TDK (ORO GOLD)
768;901;TECHNOMARINE
822;955;TECHSOYUZ SONY/KONICA
903;1034;TEXIER
5892;6918;TE33333     TESTERS
664;798;THE ART OF SHAVING
5560;6677;T.HILFIGER WATCH
983;1102;THOMAS HINE COGNAC
847;978;TIGER ELECTRONICS USD
1142;1261;TIME & MORE
865;996;TIME DESIGN
1049;1168;TIME&MORE E.K
1036;1155;TINTAMAR
766;899;TISSOT
346;479;TMXF GR
817;950;TOBACCO MARKETING MU
638;772;TOM FORD BEAUTY
797;930;TOMAS SABO SILVER
391;524;TOSCOW
1131;1250;TOYDICO
451;585;TP BIRNS
927;1046;TRAFALGAR FOODS LTD
713;846;TRAVEL RETAIL INN
714;847;TRAVELTELECOM
1050;1169;TRI
800;933;TRIANON-SERVICE
327;460;TROIKA
906;1037;TSANIKIDIS NIDDASTRASSE
353;486;T&T CO
376;509;TUBORG INTERNATIONAL
732;865;TUMI
413;546;TVT TRUST REG
1014;1133;UNDERBERG
1024;1143;UNISET
825;958;UNIT
826;959;UNITED TRADE COMPANY
774;907;UNOAERRE
414;547;URSUS VODKA
478;612;URVEST OOO
858;989;U.TOYS
344;477;UVELCOM OOO
479;613;VAGR OOO
1114;1233;VAN CLEEFS & ARPELS
299;433;VAN GILS
1016;1135;VASCO INT SARL
419;552;VASKO RBL
585;719;V.D BAUWEDE
343;476;VEL OOO
871;1002;VERBILKI PORCELAIN WORKS
5561;6678;VERSACE ESCALE HOLDING
5562;6679;VERSUS
872;1003;VESTA TRADE
1015;1134;VEUVE CLIQUOT PONSARDIN
604;738;VICTORINOX
805;938;VIDEOSERVICE
1126;1245;VILLIGER SOHNE
383;516;VINEXIM OOO
384;517;VISTTORG ннн
480;614;VK OOO
1056;1175;VOICE IT
973;1092;WALDEMAR BEHN (BELVEDERE)
1138;1257;WATERMAN
952;1071;WBDF_JAMESON
950;1069;WEITNAUER
5578;6689;WEITNAUER DISTR.
873;1004;WELCOME
531;665;WELLVELROCK
535;669;WESTA GMBH
989;1108;W.GRANT & SONS
385;518;WHITE HALL CENTER
5043;6780;WHITEFIELD INVEST LTD
5720;5111;WHITEFIELD INVEST LTD
1017;1136;WHTEHOUSE LEISURE LLP
995;1114;WHYTE & MACKAY
1018;1137;WILLIAM LUSTY LTD
859;990;WODYSCOVERY OU
5431;6649;WOLFORD
948;1067;WORLD OF NEW RUSSIAN
947;1066;WORLDBEST CIGARS
815;948;WRIGHT MARKET CONN JEW
1051;1170;WWF
5375;4781;YEREVAN BRANDY COMPANY
1052;1171;ZEADES WATCHES SKY
589;723;ZENITH WATCHES
387;520;юбюкнм рпеид
212;346;юбюкэ-н ннн
416;549;юбцсяр цпсоою ннн
505;639;юбрнцпют ннн
125;46;юцюлю рпщид ннн
5664;6732;юцпхйнкэ ннн
189;323;юцпня щйн ннн
234;368;юдхдюя ннн
214;348;юкет йнте х вюи ннн
178;98;юкет рпеид ннн
259;393;юкхяю лрй гюн
141;61;юккхцюрнп ннн
6126;7065;юКЭДГЕМЮ-жЕМРП ннн
164;84;юкэ-рпеид ннн
6060;7019;юкэтю ннн
415;548;юлюдеся
132;52;юлюррх жемрп ннн
5610;6696;юмрюпея
241;375;юопекэ ннн
5468;6656;юпхюк юн
159;79;юпхпюл гюн
166;86;юпнмю ннн
143;63;юпокюяр-р гюн
5284;5519;юпр - опелэеп ннн 
6127;7066;юПР юКЭЪМЯ ккя
329;6714;юпр юкэъмя рпеидхмц ннн
5630;462;юпр юкэъмя рпеидхмц ннн
180;314;юпр юкэъмя щйн
1161;4813;юпрхйск 1я
447;581;юпуюмц ннн
1156;3344;юях ннн
210;344;юя-люпйер ннн
283;417;юяоейр ннн
128;49;юяр-хмрепмщьмк хмбющпнлщмр ннн
209;343;юярпюир гюн
195;329;ютхью хмдюярпхг
227;361;ющпн-апхдф ннн
286;420;ющпн-апхдф рпеидхмц ннн
237;371;ющпн-апхдф чмхнм ннн
190;324;юъйя-опеяя ннн
311;444;аюаюебяйне (рнпцяепбхя XXI)
450;584;аюгю-4 гюн
260;394;аюкрхйнл ннн
506;640;аецелнр пслъмжебн ннн
247;381;аекне гнкнрн гюн
171;91;ахаемдсл ннн
253;387;ахахйнл ннн
138;58;ахц рпеид ннн
235;369;ахгмея кнцхярхйю ннн
514;648;ахй ннн
133;53;айопнейр ннн
261;395;анмю ннн
165;85;апюгхя кнцхярхй ннн
174;94;апох (SUP017) гюн
152;72;апох (SUP101) гюн
509;643;ар аеметхр ннн
523;657;бюкемяхъ щйяопеяя ннн
495;629;бюьепнм рю ннн
264;398;бедй ннн
443;576;бекйнл
266;400;бхйрнпхъ ннн
126;47;бхкнм рой ннн
122;43;бнярнй-гюоюд ннн
524;658;бняэлюъ хлоепхъ ннн
193;327;бпелемю цндю ннн
481;615;бу хлонпр йюлоюмх
439;572;бшанп ннн
290;424;цеаю гюн
151;71;цепюкэр ннн
184;318;цхлпю ннн
498;632;цй дюилнмд ннн
5401;6617;цнпнд ондюпйнб ннн
6128;7067;цПЮМЮРНБШИ аПЮЯКЕР ннн
501;635;цпюмд ахфс ннн
194;328;цпюмд-яхрх ннн
282;416;цпюрбеяр ннн
274;408;цпюр-беяр рй ннн
154;74;дфсях йнлоюмх ннн
228;362;дх дфх рпеидхмц ннн
272;406;дхкюм+ ннн
211;345;дхяйнл ннн
119;40;днлндеднбн ющпнрщкэ гюн
173;93;днлндеднбн щп яепбхя гюн
456;590;до-рпеид
485;619;дпебн фхгмх ннн
157;77;дшлнбяйне йнкаюямне опнхгбндярбн ннн
186;320;ебпOяепбхя ннн
364;497;ебпюгхъ ннн
258;392;ебпнйюпрю ннн
6053;7015;еБПНрНПЦ ннн
256;390;едхмюъ ебпною - ункдхмц нюн
236;370;епебюмяйхи йнмэъвмши гюбнд гюн
5370;4776;"гюн ""юпхюк"""
5369;4775;"гюн ""ющпнтепяр"""
491;625;"гюн ""ющпнт╗пяр"""
5400;6616;гюн кюйьепх цпсоо 
482;616;гекемнцпюд ннн
6129;7068;гЕМХР-к ннн
6071;7026;гнкнрни йнлоюя
219;353;хдеъ хйя ннн
734;867;хгкхьйх
5047;5279;хйпю.пс тсдяепбхя ннн
287;421;хлоепхюк ннн
6058;7017;хмрюкхг юн (нПХЕМРЮКз щЙЯОПЕЯЯ)
5823;6868;хмрюкхг юн (оХЙБЮДПН пСЯЯ)
515;649;хмрек ляй ннн
114;36;хмрекрпеид TK ннн
281;415;хмрепкчйя ннн
135;55;хо аюпюмнб я.б.
263;397;хо аюжсебю
6130;7069;хо дНАПЪМЯЙЮЪ ъ.б.
6131;7070;хо гЕМЪМ л.б
487;621;хо хкэхмю м.б.
6132;7071;хо йПЮЯЮБХМ ю.ю.
6133;7072;хо кХМНБХВ е.я.
5283;5518;хо яюлндспнбяйхи
6134;7073;хо яНЯМНБЯЙХИ я.ч.
496;630;хо ярпнвйнб х.т.
150;70;хо рспахмю н.б.
516;650;хо жшаю бхрюкхи юкейяюмдпнбхв
6135;7074;йЮДН-оЕРПНБЙЮ ннн
428;561;йюгслъм
232;366;йюлвюдюк гюн
238;372;йюяйюд кнцхярхй ннн
249;383;йа яепбхя ннн
229;363;йбюррпн ннн
155;75;йбнкхрх ннн
160;80;йеий люпйер ннн
142;62;йнйю-йнкю щиахях ебпюгхъ ннн
257;391;йнкхгеи ннн
168;88;йнлоюмхъ юбцсяр ннн
145;65;йнлоюмхъ юккхцюрнп ннн
121;42;йнлоюмхъ цпхмтхкдя ннн
175;95;йнлокейя аюп ннн
294;428;йнмхй ннн
701;835;йнмяхцмюжхъ
417;550;йнмярюмрхмнонкэяйюъ хо
205;339;йнмрюйр рпеидхмц ннн
197;331;йнмтющкэ ннн
503;637;йнмжеор-аюп ннн
398;531;йпюямши нйръапэ
225;359;йпхярюкк-беяр ннн
163;83;йпсрнм ннн
146;66;йсумъ ╧1 ннн
276;410;йщмдхкюим ннн
488;622;к дхярпхаэчьем нюн
246;380;кю оекке теьм ннн
5282;5516;кюйьепх бнпкд опндюйьм ннн
507;641;кюлюпрхя ннн
5285;5520;кюмфепх ннн
504;638;кейнмр ннн
460;594;келю-йнп ннн
422;555;кхмхъ вхмйсе ннн
170;90;кхмм цпюмд ннн
129;50;кнрня-кемд  ннн
120;41;кта ннн
215;349;кчйя ярюпг ннн
224;358;люкерю ннн
508;642;люпйю хж тцсо
124;45;люпп псяяхъ ннн
273;407;люпсяъ аебепедфхя пся ннн
431;564;лдй ннн
430;563;ледеъ
434;567;лепхдхюм рпеидхмц
432;565;лерпн
295;429;лхкюп ннн
512;646;лхмхсл ннн
1165;4881;лхп хцпсьей ннн
217;351;лхп тщмрегх ннн
525;659;лхпюмх ннн
149;69;лнахкемд-люпйер ннн
245;379;лндю опелхсл ннн
1155;3340;лнкейскю ннн
325;458;лъцйхи лхп ннн
436;569;мюанпш оюптчлепхх х йнялерхйх
6136;7075;мюдефдю ннн
5934;6947;мЮГЮД Й ХЯРНЙЮЛ ннн
218;352;мюий ннн
305;438;мюякедхе OOO
404;537;мюь днл
5436;6654;мЕЮЙРХБМШЕ ОНЯРЮБЫХЙХ
265;399;мебяйхи аепец ннн
5802;6851;мЕБЯЙНЕ ДЕКН ннн
494;628;мейяхр кнцхярхй ннн
271;405;мхй-й ннн
5887;6913;мнбше реумнкнцхх ннн
202;336;мэч-норхйю ннн
5420;6638;"нюн ""бнкцнпевемяйпшаунг"""
252;386;наяхдхюмр ннн
489;623;назедхмеммше йюмдхрепш ннн
127;48;ндхмжнбяйюъ йнмд. т-йю ннн
201;335;нйеюм+ рй ннн
185;319;нйеюм рй ннн
207;341;нккбхм ннн
172;92;нклюйя пейкюлмюъ цпсоою ннн
6075;7030;"ннн ""юПРяОНР"""
5670;6746;"ннн ""бхйрнпхъ""(кюмфепх)яй"
363;496;"ннн ""цй йпхярюкк-кетнпрнбн"""
520;654;ннн цнярхмши дбнп
6036;7010;"ннн ""декхйюрея рпеид"""
292;426;норхлю аэчрх ннн
526;660;норхлю окчя ннн
275;409;норхлюрнпц ннн
499;633;нпхемрюкз щйяопеяя гюн
144;64;нпхнм цпсоо ннн
360;493;няр-юкйн
148;68;нрпюдмне йг нюн
140;60;оюмщл ннн
5776;6829;оюптчл оюкюя
254;388;оюптчл опеярхф ннн
5424;6642;оюптчл ункдхмц
116;37;оеояхйн ункдхмця ннн
243;377;оепхден пся ннн
466;600;охбмни днл
296;430;охйбюдпн пся ннн
5413;6631;онцюпяйюъ яхцюпермн-яхцюпмюъ тюапхйю
441;574;ондюпнвмши рейярхкэ
405;538;ондлняйнбэе OAO
522;656;онйпнбяйхи опъмхй ннн
230;364;онкъмю рд ннн
200;334;онпнц хд ннн
188;322;опелхсл-тсдя ннн
268;402;опелэеп аэчрх кюим ннн
285;419;опхръфемхе ннн
519;653;опнбюмя ннн
196;330;опнд л ннн
262;396;опнейр 21 рд ннн
467;601;пюпхрер OOO
483;617;пюяйюр пбй ннн
223;357;пюяяйнл ннн
493;627;пейя рпеидхмц нюн
5902;6925;пхв ннн
267;401;пхьщя ннн
231;365;пняюкйн-мебю гюн
301;434;пняяхияйхе онярюбыхйх
187;321;псяюцпнрнпц ннн
182;316;псяяйюъ бхмн-бнднвмюъ йнлоюмхъ гюн
352;485;псяяйхи хйнпмши днл гюн
351;484;псяяйхи няерп - юдшцеъ ннн
183;317;псяр хмйнпонпщирщд гюн
242;376;яюйя хцпсьйх ннн
208;342;яюлянмюир ннн
233;367;яюмрнвю ннн
139;59;ябюл дхярпхаэчьм ннн
5731;6788;ябюпнбяйх ннн
123;44;ябй рд ннн
179;99;яебепмюъ йнлоюмхъ рд гюн
255;389;яеикя гюн
6137;7076;яЕПЕАПН ннн
206;340;яхрх рниг ннн
521;655;якюбю гюижеб кюйьепх ннн
134;54;ялюпр ннн
156;76;ямюаяепбхя ннн
136;56;ямя яепбхя ннн
203;337;янбеп-л гюн
335;468;янчг йнмжепм цпсо
470;604;яонпркюим OOO
239;373;яонпррнбюпш аняйн ннн
158;78;ярюмаеб ннн
278;412;ярюпр ннн
117;38;ярюпши люяреп-мб ннн
510;644;ярюрся-цпсоо ннн
192;326;яремкх+ рй ннн
280;414;ярхкэ ннн
226;360;ярхт ннн
518;652;ярнкхвмше онярюбйх ннн
220;354;ярнкхвмше якюднярх ннн
517;651;я-рпеид ннн
213;347;ясбемхпнтт.пс ннн
204;338;рюилбеи цпсоо ннн
492;626;рюил-дхярпхасжхъ ннн
905;1036;рюилкея кюйьепх опндюйря гюн
5803;6852;рЮИЛ-рПЕИД ннн
248;382;рюилрщй ннн
1152;1271;рюлнфмъ
5806;6855;рам рЮИЛ - ДХЯРПХАСЖХЪ ннн
5287;5522;рд жюпяйхи няерп ннн
445;578;рлут
221;355;рнидхйн ннн
198;332;рнйюкя ннн
497;631;рнмся ннн
199;333;рнпцнбкъ яй ннн
5697;6770;рнпцнбши днл псядек
477;611;рнпцяепбхя ууI бей ннн
342;475;рнвйю нонпш+
6138;7077;рой ъЬЛЮ нюн
284;418;рпеид ярюп ннн
476;610;рпщмд йнккщйьм ннн
6139;7078;ррт ннн
440;573;рспмн ннн
1160;4812;сдюкеммши нтхя
240;374;сдюпмхжю нюн
511;645;смхрпнм ннн
161;81;спемункэр ннн
169;89;тюяр тсд хмдюярпхг ннн
421;554;тхплю я-2 ннн
176;96;тнпхм кемд йнлоюмх ннн
137;57;тнплскю днярюбйх ннн
289;423;т.оюпрмепя ннн
147;67;тсд дхрпхаэчьем цпсоо ннн
279;413;уепою ямц ннн
167;87;унпейю рпеидяепбхя ннн
6140;7079;жЕТЕИ ннн
162;82;вхярне меан ннн
433;566;ьюпл ннн
502;636;ьепелерэебн опнжеяяхмц ннн
5286;5521;ьпеъйнп ннн 
244;378;щдлхмя ннн
216;350;щйгнрхйю ннн
250;384;щйяюкхрх ннн
425;558;щйяоняепбхя OOO
426;559;щйяонрпеид ннн
269;403;щйяопеяя ледхю люпйер ннн
500;634;щкейрпнммше мнбхмйх ннн
288;422;щкхр ащцг ннн
177;97;щкэднпюдн-л нюн
118;39;щланпц юн гюн
277;411;щмя ннн
5281;5514;щя.йеи.бюи+ ннн 
513;647;щяйэч яхця ннн
251;385;щяоепюмя  ннн
486;620;щярепй оюптчл ннн
270;404;чбекхп ннн
442;575;чбекхпрнпц ннн
153;73;чмхдфек ннн
291;425;чмхрния ляй ннн
318;451;чмхрния-MCK
368;501;чохреп ннн
293;427;ълюк ннн
444;577;ъмрюпмюъ цпнгдэ ннн
631;765;1DEL CREME DE LA MER
